2025-12-21 22:10:10 | WARNING  | rate_limiter | <module>:57 | Redis bağlantısı başarısız, in-memory kullanılacak: Timeout connecting to server
2025-12-21 22:10:10 | INFO     | rate_limiter | setup_rate_limiter:104 | Rate limiting middleware aktif ✅
2025-12-21 22:10:10 | INFO     | __main__ | lifespan:30 | ElektrAize API baslatiliyor...
2025-12-21 22:10:10 | INFO     | __main__ | lifespan:31 | ============================================================
2025-12-21 22:10:10 | INFO     | __main__ | lifespan:32 | Tum modeller yukleniyor...
2025-12-21 22:10:10 | INFO     | __main__ | lifespan:33 | ============================================================
2025-12-21 22:10:10 | INFO     | veri_cek | _initialize:402 | Supabase bağlantısı başarılı (SupabaseManager).
2025-12-21 22:10:12 | INFO     | veri_cek | fetch_tables:470 | genel_elektrik tablosu yüklendi -> (45, 2)
2025-12-21 22:10:14 | INFO     | veri_cek | fetch_tables:470 | weather tablosu yüklendi -> (2997, 8)
2025-12-21 22:10:15 | INFO     | veri_cek | fetch_tables:470 | nufus tablosu yüklendi -> (3645, 3)
2025-12-21 22:10:15 | INFO     | veri_cek | fetch_tables:470 | hizmet tablosu yüklendi -> (44, 6)
2025-12-21 22:10:16 | INFO     | veri_cek | fetch_tables:470 | train_2022_2023 tablosu yüklendi -> (1886, 19)
2025-12-21 22:10:17 | INFO     | veri_cek | fetch_tables:470 | test_2024_2025 tablosu yüklendi -> (1722, 19)
2025-12-21 22:10:17 | INFO     | veri_cek | build_train_test_frames:504 | Merge bitti -> Train: (1886, 31), Test: (1722, 31)
2025-12-21 22:10:17 | INFO     | veri_cek | add_weather_features:149 | 2 hava durumu kolonu bulundu: ['windspeed_10m_max', 'windgusts_10m_max']...
2025-12-21 22:10:18 | INFO     | veri_cek | add_population_features:190 | 1 nüfus kolonu bulundu: ['Nufus_Sayisi']...
2025-12-21 22:10:18 | INFO     | veri_cek | add_weather_features:149 | 2 hava durumu kolonu bulundu: ['windspeed_10m_max', 'windgusts_10m_max']...
2025-12-21 22:10:18 | INFO     | veri_cek | add_population_features:190 | 1 nüfus kolonu bulundu: ['Nufus_Sayisi']...
2025-12-21 22:10:19 | INFO     | veri_cek | fetch_tables:455 | Tablolar cache'den alındı.
2025-12-21 22:10:19 | INFO     | veri_cek | build_train_test_frames:504 | Merge bitti -> Train: (1886, 31), Test: (1722, 31)
2025-12-21 22:10:19 | INFO     | veri_cek | add_weather_features:149 | 2 hava durumu kolonu bulundu: ['windspeed_10m_max', 'windgusts_10m_max']...
2025-12-21 22:10:20 | INFO     | veri_cek | add_population_features:190 | 1 nüfus kolonu bulundu: ['Nufus_Sayisi']...
2025-12-21 22:10:20 | INFO     | veri_cek | add_weather_features:149 | 2 hava durumu kolonu bulundu: ['windspeed_10m_max', 'windgusts_10m_max']...
2025-12-21 22:10:20 | INFO     | veri_cek | add_population_features:190 | 1 nüfus kolonu bulundu: ['Nufus_Sayisi']...
2025-12-21 22:10:21 | INFO     | veri_cek | fetch_tables:455 | Tablolar cache'den alındı.
2025-12-21 22:10:21 | INFO     | veri_cek | build_train_test_frames:504 | Merge bitti -> Train: (1886, 31), Test: (1722, 31)
2025-12-21 22:10:21 | INFO     | veri_cek | add_weather_features:149 | 2 hava durumu kolonu bulundu: ['windspeed_10m_max', 'windgusts_10m_max']...
2025-12-21 22:10:21 | INFO     | veri_cek | add_population_features:190 | 1 nüfus kolonu bulundu: ['Nufus_Sayisi']...
2025-12-21 22:10:22 | INFO     | veri_cek | add_weather_features:149 | 2 hava durumu kolonu bulundu: ['windspeed_10m_max', 'windgusts_10m_max']...
2025-12-21 22:10:22 | INFO     | veri_cek | add_population_features:190 | 1 nüfus kolonu bulundu: ['Nufus_Sayisi']...
2025-12-21 22:10:23 | INFO     | veri_cek | fetch_tables:455 | Tablolar cache'den alındı.
2025-12-21 22:10:23 | INFO     | veri_cek | build_train_test_frames:504 | Merge bitti -> Train: (1886, 31), Test: (1722, 31)
2025-12-21 22:10:23 | INFO     | veri_cek | add_weather_features:149 | 2 hava durumu kolonu bulundu: ['windspeed_10m_max', 'windgusts_10m_max']...
2025-12-21 22:10:23 | INFO     | veri_cek | add_population_features:190 | 1 nüfus kolonu bulundu: ['Nufus_Sayisi']...
2025-12-21 22:10:23 | INFO     | veri_cek | add_weather_features:149 | 2 hava durumu kolonu bulundu: ['windspeed_10m_max', 'windgusts_10m_max']...
2025-12-21 22:10:23 | INFO     | veri_cek | add_population_features:190 | 1 nüfus kolonu bulundu: ['Nufus_Sayisi']...
2025-12-21 22:10:24 | INFO     | veri_cek | fetch_tables:455 | Tablolar cache'den alındı.
2025-12-21 22:10:25 | INFO     | veri_cek | build_train_test_frames:504 | Merge bitti -> Train: (1886, 31), Test: (1722, 31)
2025-12-21 22:10:25 | INFO     | veri_cek | add_weather_features:149 | 2 hava durumu kolonu bulundu: ['windspeed_10m_max', 'windgusts_10m_max']...
2025-12-21 22:10:25 | INFO     | veri_cek | add_population_features:190 | 1 nüfus kolonu bulundu: ['Nufus_Sayisi']...
2025-12-21 22:10:25 | INFO     | veri_cek | add_weather_features:149 | 2 hava durumu kolonu bulundu: ['windspeed_10m_max', 'windgusts_10m_max']...
2025-12-21 22:10:25 | INFO     | veri_cek | add_population_features:190 | 1 nüfus kolonu bulundu: ['Nufus_Sayisi']...
2025-12-21 22:10:26 | INFO     | veri_cek | fetch_tables:455 | Tablolar cache'den alındı.
2025-12-21 22:10:26 | INFO     | veri_cek | build_train_test_frames:504 | Merge bitti -> Train: (1886, 31), Test: (1722, 31)
2025-12-21 22:10:26 | INFO     | veri_cek | add_weather_features:149 | 2 hava durumu kolonu bulundu: ['windspeed_10m_max', 'windgusts_10m_max']...
2025-12-21 22:10:26 | INFO     | veri_cek | add_population_features:190 | 1 nüfus kolonu bulundu: ['Nufus_Sayisi']...
2025-12-21 22:10:27 | INFO     | veri_cek | add_weather_features:149 | 2 hava durumu kolonu bulundu: ['windspeed_10m_max', 'windgusts_10m_max']...
2025-12-21 22:10:27 | INFO     | veri_cek | add_population_features:190 | 1 nüfus kolonu bulundu: ['Nufus_Sayisi']...
2025-12-21 22:10:28 | INFO     | veri_cek | fetch_tables:455 | Tablolar cache'den alındı.
2025-12-21 22:10:28 | INFO     | veri_cek | build_train_test_frames:504 | Merge bitti -> Train: (1886, 31), Test: (1722, 31)
2025-12-21 22:10:28 | INFO     | veri_cek | add_weather_features:149 | 2 hava durumu kolonu bulundu: ['windspeed_10m_max', 'windgusts_10m_max']...
2025-12-21 22:10:28 | INFO     | veri_cek | add_population_features:190 | 1 nüfus kolonu bulundu: ['Nufus_Sayisi']...
2025-12-21 22:10:29 | INFO     | veri_cek | add_weather_features:149 | 2 hava durumu kolonu bulundu: ['windspeed_10m_max', 'windgusts_10m_max']...
2025-12-21 22:10:29 | INFO     | veri_cek | add_population_features:190 | 1 nüfus kolonu bulundu: ['Nufus_Sayisi']...
2025-12-21 22:10:30 | INFO     | __main__ | lifespan:35 | ElektrAize API hazir!
2025-12-21 22:10:36 | INFO     | veri_cek | fetch_tables:455 | Tablolar cache'den alındı.
2025-12-21 22:10:36 | INFO     | veri_cek | build_train_test_frames:504 | Merge bitti -> Train: (1886, 31), Test: (1722, 31)
2025-12-21 22:10:37 | INFO     | veri_cek | add_weather_features:149 | 2 hava durumu kolonu bulundu: ['windspeed_10m_max', 'windgusts_10m_max']...
2025-12-21 22:10:37 | INFO     | veri_cek | add_population_features:190 | 1 nüfus kolonu bulundu: ['Nufus_Sayisi']...
2025-12-21 22:10:37 | INFO     | veri_cek | add_weather_features:149 | 2 hava durumu kolonu bulundu: ['windspeed_10m_max', 'windgusts_10m_max']...
2025-12-21 22:10:37 | INFO     | veri_cek | add_population_features:190 | 1 nüfus kolonu bulundu: ['Nufus_Sayisi']...
2025-12-21 22:10:37 | INFO     | veri_cek | fetch_tables:455 | Tablolar cache'den alındı.
2025-12-21 22:10:37 | INFO     | veri_cek | build_train_test_frames:504 | Merge bitti -> Train: (1886, 31), Test: (1722, 31)
2025-12-21 22:10:37 | INFO     | veri_cek | add_weather_features:149 | 2 hava durumu kolonu bulundu: ['windspeed_10m_max', 'windgusts_10m_max']...
2025-12-21 22:10:37 | INFO     | veri_cek | add_population_features:190 | 1 nüfus kolonu bulundu: ['Nufus_Sayisi']...
2025-12-21 22:10:37 | INFO     | veri_cek | add_weather_features:149 | 2 hava durumu kolonu bulundu: ['windspeed_10m_max', 'windgusts_10m_max']...
2025-12-21 22:10:37 | INFO     | veri_cek | add_population_features:190 | 1 nüfus kolonu bulundu: ['Nufus_Sayisi']...
2025-12-21 22:10:38 | INFO     | veri_cek | fetch_tables:455 | Tablolar cache'den alındı.
2025-12-21 22:10:38 | INFO     | veri_cek | build_train_test_frames:504 | Merge bitti -> Train: (1886, 31), Test: (1722, 31)
2025-12-21 22:10:38 | INFO     | veri_cek | add_weather_features:149 | 2 hava durumu kolonu bulundu: ['windspeed_10m_max', 'windgusts_10m_max']...
2025-12-21 22:10:38 | INFO     | veri_cek | add_population_features:190 | 1 nüfus kolonu bulundu: ['Nufus_Sayisi']...
2025-12-21 22:10:38 | INFO     | veri_cek | add_weather_features:149 | 2 hava durumu kolonu bulundu: ['windspeed_10m_max', 'windgusts_10m_max']...
2025-12-21 22:10:38 | INFO     | veri_cek | add_population_features:190 | 1 nüfus kolonu bulundu: ['Nufus_Sayisi']...
2025-12-21 22:10:38 | INFO     | veri_cek | fetch_tables:455 | Tablolar cache'den alındı.
2025-12-21 22:10:38 | INFO     | veri_cek | build_train_test_frames:504 | Merge bitti -> Train: (1886, 31), Test: (1722, 31)
2025-12-21 22:10:38 | INFO     | veri_cek | add_weather_features:149 | 2 hava durumu kolonu bulundu: ['windspeed_10m_max', 'windgusts_10m_max']...
2025-12-21 22:10:38 | INFO     | veri_cek | add_population_features:190 | 1 nüfus kolonu bulundu: ['Nufus_Sayisi']...
2025-12-21 22:10:39 | INFO     | veri_cek | add_weather_features:149 | 2 hava durumu kolonu bulundu: ['windspeed_10m_max', 'windgusts_10m_max']...
2025-12-21 22:10:39 | INFO     | veri_cek | add_population_features:190 | 1 nüfus kolonu bulundu: ['Nufus_Sayisi']...
2025-12-21 22:10:39 | INFO     | veri_cek | fetch_tables:455 | Tablolar cache'den alındı.
2025-12-21 22:10:39 | INFO     | veri_cek | fetch_tables:455 | Tablolar cache'den alındı.
2025-12-21 22:10:39 | INFO     | veri_cek | build_train_test_frames:504 | Merge bitti -> Train: (1886, 31), Test: (1722, 31)
2025-12-21 22:10:39 | INFO     | veri_cek | build_train_test_frames:504 | Merge bitti -> Train: (1886, 31), Test: (1722, 31)
2025-12-21 22:10:39 | INFO     | veri_cek | fetch_tables:455 | Tablolar cache'den alındı.
2025-12-21 22:10:39 | INFO     | veri_cek | fetch_tables:455 | Tablolar cache'den alındı.
2025-12-21 22:10:39 | INFO     | veri_cek | fetch_tables:455 | Tablolar cache'den alındı.
2025-12-21 22:10:39 | INFO     | veri_cek | fetch_tables:455 | Tablolar cache'den alındı.
2025-12-21 22:10:40 | INFO     | veri_cek | build_train_test_frames:504 | Merge bitti -> Train: (1886, 31), Test: (1722, 31)
2025-12-21 22:10:40 | INFO     | veri_cek | build_train_test_frames:504 | Merge bitti -> Train: (1886, 31), Test: (1722, 31)
2025-12-21 22:10:40 | INFO     | veri_cek | build_train_test_frames:504 | Merge bitti -> Train: (1886, 31), Test: (1722, 31)
2025-12-21 22:10:40 | INFO     | veri_cek | build_train_test_frames:504 | Merge bitti -> Train: (1886, 31), Test: (1722, 31)
2025-12-21 22:10:40 | INFO     | veri_cek | add_weather_features:149 | 2 hava durumu kolonu bulundu: ['windspeed_10m_max', 'windgusts_10m_max']...
2025-12-21 22:10:40 | INFO     | veri_cek | add_weather_features:149 | 2 hava durumu kolonu bulundu: ['windspeed_10m_max', 'windgusts_10m_max']...
2025-12-21 22:10:41 | INFO     | veri_cek | add_weather_features:149 | 2 hava durumu kolonu bulundu: ['windspeed_10m_max', 'windgusts_10m_max']...
2025-12-21 22:10:41 | INFO     | veri_cek | add_population_features:190 | 1 nüfus kolonu bulundu: ['Nufus_Sayisi']...
2025-12-21 22:10:41 | INFO     | veri_cek | add_weather_features:149 | 2 hava durumu kolonu bulundu: ['windspeed_10m_max', 'windgusts_10m_max']...
2025-12-21 22:10:41 | INFO     | veri_cek | add_weather_features:149 | 2 hava durumu kolonu bulundu: ['windspeed_10m_max', 'windgusts_10m_max']...
2025-12-21 22:10:41 | INFO     | veri_cek | add_weather_features:149 | 2 hava durumu kolonu bulundu: ['windspeed_10m_max', 'windgusts_10m_max']...
2025-12-21 22:10:41 | INFO     | veri_cek | add_population_features:190 | 1 nüfus kolonu bulundu: ['Nufus_Sayisi']...
2025-12-21 22:10:41 | INFO     | veri_cek | add_population_features:190 | 1 nüfus kolonu bulundu: ['Nufus_Sayisi']...
2025-12-21 22:10:41 | INFO     | veri_cek | add_population_features:190 | 1 nüfus kolonu bulundu: ['Nufus_Sayisi']...
2025-12-21 22:10:41 | INFO     | veri_cek | add_population_features:190 | 1 nüfus kolonu bulundu: ['Nufus_Sayisi']...
2025-12-21 22:10:41 | INFO     | veri_cek | add_population_features:190 | 1 nüfus kolonu bulundu: ['Nufus_Sayisi']...
2025-12-21 22:10:42 | INFO     | veri_cek | add_weather_features:149 | 2 hava durumu kolonu bulundu: ['windspeed_10m_max', 'windgusts_10m_max']...
2025-12-21 22:10:42 | INFO     | veri_cek | add_weather_features:149 | 2 hava durumu kolonu bulundu: ['windspeed_10m_max', 'windgusts_10m_max']...
2025-12-21 22:10:42 | INFO     | veri_cek | add_weather_features:149 | 2 hava durumu kolonu bulundu: ['windspeed_10m_max', 'windgusts_10m_max']...
2025-12-21 22:10:42 | INFO     | veri_cek | add_weather_features:149 | 2 hava durumu kolonu bulundu: ['windspeed_10m_max', 'windgusts_10m_max']...
2025-12-21 22:10:42 | INFO     | veri_cek | add_weather_features:149 | 2 hava durumu kolonu bulundu: ['windspeed_10m_max', 'windgusts_10m_max']...
2025-12-21 22:10:42 | INFO     | veri_cek | add_weather_features:149 | 2 hava durumu kolonu bulundu: ['windspeed_10m_max', 'windgusts_10m_max']...
2025-12-21 22:10:42 | INFO     | veri_cek | add_population_features:190 | 1 nüfus kolonu bulundu: ['Nufus_Sayisi']...
2025-12-21 22:10:42 | INFO     | veri_cek | add_population_features:190 | 1 nüfus kolonu bulundu: ['Nufus_Sayisi']...
2025-12-21 22:10:42 | INFO     | veri_cek | fetch_tables:455 | Tablolar cache'den alındı.
2025-12-21 22:10:42 | INFO     | veri_cek | fetch_tables:455 | Tablolar cache'den alındı.
2025-12-21 22:10:42 | INFO     | veri_cek | add_population_features:190 | 1 nüfus kolonu bulundu: ['Nufus_Sayisi']...
2025-12-21 22:10:42 | INFO     | veri_cek | add_population_features:190 | 1 nüfus kolonu bulundu: ['Nufus_Sayisi']...
2025-12-21 22:10:42 | INFO     | veri_cek | build_train_test_frames:504 | Merge bitti -> Train: (1886, 31), Test: (1722, 31)
2025-12-21 22:10:42 | INFO     | veri_cek | add_population_features:190 | 1 nüfus kolonu bulundu: ['Nufus_Sayisi']...
2025-12-21 22:10:42 | INFO     | veri_cek | add_population_features:190 | 1 nüfus kolonu bulundu: ['Nufus_Sayisi']...
2025-12-21 22:10:42 | INFO     | veri_cek | build_train_test_frames:504 | Merge bitti -> Train: (1886, 31), Test: (1722, 31)
2025-12-21 22:10:42 | INFO     | veri_cek | fetch_tables:455 | Tablolar cache'den alındı.
2025-12-21 22:10:42 | INFO     | veri_cek | fetch_tables:455 | Tablolar cache'den alındı.
2025-12-21 22:10:42 | INFO     | veri_cek | fetch_tables:455 | Tablolar cache'den alındı.
2025-12-21 22:10:42 | INFO     | veri_cek | fetch_tables:455 | Tablolar cache'den alındı.
2025-12-21 22:10:43 | INFO     | veri_cek | build_train_test_frames:504 | Merge bitti -> Train: (1886, 31), Test: (1722, 31)
2025-12-21 22:10:43 | INFO     | veri_cek | build_train_test_frames:504 | Merge bitti -> Train: (1886, 31), Test: (1722, 31)
2025-12-21 22:10:43 | INFO     | veri_cek | build_train_test_frames:504 | Merge bitti -> Train: (1886, 31), Test: (1722, 31)
2025-12-21 22:10:43 | INFO     | veri_cek | build_train_test_frames:504 | Merge bitti -> Train: (1886, 31), Test: (1722, 31)
2025-12-21 22:10:43 | INFO     | veri_cek | add_weather_features:149 | 2 hava durumu kolonu bulundu: ['windspeed_10m_max', 'windgusts_10m_max']...
2025-12-21 22:10:43 | INFO     | veri_cek | add_weather_features:149 | 2 hava durumu kolonu bulundu: ['windspeed_10m_max', 'windgusts_10m_max']...
2025-12-21 22:10:44 | INFO     | veri_cek | add_weather_features:149 | 2 hava durumu kolonu bulundu: ['windspeed_10m_max', 'windgusts_10m_max']...
2025-12-21 22:10:44 | INFO     | veri_cek | add_weather_features:149 | 2 hava durumu kolonu bulundu: ['windspeed_10m_max', 'windgusts_10m_max']...
2025-12-21 22:10:44 | INFO     | veri_cek | add_weather_features:149 | 2 hava durumu kolonu bulundu: ['windspeed_10m_max', 'windgusts_10m_max']...
2025-12-21 22:10:44 | INFO     | veri_cek | add_weather_features:149 | 2 hava durumu kolonu bulundu: ['windspeed_10m_max', 'windgusts_10m_max']...
2025-12-21 22:10:44 | INFO     | veri_cek | add_population_features:190 | 1 nüfus kolonu bulundu: ['Nufus_Sayisi']...
2025-12-21 22:10:44 | INFO     | veri_cek | add_population_features:190 | 1 nüfus kolonu bulundu: ['Nufus_Sayisi']...
2025-12-21 22:10:44 | INFO     | veri_cek | add_population_features:190 | 1 nüfus kolonu bulundu: ['Nufus_Sayisi']...
2025-12-21 22:10:44 | INFO     | veri_cek | add_population_features:190 | 1 nüfus kolonu bulundu: ['Nufus_Sayisi']...
2025-12-21 22:10:44 | INFO     | veri_cek | add_population_features:190 | 1 nüfus kolonu bulundu: ['Nufus_Sayisi']...
2025-12-21 22:10:44 | INFO     | veri_cek | add_population_features:190 | 1 nüfus kolonu bulundu: ['Nufus_Sayisi']...
2025-12-21 22:10:44 | INFO     | veri_cek | add_weather_features:149 | 2 hava durumu kolonu bulundu: ['windspeed_10m_max', 'windgusts_10m_max']...
2025-12-21 22:10:44 | INFO     | veri_cek | add_weather_features:149 | 2 hava durumu kolonu bulundu: ['windspeed_10m_max', 'windgusts_10m_max']...
2025-12-21 22:10:45 | INFO     | veri_cek | add_weather_features:149 | 2 hava durumu kolonu bulundu: ['windspeed_10m_max', 'windgusts_10m_max']...
2025-12-21 22:10:45 | INFO     | veri_cek | add_weather_features:149 | 2 hava durumu kolonu bulundu: ['windspeed_10m_max', 'windgusts_10m_max']...
2025-12-21 22:10:45 | INFO     | veri_cek | add_weather_features:149 | 2 hava durumu kolonu bulundu: ['windspeed_10m_max', 'windgusts_10m_max']...
2025-12-21 22:10:45 | INFO     | veri_cek | add_weather_features:149 | 2 hava durumu kolonu bulundu: ['windspeed_10m_max', 'windgusts_10m_max']...
2025-12-21 22:10:45 | INFO     | veri_cek | add_population_features:190 | 1 nüfus kolonu bulundu: ['Nufus_Sayisi']...
2025-12-21 22:10:45 | INFO     | veri_cek | add_population_features:190 | 1 nüfus kolonu bulundu: ['Nufus_Sayisi']...
2025-12-21 22:10:45 | INFO     | veri_cek | add_population_features:190 | 1 nüfus kolonu bulundu: ['Nufus_Sayisi']...
2025-12-21 22:10:45 | INFO     | veri_cek | add_population_features:190 | 1 nüfus kolonu bulundu: ['Nufus_Sayisi']...
2025-12-21 22:10:45 | INFO     | veri_cek | add_population_features:190 | 1 nüfus kolonu bulundu: ['Nufus_Sayisi']...
2025-12-21 22:10:45 | INFO     | veri_cek | add_population_features:190 | 1 nüfus kolonu bulundu: ['Nufus_Sayisi']...
2025-12-21 22:36:22 | INFO     | veri_cek | fetch_tables:455 | Tablolar cache'den alındı.
2025-12-21 22:36:22 | INFO     | veri_cek | build_train_test_frames:504 | Merge bitti -> Train: (1886, 31), Test: (1722, 31)
2025-12-21 22:36:22 | INFO     | veri_cek | add_weather_features:149 | 2 hava durumu kolonu bulundu: ['windspeed_10m_max', 'windgusts_10m_max']...
2025-12-21 22:36:22 | INFO     | veri_cek | add_population_features:190 | 1 nüfus kolonu bulundu: ['Nufus_Sayisi']...
2025-12-21 22:36:23 | INFO     | veri_cek | add_weather_features:149 | 2 hava durumu kolonu bulundu: ['windspeed_10m_max', 'windgusts_10m_max']...
2025-12-21 22:36:23 | INFO     | veri_cek | add_population_features:190 | 1 nüfus kolonu bulundu: ['Nufus_Sayisi']...
2025-12-21 22:36:23 | INFO     | veri_cek | fetch_tables:455 | Tablolar cache'den alındı.
2025-12-21 22:36:23 | INFO     | veri_cek | build_train_test_frames:504 | Merge bitti -> Train: (1886, 31), Test: (1722, 31)
2025-12-21 22:36:23 | INFO     | veri_cek | add_weather_features:149 | 2 hava durumu kolonu bulundu: ['windspeed_10m_max', 'windgusts_10m_max']...
2025-12-21 22:36:23 | INFO     | veri_cek | add_population_features:190 | 1 nüfus kolonu bulundu: ['Nufus_Sayisi']...
2025-12-21 22:36:23 | INFO     | veri_cek | add_weather_features:149 | 2 hava durumu kolonu bulundu: ['windspeed_10m_max', 'windgusts_10m_max']...
2025-12-21 22:36:23 | INFO     | veri_cek | add_population_features:190 | 1 nüfus kolonu bulundu: ['Nufus_Sayisi']...
2025-12-21 22:36:23 | INFO     | veri_cek | fetch_tables:455 | Tablolar cache'den alındı.
2025-12-21 22:36:23 | INFO     | veri_cek | build_train_test_frames:504 | Merge bitti -> Train: (1886, 31), Test: (1722, 31)
2025-12-21 22:36:23 | INFO     | veri_cek | add_weather_features:149 | 2 hava durumu kolonu bulundu: ['windspeed_10m_max', 'windgusts_10m_max']...
2025-12-21 22:36:23 | INFO     | veri_cek | add_population_features:190 | 1 nüfus kolonu bulundu: ['Nufus_Sayisi']...
2025-12-21 22:36:24 | INFO     | veri_cek | add_weather_features:149 | 2 hava durumu kolonu bulundu: ['windspeed_10m_max', 'windgusts_10m_max']...
2025-12-21 22:36:24 | INFO     | veri_cek | add_population_features:190 | 1 nüfus kolonu bulundu: ['Nufus_Sayisi']...
2025-12-21 22:36:24 | INFO     | veri_cek | fetch_tables:455 | Tablolar cache'den alındı.
2025-12-21 22:36:24 | INFO     | veri_cek | build_train_test_frames:504 | Merge bitti -> Train: (1886, 31), Test: (1722, 31)
2025-12-21 22:36:24 | INFO     | veri_cek | add_weather_features:149 | 2 hava durumu kolonu bulundu: ['windspeed_10m_max', 'windgusts_10m_max']...
2025-12-21 22:36:24 | INFO     | veri_cek | add_population_features:190 | 1 nüfus kolonu bulundu: ['Nufus_Sayisi']...
2025-12-21 22:36:24 | INFO     | veri_cek | add_weather_features:149 | 2 hava durumu kolonu bulundu: ['windspeed_10m_max', 'windgusts_10m_max']...
2025-12-21 22:36:24 | INFO     | veri_cek | add_population_features:190 | 1 nüfus kolonu bulundu: ['Nufus_Sayisi']...
2025-12-21 22:36:24 | INFO     | veri_cek | fetch_tables:455 | Tablolar cache'den alındı.
2025-12-21 22:36:24 | INFO     | veri_cek | fetch_tables:455 | Tablolar cache'den alındı.
2025-12-21 22:36:24 | INFO     | veri_cek | build_train_test_frames:504 | Merge bitti -> Train: (1886, 31), Test: (1722, 31)
2025-12-21 22:36:24 | INFO     | veri_cek | build_train_test_frames:504 | Merge bitti -> Train: (1886, 31), Test: (1722, 31)
2025-12-21 22:36:25 | INFO     | veri_cek | fetch_tables:455 | Tablolar cache'den alındı.
2025-12-21 22:36:25 | INFO     | veri_cek | fetch_tables:455 | Tablolar cache'den alındı.
2025-12-21 22:36:25 | INFO     | veri_cek | fetch_tables:455 | Tablolar cache'den alındı.
2025-12-21 22:36:25 | INFO     | veri_cek | fetch_tables:455 | Tablolar cache'den alındı.
2025-12-21 22:36:25 | INFO     | veri_cek | add_weather_features:149 | 2 hava durumu kolonu bulundu: ['windspeed_10m_max', 'windgusts_10m_max']...
2025-12-21 22:36:25 | INFO     | veri_cek | add_weather_features:149 | 2 hava durumu kolonu bulundu: ['windspeed_10m_max', 'windgusts_10m_max']...
2025-12-21 22:36:25 | INFO     | veri_cek | build_train_test_frames:504 | Merge bitti -> Train: (1886, 31), Test: (1722, 31)
2025-12-21 22:36:25 | INFO     | veri_cek | build_train_test_frames:504 | Merge bitti -> Train: (1886, 31), Test: (1722, 31)
2025-12-21 22:36:25 | INFO     | veri_cek | build_train_test_frames:504 | Merge bitti -> Train: (1886, 31), Test: (1722, 31)
2025-12-21 22:36:25 | INFO     | veri_cek | build_train_test_frames:504 | Merge bitti -> Train: (1886, 31), Test: (1722, 31)
2025-12-21 22:36:25 | INFO     | veri_cek | add_population_features:190 | 1 nüfus kolonu bulundu: ['Nufus_Sayisi']...
2025-12-21 22:36:25 | INFO     | veri_cek | add_population_features:190 | 1 nüfus kolonu bulundu: ['Nufus_Sayisi']...
2025-12-21 22:36:26 | INFO     | veri_cek | add_weather_features:149 | 2 hava durumu kolonu bulundu: ['windspeed_10m_max', 'windgusts_10m_max']...
2025-12-21 22:36:26 | INFO     | veri_cek | add_weather_features:149 | 2 hava durumu kolonu bulundu: ['windspeed_10m_max', 'windgusts_10m_max']...
2025-12-21 22:36:26 | INFO     | veri_cek | add_weather_features:149 | 2 hava durumu kolonu bulundu: ['windspeed_10m_max', 'windgusts_10m_max']...
2025-12-21 22:36:26 | INFO     | veri_cek | add_weather_features:149 | 2 hava durumu kolonu bulundu: ['windspeed_10m_max', 'windgusts_10m_max']...
2025-12-21 22:36:26 | INFO     | veri_cek | add_weather_features:149 | 2 hava durumu kolonu bulundu: ['windspeed_10m_max', 'windgusts_10m_max']...
2025-12-21 22:36:26 | INFO     | veri_cek | add_population_features:190 | 1 nüfus kolonu bulundu: ['Nufus_Sayisi']...
2025-12-21 22:36:27 | INFO     | veri_cek | add_population_features:190 | 1 nüfus kolonu bulundu: ['Nufus_Sayisi']...
2025-12-21 22:36:27 | INFO     | veri_cek | add_population_features:190 | 1 nüfus kolonu bulundu: ['Nufus_Sayisi']...
2025-12-21 22:36:27 | INFO     | veri_cek | add_population_features:190 | 1 nüfus kolonu bulundu: ['Nufus_Sayisi']...
2025-12-21 22:36:27 | INFO     | veri_cek | add_weather_features:149 | 2 hava durumu kolonu bulundu: ['windspeed_10m_max', 'windgusts_10m_max']...
2025-12-21 22:36:27 | INFO     | veri_cek | add_population_features:190 | 1 nüfus kolonu bulundu: ['Nufus_Sayisi']...
2025-12-21 22:36:27 | INFO     | veri_cek | fetch_tables:455 | Tablolar cache'den alındı.
2025-12-21 22:36:27 | INFO     | veri_cek | add_population_features:190 | 1 nüfus kolonu bulundu: ['Nufus_Sayisi']...
2025-12-21 22:36:27 | INFO     | veri_cek | fetch_tables:455 | Tablolar cache'den alındı.
2025-12-21 22:36:27 | INFO     | veri_cek | build_train_test_frames:504 | Merge bitti -> Train: (1886, 31), Test: (1722, 31)
2025-12-21 22:36:28 | INFO     | veri_cek | add_weather_features:149 | 2 hava durumu kolonu bulundu: ['windspeed_10m_max', 'windgusts_10m_max']...
2025-12-21 22:36:28 | INFO     | veri_cek | build_train_test_frames:504 | Merge bitti -> Train: (1886, 31), Test: (1722, 31)
2025-12-21 22:36:28 | INFO     | veri_cek | add_weather_features:149 | 2 hava durumu kolonu bulundu: ['windspeed_10m_max', 'windgusts_10m_max']...
2025-12-21 22:36:28 | INFO     | veri_cek | add_weather_features:149 | 2 hava durumu kolonu bulundu: ['windspeed_10m_max', 'windgusts_10m_max']...
2025-12-21 22:36:28 | INFO     | veri_cek | add_weather_features:149 | 2 hava durumu kolonu bulundu: ['windspeed_10m_max', 'windgusts_10m_max']...
2025-12-21 22:36:28 | INFO     | veri_cek | add_population_features:190 | 1 nüfus kolonu bulundu: ['Nufus_Sayisi']...
2025-12-21 22:36:28 | INFO     | veri_cek | add_population_features:190 | 1 nüfus kolonu bulundu: ['Nufus_Sayisi']...
2025-12-21 22:36:28 | INFO     | veri_cek | add_population_features:190 | 1 nüfus kolonu bulundu: ['Nufus_Sayisi']...
2025-12-21 22:36:28 | INFO     | veri_cek | add_population_features:190 | 1 nüfus kolonu bulundu: ['Nufus_Sayisi']...
2025-12-21 22:36:28 | INFO     | veri_cek | fetch_tables:455 | Tablolar cache'den alındı.
2025-12-21 22:36:28 | INFO     | veri_cek | add_weather_features:149 | 2 hava durumu kolonu bulundu: ['windspeed_10m_max', 'windgusts_10m_max']...
2025-12-21 22:36:28 | INFO     | veri_cek | fetch_tables:455 | Tablolar cache'den alındı.
2025-12-21 22:36:28 | INFO     | veri_cek | fetch_tables:455 | Tablolar cache'den alındı.
2025-12-21 22:36:28 | INFO     | veri_cek | fetch_tables:455 | Tablolar cache'den alındı.
2025-12-21 22:36:28 | INFO     | veri_cek | build_train_test_frames:504 | Merge bitti -> Train: (1886, 31), Test: (1722, 31)
2025-12-21 22:36:28 | INFO     | veri_cek | build_train_test_frames:504 | Merge bitti -> Train: (1886, 31), Test: (1722, 31)
2025-12-21 22:36:28 | INFO     | veri_cek | add_weather_features:149 | 2 hava durumu kolonu bulundu: ['windspeed_10m_max', 'windgusts_10m_max']...
2025-12-21 22:36:28 | INFO     | veri_cek | build_train_test_frames:504 | Merge bitti -> Train: (1886, 31), Test: (1722, 31)
2025-12-21 22:36:28 | INFO     | veri_cek | build_train_test_frames:504 | Merge bitti -> Train: (1886, 31), Test: (1722, 31)
2025-12-21 22:36:29 | INFO     | veri_cek | add_population_features:190 | 1 nüfus kolonu bulundu: ['Nufus_Sayisi']...
2025-12-21 22:36:29 | INFO     | veri_cek | add_population_features:190 | 1 nüfus kolonu bulundu: ['Nufus_Sayisi']...
2025-12-21 22:36:29 | INFO     | veri_cek | add_weather_features:149 | 2 hava durumu kolonu bulundu: ['windspeed_10m_max', 'windgusts_10m_max']...
2025-12-21 22:36:29 | INFO     | veri_cek | add_weather_features:149 | 2 hava durumu kolonu bulundu: ['windspeed_10m_max', 'windgusts_10m_max']...
2025-12-21 22:36:29 | INFO     | veri_cek | add_weather_features:149 | 2 hava durumu kolonu bulundu: ['windspeed_10m_max', 'windgusts_10m_max']...
2025-12-21 22:36:29 | INFO     | veri_cek | add_weather_features:149 | 2 hava durumu kolonu bulundu: ['windspeed_10m_max', 'windgusts_10m_max']...
2025-12-21 22:36:29 | INFO     | veri_cek | add_weather_features:149 | 2 hava durumu kolonu bulundu: ['windspeed_10m_max', 'windgusts_10m_max']...
2025-12-21 22:36:29 | INFO     | veri_cek | add_population_features:190 | 1 nüfus kolonu bulundu: ['Nufus_Sayisi']...
2025-12-21 22:36:29 | INFO     | veri_cek | add_population_features:190 | 1 nüfus kolonu bulundu: ['Nufus_Sayisi']...
2025-12-21 22:36:29 | INFO     | veri_cek | add_population_features:190 | 1 nüfus kolonu bulundu: ['Nufus_Sayisi']...
2025-12-21 22:36:29 | INFO     | veri_cek | add_population_features:190 | 1 nüfus kolonu bulundu: ['Nufus_Sayisi']...
2025-12-21 22:36:30 | INFO     | veri_cek | add_weather_features:149 | 2 hava durumu kolonu bulundu: ['windspeed_10m_max', 'windgusts_10m_max']...
2025-12-21 22:36:30 | INFO     | veri_cek | add_population_features:190 | 1 nüfus kolonu bulundu: ['Nufus_Sayisi']...
2025-12-21 22:36:30 | INFO     | veri_cek | add_population_features:190 | 1 nüfus kolonu bulundu: ['Nufus_Sayisi']...
2025-12-21 22:36:31 | INFO     | veri_cek | add_weather_features:149 | 2 hava durumu kolonu bulundu: ['windspeed_10m_max', 'windgusts_10m_max']...
2025-12-21 22:36:31 | INFO     | veri_cek | add_weather_features:149 | 2 hava durumu kolonu bulundu: ['windspeed_10m_max', 'windgusts_10m_max']...
2025-12-21 22:36:31 | INFO     | veri_cek | add_weather_features:149 | 2 hava durumu kolonu bulundu: ['windspeed_10m_max', 'windgusts_10m_max']...
2025-12-21 22:36:31 | INFO     | veri_cek | add_weather_features:149 | 2 hava durumu kolonu bulundu: ['windspeed_10m_max', 'windgusts_10m_max']...
2025-12-21 22:36:31 | INFO     | veri_cek | add_population_features:190 | 1 nüfus kolonu bulundu: ['Nufus_Sayisi']...
2025-12-21 22:36:31 | INFO     | veri_cek | add_population_features:190 | 1 nüfus kolonu bulundu: ['Nufus_Sayisi']...
2025-12-21 22:36:31 | INFO     | veri_cek | add_population_features:190 | 1 nüfus kolonu bulundu: ['Nufus_Sayisi']...
2025-12-21 22:36:31 | INFO     | veri_cek | add_population_features:190 | 1 nüfus kolonu bulundu: ['Nufus_Sayisi']...
2025-12-21 22:38:00 | INFO     | veri_cek | fetch_tables:455 | Tablolar cache'den alındı.
2025-12-21 22:38:00 | INFO     | veri_cek | build_train_test_frames:504 | Merge bitti -> Train: (1886, 31), Test: (1722, 31)
2025-12-21 22:38:00 | INFO     | veri_cek | add_weather_features:149 | 2 hava durumu kolonu bulundu: ['windspeed_10m_max', 'windgusts_10m_max']...
2025-12-21 22:38:00 | INFO     | veri_cek | add_population_features:190 | 1 nüfus kolonu bulundu: ['Nufus_Sayisi']...
2025-12-21 22:38:01 | INFO     | veri_cek | add_weather_features:149 | 2 hava durumu kolonu bulundu: ['windspeed_10m_max', 'windgusts_10m_max']...
2025-12-21 22:38:01 | INFO     | veri_cek | add_population_features:190 | 1 nüfus kolonu bulundu: ['Nufus_Sayisi']...
2025-12-21 22:38:01 | INFO     | veri_cek | fetch_tables:455 | Tablolar cache'den alındı.
2025-12-21 22:38:01 | INFO     | veri_cek | build_train_test_frames:504 | Merge bitti -> Train: (1886, 31), Test: (1722, 31)
2025-12-21 22:38:01 | INFO     | veri_cek | add_weather_features:149 | 2 hava durumu kolonu bulundu: ['windspeed_10m_max', 'windgusts_10m_max']...
2025-12-21 22:38:01 | INFO     | veri_cek | add_population_features:190 | 1 nüfus kolonu bulundu: ['Nufus_Sayisi']...
2025-12-21 22:38:01 | INFO     | veri_cek | add_weather_features:149 | 2 hava durumu kolonu bulundu: ['windspeed_10m_max', 'windgusts_10m_max']...
2025-12-21 22:38:01 | INFO     | veri_cek | add_population_features:190 | 1 nüfus kolonu bulundu: ['Nufus_Sayisi']...
2025-12-21 22:38:01 | INFO     | veri_cek | fetch_tables:455 | Tablolar cache'den alındı.
2025-12-21 22:38:01 | INFO     | veri_cek | build_train_test_frames:504 | Merge bitti -> Train: (1886, 31), Test: (1722, 31)
2025-12-21 22:38:01 | INFO     | veri_cek | add_weather_features:149 | 2 hava durumu kolonu bulundu: ['windspeed_10m_max', 'windgusts_10m_max']...
2025-12-21 22:38:01 | INFO     | veri_cek | add_population_features:190 | 1 nüfus kolonu bulundu: ['Nufus_Sayisi']...
2025-12-21 22:38:02 | INFO     | veri_cek | add_weather_features:149 | 2 hava durumu kolonu bulundu: ['windspeed_10m_max', 'windgusts_10m_max']...
2025-12-21 22:38:02 | INFO     | veri_cek | add_population_features:190 | 1 nüfus kolonu bulundu: ['Nufus_Sayisi']...
2025-12-21 22:38:02 | INFO     | veri_cek | fetch_tables:455 | Tablolar cache'den alındı.
2025-12-21 22:38:02 | INFO     | veri_cek | build_train_test_frames:504 | Merge bitti -> Train: (1886, 31), Test: (1722, 31)
2025-12-21 22:38:02 | INFO     | veri_cek | add_weather_features:149 | 2 hava durumu kolonu bulundu: ['windspeed_10m_max', 'windgusts_10m_max']...
2025-12-21 22:38:02 | INFO     | veri_cek | add_population_features:190 | 1 nüfus kolonu bulundu: ['Nufus_Sayisi']...
2025-12-21 22:38:02 | INFO     | veri_cek | add_weather_features:149 | 2 hava durumu kolonu bulundu: ['windspeed_10m_max', 'windgusts_10m_max']...
2025-12-21 22:38:02 | INFO     | veri_cek | add_population_features:190 | 1 nüfus kolonu bulundu: ['Nufus_Sayisi']...
2025-12-21 22:38:03 | INFO     | veri_cek | fetch_tables:455 | Tablolar cache'den alındı.
2025-12-21 22:38:03 | INFO     | veri_cek | fetch_tables:455 | Tablolar cache'den alındı.
2025-12-21 22:38:03 | INFO     | veri_cek | build_train_test_frames:504 | Merge bitti -> Train: (1886, 31), Test: (1722, 31)
2025-12-21 22:38:03 | INFO     | veri_cek | build_train_test_frames:504 | Merge bitti -> Train: (1886, 31), Test: (1722, 31)
2025-12-21 22:38:03 | INFO     | veri_cek | fetch_tables:455 | Tablolar cache'den alındı.
2025-12-21 22:38:03 | INFO     | veri_cek | fetch_tables:455 | Tablolar cache'den alındı.
2025-12-21 22:38:03 | INFO     | veri_cek | fetch_tables:455 | Tablolar cache'den alındı.
2025-12-21 22:38:03 | INFO     | veri_cek | fetch_tables:455 | Tablolar cache'den alındı.
2025-12-21 22:38:03 | INFO     | veri_cek | build_train_test_frames:504 | Merge bitti -> Train: (1886, 31), Test: (1722, 31)
2025-12-21 22:38:03 | INFO     | veri_cek | build_train_test_frames:504 | Merge bitti -> Train: (1886, 31), Test: (1722, 31)
2025-12-21 22:38:03 | INFO     | veri_cek | build_train_test_frames:504 | Merge bitti -> Train: (1886, 31), Test: (1722, 31)
2025-12-21 22:38:03 | INFO     | veri_cek | build_train_test_frames:504 | Merge bitti -> Train: (1886, 31), Test: (1722, 31)
2025-12-21 22:38:04 | INFO     | veri_cek | add_weather_features:149 | 2 hava durumu kolonu bulundu: ['windspeed_10m_max', 'windgusts_10m_max']...
2025-12-21 22:38:04 | INFO     | veri_cek | add_weather_features:149 | 2 hava durumu kolonu bulundu: ['windspeed_10m_max', 'windgusts_10m_max']...
2025-12-21 22:38:04 | INFO     | veri_cek | add_population_features:190 | 1 nüfus kolonu bulundu: ['Nufus_Sayisi']...
2025-12-21 22:38:04 | INFO     | veri_cek | add_weather_features:149 | 2 hava durumu kolonu bulundu: ['windspeed_10m_max', 'windgusts_10m_max']...
2025-12-21 22:38:04 | INFO     | veri_cek | add_weather_features:149 | 2 hava durumu kolonu bulundu: ['windspeed_10m_max', 'windgusts_10m_max']...
2025-12-21 22:38:04 | INFO     | veri_cek | add_weather_features:149 | 2 hava durumu kolonu bulundu: ['windspeed_10m_max', 'windgusts_10m_max']...
2025-12-21 22:38:04 | INFO     | veri_cek | add_weather_features:149 | 2 hava durumu kolonu bulundu: ['windspeed_10m_max', 'windgusts_10m_max']...
2025-12-21 22:38:04 | INFO     | veri_cek | add_population_features:190 | 1 nüfus kolonu bulundu: ['Nufus_Sayisi']...
2025-12-21 22:38:04 | INFO     | veri_cek | add_population_features:190 | 1 nüfus kolonu bulundu: ['Nufus_Sayisi']...
2025-12-21 22:38:04 | INFO     | veri_cek | add_population_features:190 | 1 nüfus kolonu bulundu: ['Nufus_Sayisi']...
2025-12-21 22:38:04 | INFO     | veri_cek | add_population_features:190 | 1 nüfus kolonu bulundu: ['Nufus_Sayisi']...
2025-12-21 22:38:04 | INFO     | veri_cek | add_population_features:190 | 1 nüfus kolonu bulundu: ['Nufus_Sayisi']...
2025-12-21 22:38:05 | INFO     | veri_cek | add_weather_features:149 | 2 hava durumu kolonu bulundu: ['windspeed_10m_max', 'windgusts_10m_max']...
2025-12-21 22:38:05 | INFO     | veri_cek | add_weather_features:149 | 2 hava durumu kolonu bulundu: ['windspeed_10m_max', 'windgusts_10m_max']...
2025-12-21 22:38:05 | INFO     | veri_cek | add_population_features:190 | 1 nüfus kolonu bulundu: ['Nufus_Sayisi']...
2025-12-21 22:38:05 | INFO     | veri_cek | fetch_tables:455 | Tablolar cache'den alındı.
2025-12-21 22:38:05 | INFO     | veri_cek | add_weather_features:149 | 2 hava durumu kolonu bulundu: ['windspeed_10m_max', 'windgusts_10m_max']...
2025-12-21 22:38:05 | INFO     | veri_cek | add_weather_features:149 | 2 hava durumu kolonu bulundu: ['windspeed_10m_max', 'windgusts_10m_max']...
2025-12-21 22:38:05 | INFO     | veri_cek | add_population_features:190 | 1 nüfus kolonu bulundu: ['Nufus_Sayisi']...
2025-12-21 22:38:05 | INFO     | veri_cek | add_weather_features:149 | 2 hava durumu kolonu bulundu: ['windspeed_10m_max', 'windgusts_10m_max']...
2025-12-21 22:38:05 | INFO     | veri_cek | add_weather_features:149 | 2 hava durumu kolonu bulundu: ['windspeed_10m_max', 'windgusts_10m_max']...
2025-12-21 22:38:05 | INFO     | veri_cek | build_train_test_frames:504 | Merge bitti -> Train: (1886, 31), Test: (1722, 31)
2025-12-21 22:38:05 | INFO     | veri_cek | fetch_tables:455 | Tablolar cache'den alındı.
2025-12-21 22:38:05 | INFO     | veri_cek | build_train_test_frames:504 | Merge bitti -> Train: (1886, 31), Test: (1722, 31)
2025-12-21 22:38:06 | INFO     | veri_cek | add_population_features:190 | 1 nüfus kolonu bulundu: ['Nufus_Sayisi']...
2025-12-21 22:38:06 | INFO     | veri_cek | add_population_features:190 | 1 nüfus kolonu bulundu: ['Nufus_Sayisi']...
2025-12-21 22:38:06 | INFO     | veri_cek | add_population_features:190 | 1 nüfus kolonu bulundu: ['Nufus_Sayisi']...
2025-12-21 22:38:06 | INFO     | veri_cek | add_population_features:190 | 1 nüfus kolonu bulundu: ['Nufus_Sayisi']...
2025-12-21 22:38:06 | INFO     | veri_cek | fetch_tables:455 | Tablolar cache'den alındı.
2025-12-21 22:38:06 | INFO     | veri_cek | fetch_tables:455 | Tablolar cache'den alındı.
2025-12-21 22:38:06 | INFO     | veri_cek | fetch_tables:455 | Tablolar cache'den alındı.
2025-12-21 22:38:06 | INFO     | veri_cek | fetch_tables:455 | Tablolar cache'den alındı.
2025-12-21 22:38:06 | INFO     | veri_cek | build_train_test_frames:504 | Merge bitti -> Train: (1886, 31), Test: (1722, 31)
2025-12-21 22:38:06 | INFO     | veri_cek | build_train_test_frames:504 | Merge bitti -> Train: (1886, 31), Test: (1722, 31)
2025-12-21 22:38:06 | INFO     | veri_cek | build_train_test_frames:504 | Merge bitti -> Train: (1886, 31), Test: (1722, 31)
2025-12-21 22:38:06 | INFO     | veri_cek | build_train_test_frames:504 | Merge bitti -> Train: (1886, 31), Test: (1722, 31)
2025-12-21 22:38:06 | INFO     | veri_cek | add_weather_features:149 | 2 hava durumu kolonu bulundu: ['windspeed_10m_max', 'windgusts_10m_max']...
2025-12-21 22:38:06 | INFO     | veri_cek | add_weather_features:149 | 2 hava durumu kolonu bulundu: ['windspeed_10m_max', 'windgusts_10m_max']...
2025-12-21 22:38:07 | INFO     | veri_cek | add_population_features:190 | 1 nüfus kolonu bulundu: ['Nufus_Sayisi']...
2025-12-21 22:38:07 | INFO     | veri_cek | add_weather_features:149 | 2 hava durumu kolonu bulundu: ['windspeed_10m_max', 'windgusts_10m_max']...
2025-12-21 22:38:07 | INFO     | veri_cek | add_population_features:190 | 1 nüfus kolonu bulundu: ['Nufus_Sayisi']...
2025-12-21 22:38:07 | INFO     | veri_cek | add_weather_features:149 | 2 hava durumu kolonu bulundu: ['windspeed_10m_max', 'windgusts_10m_max']...
2025-12-21 22:38:07 | INFO     | veri_cek | add_weather_features:149 | 2 hava durumu kolonu bulundu: ['windspeed_10m_max', 'windgusts_10m_max']...
2025-12-21 22:38:07 | INFO     | veri_cek | add_weather_features:149 | 2 hava durumu kolonu bulundu: ['windspeed_10m_max', 'windgusts_10m_max']...
2025-12-21 22:38:07 | INFO     | veri_cek | add_population_features:190 | 1 nüfus kolonu bulundu: ['Nufus_Sayisi']...
2025-12-21 22:38:07 | INFO     | veri_cek | add_population_features:190 | 1 nüfus kolonu bulundu: ['Nufus_Sayisi']...
2025-12-21 22:38:07 | INFO     | veri_cek | add_population_features:190 | 1 nüfus kolonu bulundu: ['Nufus_Sayisi']...
2025-12-21 22:38:07 | INFO     | veri_cek | add_population_features:190 | 1 nüfus kolonu bulundu: ['Nufus_Sayisi']...
2025-12-21 22:38:07 | INFO     | veri_cek | add_weather_features:149 | 2 hava durumu kolonu bulundu: ['windspeed_10m_max', 'windgusts_10m_max']...
2025-12-21 22:38:07 | INFO     | veri_cek | add_weather_features:149 | 2 hava durumu kolonu bulundu: ['windspeed_10m_max', 'windgusts_10m_max']...
2025-12-21 22:38:08 | INFO     | veri_cek | add_population_features:190 | 1 nüfus kolonu bulundu: ['Nufus_Sayisi']...
2025-12-21 22:38:08 | INFO     | veri_cek | add_weather_features:149 | 2 hava durumu kolonu bulundu: ['windspeed_10m_max', 'windgusts_10m_max']...
2025-12-21 22:38:08 | INFO     | veri_cek | add_weather_features:149 | 2 hava durumu kolonu bulundu: ['windspeed_10m_max', 'windgusts_10m_max']...
2025-12-21 22:38:08 | INFO     | veri_cek | add_weather_features:149 | 2 hava durumu kolonu bulundu: ['windspeed_10m_max', 'windgusts_10m_max']...
2025-12-21 22:38:08 | INFO     | veri_cek | add_weather_features:149 | 2 hava durumu kolonu bulundu: ['windspeed_10m_max', 'windgusts_10m_max']...
2025-12-21 22:38:08 | INFO     | veri_cek | add_population_features:190 | 1 nüfus kolonu bulundu: ['Nufus_Sayisi']...
2025-12-21 22:38:08 | INFO     | veri_cek | add_population_features:190 | 1 nüfus kolonu bulundu: ['Nufus_Sayisi']...
2025-12-21 22:38:08 | INFO     | veri_cek | add_population_features:190 | 1 nüfus kolonu bulundu: ['Nufus_Sayisi']...
2025-12-21 22:38:08 | INFO     | veri_cek | add_population_features:190 | 1 nüfus kolonu bulundu: ['Nufus_Sayisi']...
2025-12-21 22:38:08 | INFO     | veri_cek | add_population_features:190 | 1 nüfus kolonu bulundu: ['Nufus_Sayisi']...
2025-12-22 01:05:49 | INFO     | veri_cek | fetch_tables:455 | Tablolar cache'den alındı.
2025-12-22 01:05:49 | INFO     | veri_cek | build_train_test_frames:504 | Merge bitti -> Train: (1886, 31), Test: (1722, 31)
2025-12-22 01:05:49 | INFO     | veri_cek | add_weather_features:149 | 2 hava durumu kolonu bulundu: ['windspeed_10m_max', 'windgusts_10m_max']...
2025-12-22 01:05:49 | INFO     | veri_cek | add_population_features:190 | 1 nüfus kolonu bulundu: ['Nufus_Sayisi']...
2025-12-22 01:05:49 | INFO     | veri_cek | add_weather_features:149 | 2 hava durumu kolonu bulundu: ['windspeed_10m_max', 'windgusts_10m_max']...
2025-12-22 01:05:49 | INFO     | veri_cek | add_population_features:190 | 1 nüfus kolonu bulundu: ['Nufus_Sayisi']...
2025-12-22 01:05:49 | INFO     | veri_cek | fetch_tables:455 | Tablolar cache'den alındı.
2025-12-22 01:05:49 | INFO     | veri_cek | build_train_test_frames:504 | Merge bitti -> Train: (1886, 31), Test: (1722, 31)
2025-12-22 01:05:49 | INFO     | veri_cek | add_weather_features:149 | 2 hava durumu kolonu bulundu: ['windspeed_10m_max', 'windgusts_10m_max']...
2025-12-22 01:05:49 | INFO     | veri_cek | add_population_features:190 | 1 nüfus kolonu bulundu: ['Nufus_Sayisi']...
2025-12-22 01:05:49 | INFO     | veri_cek | add_weather_features:149 | 2 hava durumu kolonu bulundu: ['windspeed_10m_max', 'windgusts_10m_max']...
2025-12-22 01:05:49 | INFO     | veri_cek | add_population_features:190 | 1 nüfus kolonu bulundu: ['Nufus_Sayisi']...
2025-12-22 01:05:50 | INFO     | veri_cek | fetch_tables:455 | Tablolar cache'den alındı.
2025-12-22 01:05:50 | INFO     | veri_cek | build_train_test_frames:504 | Merge bitti -> Train: (1886, 31), Test: (1722, 31)
2025-12-22 01:05:50 | INFO     | veri_cek | add_weather_features:149 | 2 hava durumu kolonu bulundu: ['windspeed_10m_max', 'windgusts_10m_max']...
2025-12-22 01:05:50 | INFO     | veri_cek | add_population_features:190 | 1 nüfus kolonu bulundu: ['Nufus_Sayisi']...
2025-12-22 01:05:50 | INFO     | veri_cek | add_weather_features:149 | 2 hava durumu kolonu bulundu: ['windspeed_10m_max', 'windgusts_10m_max']...
2025-12-22 01:05:50 | INFO     | veri_cek | add_population_features:190 | 1 nüfus kolonu bulundu: ['Nufus_Sayisi']...
2025-12-22 01:05:50 | INFO     | veri_cek | fetch_tables:455 | Tablolar cache'den alındı.
2025-12-22 01:05:50 | INFO     | veri_cek | build_train_test_frames:504 | Merge bitti -> Train: (1886, 31), Test: (1722, 31)
2025-12-22 01:05:50 | INFO     | veri_cek | add_weather_features:149 | 2 hava durumu kolonu bulundu: ['windspeed_10m_max', 'windgusts_10m_max']...
2025-12-22 01:05:50 | INFO     | veri_cek | add_population_features:190 | 1 nüfus kolonu bulundu: ['Nufus_Sayisi']...
2025-12-22 01:05:50 | INFO     | veri_cek | add_weather_features:149 | 2 hava durumu kolonu bulundu: ['windspeed_10m_max', 'windgusts_10m_max']...
2025-12-22 01:05:50 | INFO     | veri_cek | add_population_features:190 | 1 nüfus kolonu bulundu: ['Nufus_Sayisi']...
2025-12-22 01:05:51 | INFO     | veri_cek | fetch_tables:455 | Tablolar cache'den alındı.
2025-12-22 01:05:51 | INFO     | veri_cek | fetch_tables:455 | Tablolar cache'den alındı.
2025-12-22 01:05:51 | INFO     | veri_cek | build_train_test_frames:504 | Merge bitti -> Train: (1886, 31), Test: (1722, 31)
2025-12-22 01:05:51 | INFO     | veri_cek | build_train_test_frames:504 | Merge bitti -> Train: (1886, 31), Test: (1722, 31)
2025-12-22 01:05:51 | INFO     | veri_cek | fetch_tables:455 | Tablolar cache'den alındı.
2025-12-22 01:05:51 | INFO     | veri_cek | fetch_tables:455 | Tablolar cache'den alındı.
2025-12-22 01:05:51 | INFO     | veri_cek | fetch_tables:455 | Tablolar cache'den alındı.
2025-12-22 01:05:51 | INFO     | veri_cek | fetch_tables:455 | Tablolar cache'den alındı.
2025-12-22 01:05:51 | INFO     | veri_cek | add_weather_features:149 | 2 hava durumu kolonu bulundu: ['windspeed_10m_max', 'windgusts_10m_max']...
2025-12-22 01:05:51 | INFO     | veri_cek | add_weather_features:149 | 2 hava durumu kolonu bulundu: ['windspeed_10m_max', 'windgusts_10m_max']...
2025-12-22 01:05:51 | INFO     | veri_cek | build_train_test_frames:504 | Merge bitti -> Train: (1886, 31), Test: (1722, 31)
2025-12-22 01:05:51 | INFO     | veri_cek | build_train_test_frames:504 | Merge bitti -> Train: (1886, 31), Test: (1722, 31)
2025-12-22 01:05:51 | INFO     | veri_cek | build_train_test_frames:504 | Merge bitti -> Train: (1886, 31), Test: (1722, 31)
2025-12-22 01:05:51 | INFO     | veri_cek | build_train_test_frames:504 | Merge bitti -> Train: (1886, 31), Test: (1722, 31)
2025-12-22 01:05:52 | INFO     | veri_cek | add_population_features:190 | 1 nüfus kolonu bulundu: ['Nufus_Sayisi']...
2025-12-22 01:05:52 | INFO     | veri_cek | add_population_features:190 | 1 nüfus kolonu bulundu: ['Nufus_Sayisi']...
2025-12-22 01:05:53 | INFO     | veri_cek | add_weather_features:149 | 2 hava durumu kolonu bulundu: ['windspeed_10m_max', 'windgusts_10m_max']...
2025-12-22 01:05:53 | INFO     | veri_cek | add_weather_features:149 | 2 hava durumu kolonu bulundu: ['windspeed_10m_max', 'windgusts_10m_max']...
2025-12-22 01:05:53 | INFO     | veri_cek | add_weather_features:149 | 2 hava durumu kolonu bulundu: ['windspeed_10m_max', 'windgusts_10m_max']...
2025-12-22 01:05:53 | INFO     | veri_cek | add_weather_features:149 | 2 hava durumu kolonu bulundu: ['windspeed_10m_max', 'windgusts_10m_max']...
2025-12-22 01:05:53 | INFO     | veri_cek | add_population_features:190 | 1 nüfus kolonu bulundu: ['Nufus_Sayisi']...
2025-12-22 01:05:53 | INFO     | veri_cek | add_weather_features:149 | 2 hava durumu kolonu bulundu: ['windspeed_10m_max', 'windgusts_10m_max']...
2025-12-22 01:05:53 | INFO     | veri_cek | add_weather_features:149 | 2 hava durumu kolonu bulundu: ['windspeed_10m_max', 'windgusts_10m_max']...
2025-12-22 01:05:53 | INFO     | veri_cek | add_population_features:190 | 1 nüfus kolonu bulundu: ['Nufus_Sayisi']...
2025-12-22 01:05:53 | INFO     | veri_cek | add_population_features:190 | 1 nüfus kolonu bulundu: ['Nufus_Sayisi']...
2025-12-22 01:05:53 | INFO     | veri_cek | add_population_features:190 | 1 nüfus kolonu bulundu: ['Nufus_Sayisi']...
2025-12-22 01:05:54 | INFO     | veri_cek | add_population_features:190 | 1 nüfus kolonu bulundu: ['Nufus_Sayisi']...
2025-12-22 01:05:54 | INFO     | veri_cek | add_population_features:190 | 1 nüfus kolonu bulundu: ['Nufus_Sayisi']...
2025-12-22 01:05:54 | INFO     | veri_cek | fetch_tables:455 | Tablolar cache'den alındı.
2025-12-22 01:05:54 | INFO     | veri_cek | fetch_tables:455 | Tablolar cache'den alındı.
2025-12-22 01:05:54 | INFO     | veri_cek | build_train_test_frames:504 | Merge bitti -> Train: (1886, 31), Test: (1722, 31)
2025-12-22 01:05:54 | INFO     | veri_cek | build_train_test_frames:504 | Merge bitti -> Train: (1886, 31), Test: (1722, 31)
2025-12-22 01:05:54 | INFO     | veri_cek | add_weather_features:149 | 2 hava durumu kolonu bulundu: ['windspeed_10m_max', 'windgusts_10m_max']...
2025-12-22 01:05:54 | INFO     | veri_cek | add_weather_features:149 | 2 hava durumu kolonu bulundu: ['windspeed_10m_max', 'windgusts_10m_max']...
2025-12-22 01:05:54 | INFO     | veri_cek | add_weather_features:149 | 2 hava durumu kolonu bulundu: ['windspeed_10m_max', 'windgusts_10m_max']...
2025-12-22 01:05:54 | INFO     | veri_cek | add_weather_features:149 | 2 hava durumu kolonu bulundu: ['windspeed_10m_max', 'windgusts_10m_max']...
2025-12-22 01:05:54 | INFO     | veri_cek | add_population_features:190 | 1 nüfus kolonu bulundu: ['Nufus_Sayisi']...
2025-12-22 01:05:54 | INFO     | veri_cek | add_population_features:190 | 1 nüfus kolonu bulundu: ['Nufus_Sayisi']...
2025-12-22 01:05:54 | INFO     | veri_cek | fetch_tables:455 | Tablolar cache'den alındı.
2025-12-22 01:05:54 | INFO     | veri_cek | add_population_features:190 | 1 nüfus kolonu bulundu: ['Nufus_Sayisi']...
2025-12-22 01:05:54 | INFO     | veri_cek | add_population_features:190 | 1 nüfus kolonu bulundu: ['Nufus_Sayisi']...
2025-12-22 01:05:54 | INFO     | veri_cek | fetch_tables:455 | Tablolar cache'den alındı.
2025-12-22 01:05:55 | INFO     | veri_cek | add_weather_features:149 | 2 hava durumu kolonu bulundu: ['windspeed_10m_max', 'windgusts_10m_max']...
2025-12-22 01:05:55 | INFO     | veri_cek | fetch_tables:455 | Tablolar cache'den alındı.
2025-12-22 01:05:55 | INFO     | veri_cek | add_weather_features:149 | 2 hava durumu kolonu bulundu: ['windspeed_10m_max', 'windgusts_10m_max']...
2025-12-22 01:05:55 | INFO     | veri_cek | fetch_tables:455 | Tablolar cache'den alındı.
2025-12-22 01:05:55 | INFO     | veri_cek | build_train_test_frames:504 | Merge bitti -> Train: (1886, 31), Test: (1722, 31)
2025-12-22 01:05:55 | INFO     | veri_cek | build_train_test_frames:504 | Merge bitti -> Train: (1886, 31), Test: (1722, 31)
2025-12-22 01:05:55 | INFO     | veri_cek | build_train_test_frames:504 | Merge bitti -> Train: (1886, 31), Test: (1722, 31)
2025-12-22 01:05:55 | INFO     | veri_cek | build_train_test_frames:504 | Merge bitti -> Train: (1886, 31), Test: (1722, 31)
2025-12-22 01:05:55 | INFO     | veri_cek | add_population_features:190 | 1 nüfus kolonu bulundu: ['Nufus_Sayisi']...
2025-12-22 01:05:55 | INFO     | veri_cek | add_population_features:190 | 1 nüfus kolonu bulundu: ['Nufus_Sayisi']...
2025-12-22 01:05:56 | INFO     | veri_cek | add_weather_features:149 | 2 hava durumu kolonu bulundu: ['windspeed_10m_max', 'windgusts_10m_max']...
2025-12-22 01:05:56 | INFO     | veri_cek | add_weather_features:149 | 2 hava durumu kolonu bulundu: ['windspeed_10m_max', 'windgusts_10m_max']...
2025-12-22 01:05:56 | INFO     | veri_cek | add_weather_features:149 | 2 hava durumu kolonu bulundu: ['windspeed_10m_max', 'windgusts_10m_max']...
2025-12-22 01:05:56 | INFO     | veri_cek | add_weather_features:149 | 2 hava durumu kolonu bulundu: ['windspeed_10m_max', 'windgusts_10m_max']...
2025-12-22 01:05:56 | INFO     | veri_cek | add_weather_features:149 | 2 hava durumu kolonu bulundu: ['windspeed_10m_max', 'windgusts_10m_max']...
2025-12-22 01:05:56 | INFO     | veri_cek | add_weather_features:149 | 2 hava durumu kolonu bulundu: ['windspeed_10m_max', 'windgusts_10m_max']...
2025-12-22 01:05:56 | INFO     | veri_cek | add_population_features:190 | 1 nüfus kolonu bulundu: ['Nufus_Sayisi']...
2025-12-22 01:05:56 | INFO     | veri_cek | add_population_features:190 | 1 nüfus kolonu bulundu: ['Nufus_Sayisi']...
2025-12-22 01:05:56 | INFO     | veri_cek | add_population_features:190 | 1 nüfus kolonu bulundu: ['Nufus_Sayisi']...
2025-12-22 01:05:56 | INFO     | veri_cek | add_population_features:190 | 1 nüfus kolonu bulundu: ['Nufus_Sayisi']...
2025-12-22 01:05:57 | INFO     | veri_cek | add_population_features:190 | 1 nüfus kolonu bulundu: ['Nufus_Sayisi']...
2025-12-22 01:05:57 | INFO     | veri_cek | add_population_features:190 | 1 nüfus kolonu bulundu: ['Nufus_Sayisi']...
2025-12-22 01:05:57 | INFO     | veri_cek | add_weather_features:149 | 2 hava durumu kolonu bulundu: ['windspeed_10m_max', 'windgusts_10m_max']...
2025-12-22 01:05:57 | INFO     | veri_cek | add_weather_features:149 | 2 hava durumu kolonu bulundu: ['windspeed_10m_max', 'windgusts_10m_max']...
2025-12-22 01:05:57 | INFO     | veri_cek | add_weather_features:149 | 2 hava durumu kolonu bulundu: ['windspeed_10m_max', 'windgusts_10m_max']...
2025-12-22 01:05:57 | INFO     | veri_cek | add_weather_features:149 | 2 hava durumu kolonu bulundu: ['windspeed_10m_max', 'windgusts_10m_max']...
2025-12-22 01:05:58 | INFO     | veri_cek | add_population_features:190 | 1 nüfus kolonu bulundu: ['Nufus_Sayisi']...
2025-12-22 01:05:58 | INFO     | veri_cek | add_population_features:190 | 1 nüfus kolonu bulundu: ['Nufus_Sayisi']...
2025-12-22 01:05:58 | INFO     | veri_cek | add_population_features:190 | 1 nüfus kolonu bulundu: ['Nufus_Sayisi']...
2025-12-22 01:05:58 | INFO     | veri_cek | add_population_features:190 | 1 nüfus kolonu bulundu: ['Nufus_Sayisi']...
2025-12-22 01:06:06 | INFO     | veri_cek | fetch_tables:455 | Tablolar cache'den alındı.
2025-12-22 01:06:06 | INFO     | veri_cek | build_train_test_frames:504 | Merge bitti -> Train: (1886, 31), Test: (1722, 31)
2025-12-22 01:06:07 | INFO     | veri_cek | add_weather_features:149 | 2 hava durumu kolonu bulundu: ['windspeed_10m_max', 'windgusts_10m_max']...
2025-12-22 01:06:07 | INFO     | veri_cek | add_population_features:190 | 1 nüfus kolonu bulundu: ['Nufus_Sayisi']...
2025-12-22 01:06:07 | INFO     | veri_cek | add_weather_features:149 | 2 hava durumu kolonu bulundu: ['windspeed_10m_max', 'windgusts_10m_max']...
2025-12-22 01:06:07 | INFO     | veri_cek | add_population_features:190 | 1 nüfus kolonu bulundu: ['Nufus_Sayisi']...
2025-12-22 01:06:07 | INFO     | veri_cek | fetch_tables:455 | Tablolar cache'den alındı.
2025-12-22 01:06:07 | INFO     | veri_cek | build_train_test_frames:504 | Merge bitti -> Train: (1886, 31), Test: (1722, 31)
2025-12-22 01:06:07 | INFO     | veri_cek | add_weather_features:149 | 2 hava durumu kolonu bulundu: ['windspeed_10m_max', 'windgusts_10m_max']...
2025-12-22 01:06:07 | INFO     | veri_cek | add_population_features:190 | 1 nüfus kolonu bulundu: ['Nufus_Sayisi']...
2025-12-22 01:06:07 | INFO     | veri_cek | add_weather_features:149 | 2 hava durumu kolonu bulundu: ['windspeed_10m_max', 'windgusts_10m_max']...
2025-12-22 01:06:07 | INFO     | veri_cek | add_population_features:190 | 1 nüfus kolonu bulundu: ['Nufus_Sayisi']...
2025-12-22 01:06:08 | INFO     | veri_cek | fetch_tables:455 | Tablolar cache'den alındı.
2025-12-22 01:06:08 | INFO     | veri_cek | build_train_test_frames:504 | Merge bitti -> Train: (1886, 31), Test: (1722, 31)
2025-12-22 01:06:08 | INFO     | veri_cek | add_weather_features:149 | 2 hava durumu kolonu bulundu: ['windspeed_10m_max', 'windgusts_10m_max']...
2025-12-22 01:06:08 | INFO     | veri_cek | add_population_features:190 | 1 nüfus kolonu bulundu: ['Nufus_Sayisi']...
2025-12-22 01:06:08 | INFO     | veri_cek | add_weather_features:149 | 2 hava durumu kolonu bulundu: ['windspeed_10m_max', 'windgusts_10m_max']...
2025-12-22 01:06:08 | INFO     | veri_cek | add_population_features:190 | 1 nüfus kolonu bulundu: ['Nufus_Sayisi']...
2025-12-22 01:06:08 | INFO     | veri_cek | fetch_tables:455 | Tablolar cache'den alındı.
2025-12-22 01:06:08 | INFO     | veri_cek | build_train_test_frames:504 | Merge bitti -> Train: (1886, 31), Test: (1722, 31)
2025-12-22 01:06:09 | INFO     | veri_cek | add_weather_features:149 | 2 hava durumu kolonu bulundu: ['windspeed_10m_max', 'windgusts_10m_max']...
2025-12-22 01:06:09 | INFO     | veri_cek | add_population_features:190 | 1 nüfus kolonu bulundu: ['Nufus_Sayisi']...
2025-12-22 01:06:09 | INFO     | veri_cek | add_weather_features:149 | 2 hava durumu kolonu bulundu: ['windspeed_10m_max', 'windgusts_10m_max']...
2025-12-22 01:06:09 | INFO     | veri_cek | add_population_features:190 | 1 nüfus kolonu bulundu: ['Nufus_Sayisi']...
2025-12-22 01:06:09 | INFO     | veri_cek | fetch_tables:455 | Tablolar cache'den alındı.
2025-12-22 01:06:09 | INFO     | veri_cek | fetch_tables:455 | Tablolar cache'den alındı.
2025-12-22 01:06:09 | INFO     | veri_cek | build_train_test_frames:504 | Merge bitti -> Train: (1886, 31), Test: (1722, 31)
2025-12-22 01:06:09 | INFO     | veri_cek | build_train_test_frames:504 | Merge bitti -> Train: (1886, 31), Test: (1722, 31)
2025-12-22 01:06:09 | INFO     | veri_cek | fetch_tables:455 | Tablolar cache'den alındı.
2025-12-22 01:06:09 | INFO     | veri_cek | fetch_tables:455 | Tablolar cache'den alındı.
2025-12-22 01:06:09 | INFO     | veri_cek | fetch_tables:455 | Tablolar cache'den alındı.
2025-12-22 01:06:09 | INFO     | veri_cek | fetch_tables:455 | Tablolar cache'den alındı.
2025-12-22 01:06:10 | INFO     | veri_cek | build_train_test_frames:504 | Merge bitti -> Train: (1886, 31), Test: (1722, 31)
2025-12-22 01:06:10 | INFO     | veri_cek | build_train_test_frames:504 | Merge bitti -> Train: (1886, 31), Test: (1722, 31)
2025-12-22 01:06:10 | INFO     | veri_cek | build_train_test_frames:504 | Merge bitti -> Train: (1886, 31), Test: (1722, 31)
2025-12-22 01:06:10 | INFO     | veri_cek | build_train_test_frames:504 | Merge bitti -> Train: (1886, 31), Test: (1722, 31)
2025-12-22 01:06:10 | INFO     | veri_cek | add_weather_features:149 | 2 hava durumu kolonu bulundu: ['windspeed_10m_max', 'windgusts_10m_max']...
2025-12-22 01:06:10 | INFO     | veri_cek | add_weather_features:149 | 2 hava durumu kolonu bulundu: ['windspeed_10m_max', 'windgusts_10m_max']...
2025-12-22 01:06:10 | INFO     | veri_cek | add_population_features:190 | 1 nüfus kolonu bulundu: ['Nufus_Sayisi']...
2025-12-22 01:06:11 | INFO     | veri_cek | add_population_features:190 | 1 nüfus kolonu bulundu: ['Nufus_Sayisi']...
2025-12-22 01:06:11 | INFO     | veri_cek | add_weather_features:149 | 2 hava durumu kolonu bulundu: ['windspeed_10m_max', 'windgusts_10m_max']...
2025-12-22 01:06:11 | INFO     | veri_cek | add_weather_features:149 | 2 hava durumu kolonu bulundu: ['windspeed_10m_max', 'windgusts_10m_max']...
2025-12-22 01:06:11 | INFO     | veri_cek | add_weather_features:149 | 2 hava durumu kolonu bulundu: ['windspeed_10m_max', 'windgusts_10m_max']...
2025-12-22 01:06:11 | INFO     | veri_cek | add_weather_features:149 | 2 hava durumu kolonu bulundu: ['windspeed_10m_max', 'windgusts_10m_max']...
2025-12-22 01:06:11 | INFO     | veri_cek | add_population_features:190 | 1 nüfus kolonu bulundu: ['Nufus_Sayisi']...
2025-12-22 01:06:11 | INFO     | veri_cek | add_population_features:190 | 1 nüfus kolonu bulundu: ['Nufus_Sayisi']...
2025-12-22 01:06:11 | INFO     | veri_cek | add_population_features:190 | 1 nüfus kolonu bulundu: ['Nufus_Sayisi']...
2025-12-22 01:06:11 | INFO     | veri_cek | add_population_features:190 | 1 nüfus kolonu bulundu: ['Nufus_Sayisi']...
2025-12-22 01:06:11 | INFO     | veri_cek | add_weather_features:149 | 2 hava durumu kolonu bulundu: ['windspeed_10m_max', 'windgusts_10m_max']...
2025-12-22 01:06:11 | INFO     | veri_cek | add_weather_features:149 | 2 hava durumu kolonu bulundu: ['windspeed_10m_max', 'windgusts_10m_max']...
2025-12-22 01:06:12 | INFO     | veri_cek | add_population_features:190 | 1 nüfus kolonu bulundu: ['Nufus_Sayisi']...
2025-12-22 01:06:12 | INFO     | veri_cek | add_population_features:190 | 1 nüfus kolonu bulundu: ['Nufus_Sayisi']...
2025-12-22 01:06:12 | INFO     | veri_cek | fetch_tables:455 | Tablolar cache'den alındı.
2025-12-22 01:06:12 | INFO     | veri_cek | fetch_tables:455 | Tablolar cache'den alındı.
2025-12-22 01:06:12 | INFO     | veri_cek | add_weather_features:149 | 2 hava durumu kolonu bulundu: ['windspeed_10m_max', 'windgusts_10m_max']...
2025-12-22 01:06:12 | INFO     | veri_cek | add_weather_features:149 | 2 hava durumu kolonu bulundu: ['windspeed_10m_max', 'windgusts_10m_max']...
2025-12-22 01:06:12 | INFO     | veri_cek | add_weather_features:149 | 2 hava durumu kolonu bulundu: ['windspeed_10m_max', 'windgusts_10m_max']...
2025-12-22 01:06:12 | INFO     | veri_cek | add_weather_features:149 | 2 hava durumu kolonu bulundu: ['windspeed_10m_max', 'windgusts_10m_max']...
2025-12-22 01:06:12 | INFO     | veri_cek | build_train_test_frames:504 | Merge bitti -> Train: (1886, 31), Test: (1722, 31)
2025-12-22 01:06:12 | INFO     | veri_cek | build_train_test_frames:504 | Merge bitti -> Train: (1886, 31), Test: (1722, 31)
2025-12-22 01:06:13 | INFO     | veri_cek | add_population_features:190 | 1 nüfus kolonu bulundu: ['Nufus_Sayisi']...
2025-12-22 01:06:13 | INFO     | veri_cek | add_population_features:190 | 1 nüfus kolonu bulundu: ['Nufus_Sayisi']...
2025-12-22 01:06:13 | INFO     | veri_cek | add_population_features:190 | 1 nüfus kolonu bulundu: ['Nufus_Sayisi']...
2025-12-22 01:06:13 | INFO     | veri_cek | add_population_features:190 | 1 nüfus kolonu bulundu: ['Nufus_Sayisi']...
2025-12-22 01:06:13 | INFO     | veri_cek | fetch_tables:455 | Tablolar cache'den alındı.
2025-12-22 01:06:13 | INFO     | veri_cek | fetch_tables:455 | Tablolar cache'den alındı.
2025-12-22 01:06:13 | INFO     | veri_cek | fetch_tables:455 | Tablolar cache'den alındı.
2025-12-22 01:06:13 | INFO     | veri_cek | fetch_tables:455 | Tablolar cache'den alındı.
2025-12-22 01:06:13 | INFO     | veri_cek | build_train_test_frames:504 | Merge bitti -> Train: (1886, 31), Test: (1722, 31)
2025-12-22 01:06:13 | INFO     | veri_cek | build_train_test_frames:504 | Merge bitti -> Train: (1886, 31), Test: (1722, 31)
2025-12-22 01:06:13 | INFO     | veri_cek | build_train_test_frames:504 | Merge bitti -> Train: (1886, 31), Test: (1722, 31)
2025-12-22 01:06:13 | INFO     | veri_cek | build_train_test_frames:504 | Merge bitti -> Train: (1886, 31), Test: (1722, 31)
2025-12-22 01:06:13 | INFO     | veri_cek | add_weather_features:149 | 2 hava durumu kolonu bulundu: ['windspeed_10m_max', 'windgusts_10m_max']...
2025-12-22 01:06:13 | INFO     | veri_cek | add_weather_features:149 | 2 hava durumu kolonu bulundu: ['windspeed_10m_max', 'windgusts_10m_max']...
2025-12-22 01:06:14 | INFO     | veri_cek | add_population_features:190 | 1 nüfus kolonu bulundu: ['Nufus_Sayisi']...
2025-12-22 01:06:14 | INFO     | veri_cek | add_population_features:190 | 1 nüfus kolonu bulundu: ['Nufus_Sayisi']...
2025-12-22 01:06:14 | INFO     | veri_cek | add_weather_features:149 | 2 hava durumu kolonu bulundu: ['windspeed_10m_max', 'windgusts_10m_max']...
2025-12-22 01:06:14 | INFO     | veri_cek | add_weather_features:149 | 2 hava durumu kolonu bulundu: ['windspeed_10m_max', 'windgusts_10m_max']...
2025-12-22 01:06:14 | INFO     | veri_cek | add_weather_features:149 | 2 hava durumu kolonu bulundu: ['windspeed_10m_max', 'windgusts_10m_max']...
2025-12-22 01:06:14 | INFO     | veri_cek | add_weather_features:149 | 2 hava durumu kolonu bulundu: ['windspeed_10m_max', 'windgusts_10m_max']...
2025-12-22 01:06:15 | INFO     | veri_cek | add_population_features:190 | 1 nüfus kolonu bulundu: ['Nufus_Sayisi']...
2025-12-22 01:06:15 | INFO     | veri_cek | add_population_features:190 | 1 nüfus kolonu bulundu: ['Nufus_Sayisi']...
2025-12-22 01:06:15 | INFO     | veri_cek | add_population_features:190 | 1 nüfus kolonu bulundu: ['Nufus_Sayisi']...
2025-12-22 01:06:15 | INFO     | veri_cek | add_population_features:190 | 1 nüfus kolonu bulundu: ['Nufus_Sayisi']...
2025-12-22 01:06:15 | INFO     | veri_cek | add_weather_features:149 | 2 hava durumu kolonu bulundu: ['windspeed_10m_max', 'windgusts_10m_max']...
2025-12-22 01:06:15 | INFO     | veri_cek | add_weather_features:149 | 2 hava durumu kolonu bulundu: ['windspeed_10m_max', 'windgusts_10m_max']...
2025-12-22 01:06:16 | INFO     | veri_cek | add_population_features:190 | 1 nüfus kolonu bulundu: ['Nufus_Sayisi']...
2025-12-22 01:06:16 | INFO     | veri_cek | add_population_features:190 | 1 nüfus kolonu bulundu: ['Nufus_Sayisi']...
2025-12-22 01:06:16 | INFO     | veri_cek | add_weather_features:149 | 2 hava durumu kolonu bulundu: ['windspeed_10m_max', 'windgusts_10m_max']...
2025-12-22 01:06:16 | INFO     | veri_cek | add_weather_features:149 | 2 hava durumu kolonu bulundu: ['windspeed_10m_max', 'windgusts_10m_max']...
2025-12-22 01:06:16 | INFO     | veri_cek | add_weather_features:149 | 2 hava durumu kolonu bulundu: ['windspeed_10m_max', 'windgusts_10m_max']...
2025-12-22 01:06:16 | INFO     | veri_cek | add_weather_features:149 | 2 hava durumu kolonu bulundu: ['windspeed_10m_max', 'windgusts_10m_max']...
2025-12-22 01:06:16 | INFO     | veri_cek | add_population_features:190 | 1 nüfus kolonu bulundu: ['Nufus_Sayisi']...
2025-12-22 01:06:16 | INFO     | veri_cek | add_population_features:190 | 1 nüfus kolonu bulundu: ['Nufus_Sayisi']...
2025-12-22 01:06:16 | INFO     | veri_cek | add_population_features:190 | 1 nüfus kolonu bulundu: ['Nufus_Sayisi']...
2025-12-22 01:06:16 | INFO     | veri_cek | add_population_features:190 | 1 nüfus kolonu bulundu: ['Nufus_Sayisi']...
2025-12-22 01:06:17 | INFO     | veri_cek | fetch_tables:455 | Tablolar cache'den alındı.
2025-12-22 01:06:17 | INFO     | veri_cek | build_train_test_frames:504 | Merge bitti -> Train: (1886, 31), Test: (1722, 31)
2025-12-22 01:06:18 | INFO     | veri_cek | fetch_tables:455 | Tablolar cache'den alındı.
2025-12-22 01:06:18 | INFO     | veri_cek | build_train_test_frames:504 | Merge bitti -> Train: (1886, 31), Test: (1722, 31)
2025-12-22 01:06:18 | INFO     | veri_cek | add_weather_features:149 | 2 hava durumu kolonu bulundu: ['windspeed_10m_max', 'windgusts_10m_max']...
2025-12-22 01:06:18 | INFO     | veri_cek | add_population_features:190 | 1 nüfus kolonu bulundu: ['Nufus_Sayisi']...
2025-12-22 01:06:18 | INFO     | veri_cek | add_weather_features:149 | 2 hava durumu kolonu bulundu: ['windspeed_10m_max', 'windgusts_10m_max']...
2025-12-22 01:06:18 | INFO     | veri_cek | add_population_features:190 | 1 nüfus kolonu bulundu: ['Nufus_Sayisi']...
2025-12-22 01:06:18 | INFO     | veri_cek | add_weather_features:149 | 2 hava durumu kolonu bulundu: ['windspeed_10m_max', 'windgusts_10m_max']...
2025-12-22 01:06:19 | INFO     | veri_cek | add_population_features:190 | 1 nüfus kolonu bulundu: ['Nufus_Sayisi']...
2025-12-22 01:06:19 | INFO     | veri_cek | fetch_tables:455 | Tablolar cache'den alındı.
2025-12-22 01:06:19 | INFO     | veri_cek | add_weather_features:149 | 2 hava durumu kolonu bulundu: ['windspeed_10m_max', 'windgusts_10m_max']...
2025-12-22 01:06:19 | INFO     | veri_cek | build_train_test_frames:504 | Merge bitti -> Train: (1886, 31), Test: (1722, 31)
2025-12-22 01:06:19 | INFO     | veri_cek | add_population_features:190 | 1 nüfus kolonu bulundu: ['Nufus_Sayisi']...
2025-12-22 01:06:19 | INFO     | veri_cek | fetch_tables:455 | Tablolar cache'den alındı.
2025-12-22 01:06:19 | INFO     | veri_cek | build_train_test_frames:504 | Merge bitti -> Train: (1886, 31), Test: (1722, 31)
2025-12-22 01:06:19 | INFO     | veri_cek | add_weather_features:149 | 2 hava durumu kolonu bulundu: ['windspeed_10m_max', 'windgusts_10m_max']...
2025-12-22 01:06:19 | INFO     | veri_cek | add_population_features:190 | 1 nüfus kolonu bulundu: ['Nufus_Sayisi']...
2025-12-22 01:06:20 | INFO     | veri_cek | add_weather_features:149 | 2 hava durumu kolonu bulundu: ['windspeed_10m_max', 'windgusts_10m_max']...
2025-12-22 01:06:20 | INFO     | veri_cek | add_population_features:190 | 1 nüfus kolonu bulundu: ['Nufus_Sayisi']...
2025-12-22 01:06:20 | INFO     | veri_cek | add_weather_features:149 | 2 hava durumu kolonu bulundu: ['windspeed_10m_max', 'windgusts_10m_max']...
2025-12-22 01:06:20 | INFO     | veri_cek | add_population_features:190 | 1 nüfus kolonu bulundu: ['Nufus_Sayisi']...
2025-12-22 01:06:20 | INFO     | veri_cek | add_weather_features:149 | 2 hava durumu kolonu bulundu: ['windspeed_10m_max', 'windgusts_10m_max']...
2025-12-22 01:06:20 | INFO     | veri_cek | add_population_features:190 | 1 nüfus kolonu bulundu: ['Nufus_Sayisi']...
2025-12-22 01:06:20 | INFO     | veri_cek | fetch_tables:455 | Tablolar cache'den alındı.
2025-12-22 01:06:21 | INFO     | veri_cek | build_train_test_frames:504 | Merge bitti -> Train: (1886, 31), Test: (1722, 31)
2025-12-22 01:06:21 | INFO     | veri_cek | fetch_tables:455 | Tablolar cache'den alındı.
2025-12-22 01:06:21 | INFO     | veri_cek | build_train_test_frames:504 | Merge bitti -> Train: (1886, 31), Test: (1722, 31)
2025-12-22 01:06:21 | INFO     | veri_cek | add_weather_features:149 | 2 hava durumu kolonu bulundu: ['windspeed_10m_max', 'windgusts_10m_max']...
2025-12-22 01:06:21 | INFO     | veri_cek | add_population_features:190 | 1 nüfus kolonu bulundu: ['Nufus_Sayisi']...
2025-12-22 01:06:21 | INFO     | veri_cek | add_weather_features:149 | 2 hava durumu kolonu bulundu: ['windspeed_10m_max', 'windgusts_10m_max']...
2025-12-22 01:06:21 | INFO     | veri_cek | add_population_features:190 | 1 nüfus kolonu bulundu: ['Nufus_Sayisi']...
2025-12-22 01:06:21 | INFO     | veri_cek | add_weather_features:149 | 2 hava durumu kolonu bulundu: ['windspeed_10m_max', 'windgusts_10m_max']...
2025-12-22 01:06:22 | INFO     | veri_cek | add_population_features:190 | 1 nüfus kolonu bulundu: ['Nufus_Sayisi']...
2025-12-22 01:06:22 | INFO     | veri_cek | fetch_tables:455 | Tablolar cache'den alındı.
2025-12-22 01:06:22 | INFO     | veri_cek | build_train_test_frames:504 | Merge bitti -> Train: (1886, 31), Test: (1722, 31)
2025-12-22 01:06:22 | INFO     | veri_cek | add_weather_features:149 | 2 hava durumu kolonu bulundu: ['windspeed_10m_max', 'windgusts_10m_max']...
2025-12-22 01:06:22 | INFO     | veri_cek | add_population_features:190 | 1 nüfus kolonu bulundu: ['Nufus_Sayisi']...
2025-12-22 01:06:22 | INFO     | veri_cek | fetch_tables:455 | Tablolar cache'den alındı.
2025-12-22 01:06:22 | INFO     | veri_cek | build_train_test_frames:504 | Merge bitti -> Train: (1886, 31), Test: (1722, 31)
2025-12-22 01:06:22 | INFO     | veri_cek | add_weather_features:149 | 2 hava durumu kolonu bulundu: ['windspeed_10m_max', 'windgusts_10m_max']...
2025-12-22 01:06:22 | INFO     | veri_cek | add_population_features:190 | 1 nüfus kolonu bulundu: ['Nufus_Sayisi']...
2025-12-22 01:06:23 | INFO     | veri_cek | add_weather_features:149 | 2 hava durumu kolonu bulundu: ['windspeed_10m_max', 'windgusts_10m_max']...
2025-12-22 01:06:23 | INFO     | veri_cek | add_population_features:190 | 1 nüfus kolonu bulundu: ['Nufus_Sayisi']...
2025-12-22 01:06:23 | INFO     | veri_cek | add_weather_features:149 | 2 hava durumu kolonu bulundu: ['windspeed_10m_max', 'windgusts_10m_max']...
2025-12-22 01:06:23 | INFO     | veri_cek | add_population_features:190 | 1 nüfus kolonu bulundu: ['Nufus_Sayisi']...
2025-12-22 01:06:23 | INFO     | veri_cek | add_weather_features:149 | 2 hava durumu kolonu bulundu: ['windspeed_10m_max', 'windgusts_10m_max']...
2025-12-22 01:06:23 | INFO     | veri_cek | add_population_features:190 | 1 nüfus kolonu bulundu: ['Nufus_Sayisi']...
2025-12-22 01:06:23 | INFO     | veri_cek | fetch_tables:455 | Tablolar cache'den alındı.
2025-12-22 01:06:23 | INFO     | veri_cek | build_train_test_frames:504 | Merge bitti -> Train: (1886, 31), Test: (1722, 31)
2025-12-22 01:06:24 | INFO     | veri_cek | fetch_tables:455 | Tablolar cache'den alındı.
2025-12-22 01:06:24 | INFO     | veri_cek | fetch_tables:455 | Tablolar cache'den alındı.
2025-12-22 01:06:24 | INFO     | veri_cek | fetch_tables:455 | Tablolar cache'den alındı.
2025-12-22 01:06:24 | INFO     | veri_cek | fetch_tables:455 | Tablolar cache'den alındı.
2025-12-22 01:06:24 | INFO     | veri_cek | fetch_tables:455 | Tablolar cache'den alındı.
2025-12-22 01:06:24 | INFO     | veri_cek | build_train_test_frames:504 | Merge bitti -> Train: (1886, 31), Test: (1722, 31)
2025-12-22 01:06:24 | INFO     | veri_cek | build_train_test_frames:504 | Merge bitti -> Train: (1886, 31), Test: (1722, 31)
2025-12-22 01:06:24 | INFO     | veri_cek | build_train_test_frames:504 | Merge bitti -> Train: (1886, 31), Test: (1722, 31)
2025-12-22 01:06:24 | INFO     | veri_cek | build_train_test_frames:504 | Merge bitti -> Train: (1886, 31), Test: (1722, 31)
2025-12-22 01:06:24 | INFO     | veri_cek | build_train_test_frames:504 | Merge bitti -> Train: (1886, 31), Test: (1722, 31)
2025-12-22 01:06:24 | INFO     | veri_cek | add_weather_features:149 | 2 hava durumu kolonu bulundu: ['windspeed_10m_max', 'windgusts_10m_max']...
2025-12-22 01:06:25 | INFO     | veri_cek | add_weather_features:149 | 2 hava durumu kolonu bulundu: ['windspeed_10m_max', 'windgusts_10m_max']...
2025-12-22 01:06:25 | INFO     | veri_cek | add_population_features:190 | 1 nüfus kolonu bulundu: ['Nufus_Sayisi']...
2025-12-22 01:06:25 | INFO     | veri_cek | add_weather_features:149 | 2 hava durumu kolonu bulundu: ['windspeed_10m_max', 'windgusts_10m_max']...
2025-12-22 01:06:25 | INFO     | veri_cek | add_weather_features:149 | 2 hava durumu kolonu bulundu: ['windspeed_10m_max', 'windgusts_10m_max']...
2025-12-22 01:06:25 | INFO     | veri_cek | add_weather_features:149 | 2 hava durumu kolonu bulundu: ['windspeed_10m_max', 'windgusts_10m_max']...
2025-12-22 01:06:25 | INFO     | veri_cek | add_weather_features:149 | 2 hava durumu kolonu bulundu: ['windspeed_10m_max', 'windgusts_10m_max']...
2025-12-22 01:06:25 | INFO     | veri_cek | add_population_features:190 | 1 nüfus kolonu bulundu: ['Nufus_Sayisi']...
2025-12-22 01:06:25 | INFO     | veri_cek | add_population_features:190 | 1 nüfus kolonu bulundu: ['Nufus_Sayisi']...
2025-12-22 01:06:25 | INFO     | veri_cek | add_population_features:190 | 1 nüfus kolonu bulundu: ['Nufus_Sayisi']...
2025-12-22 01:06:25 | INFO     | veri_cek | add_population_features:190 | 1 nüfus kolonu bulundu: ['Nufus_Sayisi']...
2025-12-22 01:06:25 | INFO     | veri_cek | add_population_features:190 | 1 nüfus kolonu bulundu: ['Nufus_Sayisi']...
2025-12-22 01:06:25 | INFO     | veri_cek | add_weather_features:149 | 2 hava durumu kolonu bulundu: ['windspeed_10m_max', 'windgusts_10m_max']...
2025-12-22 01:06:26 | INFO     | veri_cek | add_weather_features:149 | 2 hava durumu kolonu bulundu: ['windspeed_10m_max', 'windgusts_10m_max']...
2025-12-22 01:06:26 | INFO     | veri_cek | add_population_features:190 | 1 nüfus kolonu bulundu: ['Nufus_Sayisi']...
2025-12-22 01:06:26 | INFO     | veri_cek | add_weather_features:149 | 2 hava durumu kolonu bulundu: ['windspeed_10m_max', 'windgusts_10m_max']...
2025-12-22 01:06:26 | INFO     | veri_cek | add_weather_features:149 | 2 hava durumu kolonu bulundu: ['windspeed_10m_max', 'windgusts_10m_max']...
2025-12-22 01:06:26 | INFO     | veri_cek | add_weather_features:149 | 2 hava durumu kolonu bulundu: ['windspeed_10m_max', 'windgusts_10m_max']...
2025-12-22 01:06:26 | INFO     | veri_cek | add_weather_features:149 | 2 hava durumu kolonu bulundu: ['windspeed_10m_max', 'windgusts_10m_max']...
2025-12-22 01:06:26 | INFO     | veri_cek | fetch_tables:455 | Tablolar cache'den alındı.
2025-12-22 01:06:26 | INFO     | veri_cek | build_train_test_frames:504 | Merge bitti -> Train: (1886, 31), Test: (1722, 31)
2025-12-22 01:06:26 | INFO     | veri_cek | add_population_features:190 | 1 nüfus kolonu bulundu: ['Nufus_Sayisi']...
2025-12-22 01:06:26 | INFO     | veri_cek | add_population_features:190 | 1 nüfus kolonu bulundu: ['Nufus_Sayisi']...
2025-12-22 01:06:26 | INFO     | veri_cek | add_population_features:190 | 1 nüfus kolonu bulundu: ['Nufus_Sayisi']...
2025-12-22 01:06:26 | INFO     | veri_cek | add_population_features:190 | 1 nüfus kolonu bulundu: ['Nufus_Sayisi']...
2025-12-22 01:06:26 | INFO     | veri_cek | add_population_features:190 | 1 nüfus kolonu bulundu: ['Nufus_Sayisi']...
2025-12-22 01:06:26 | INFO     | veri_cek | fetch_tables:455 | Tablolar cache'den alındı.
2025-12-22 01:06:26 | INFO     | veri_cek | fetch_tables:455 | Tablolar cache'den alındı.
2025-12-22 01:06:26 | INFO     | veri_cek | fetch_tables:455 | Tablolar cache'den alındı.
2025-12-22 01:06:26 | INFO     | veri_cek | fetch_tables:455 | Tablolar cache'den alındı.
2025-12-22 01:06:27 | INFO     | veri_cek | fetch_tables:455 | Tablolar cache'den alındı.
2025-12-22 01:06:27 | INFO     | veri_cek | build_train_test_frames:504 | Merge bitti -> Train: (1886, 31), Test: (1722, 31)
2025-12-22 01:06:27 | INFO     | veri_cek | build_train_test_frames:504 | Merge bitti -> Train: (1886, 31), Test: (1722, 31)
2025-12-22 01:06:27 | INFO     | veri_cek | build_train_test_frames:504 | Merge bitti -> Train: (1886, 31), Test: (1722, 31)
2025-12-22 01:06:27 | INFO     | veri_cek | build_train_test_frames:504 | Merge bitti -> Train: (1886, 31), Test: (1722, 31)
2025-12-22 01:06:27 | INFO     | veri_cek | build_train_test_frames:504 | Merge bitti -> Train: (1886, 31), Test: (1722, 31)
2025-12-22 01:06:27 | INFO     | veri_cek | add_weather_features:149 | 2 hava durumu kolonu bulundu: ['windspeed_10m_max', 'windgusts_10m_max']...
2025-12-22 01:06:27 | INFO     | veri_cek | add_weather_features:149 | 2 hava durumu kolonu bulundu: ['windspeed_10m_max', 'windgusts_10m_max']...
2025-12-22 01:06:27 | INFO     | veri_cek | add_weather_features:149 | 2 hava durumu kolonu bulundu: ['windspeed_10m_max', 'windgusts_10m_max']...
2025-12-22 01:06:27 | INFO     | veri_cek | add_weather_features:149 | 2 hava durumu kolonu bulundu: ['windspeed_10m_max', 'windgusts_10m_max']...
2025-12-22 01:06:27 | INFO     | veri_cek | add_population_features:190 | 1 nüfus kolonu bulundu: ['Nufus_Sayisi']...
2025-12-22 01:06:27 | INFO     | veri_cek | add_weather_features:149 | 2 hava durumu kolonu bulundu: ['windspeed_10m_max', 'windgusts_10m_max']...
2025-12-22 01:06:27 | INFO     | veri_cek | add_weather_features:149 | 2 hava durumu kolonu bulundu: ['windspeed_10m_max', 'windgusts_10m_max']...
2025-12-22 01:06:28 | INFO     | veri_cek | add_population_features:190 | 1 nüfus kolonu bulundu: ['Nufus_Sayisi']...
2025-12-22 01:06:28 | INFO     | veri_cek | add_population_features:190 | 1 nüfus kolonu bulundu: ['Nufus_Sayisi']...
2025-12-22 01:06:28 | INFO     | veri_cek | add_population_features:190 | 1 nüfus kolonu bulundu: ['Nufus_Sayisi']...
2025-12-22 01:06:28 | INFO     | veri_cek | add_population_features:190 | 1 nüfus kolonu bulundu: ['Nufus_Sayisi']...
2025-12-22 01:06:28 | INFO     | veri_cek | add_population_features:190 | 1 nüfus kolonu bulundu: ['Nufus_Sayisi']...
2025-12-22 01:06:28 | INFO     | veri_cek | add_weather_features:149 | 2 hava durumu kolonu bulundu: ['windspeed_10m_max', 'windgusts_10m_max']...
2025-12-22 01:06:28 | INFO     | veri_cek | add_weather_features:149 | 2 hava durumu kolonu bulundu: ['windspeed_10m_max', 'windgusts_10m_max']...
2025-12-22 01:06:28 | INFO     | veri_cek | add_weather_features:149 | 2 hava durumu kolonu bulundu: ['windspeed_10m_max', 'windgusts_10m_max']...
2025-12-22 01:06:29 | INFO     | veri_cek | add_population_features:190 | 1 nüfus kolonu bulundu: ['Nufus_Sayisi']...
2025-12-22 01:06:29 | INFO     | veri_cek | add_weather_features:149 | 2 hava durumu kolonu bulundu: ['windspeed_10m_max', 'windgusts_10m_max']...
2025-12-22 01:06:29 | INFO     | veri_cek | add_weather_features:149 | 2 hava durumu kolonu bulundu: ['windspeed_10m_max', 'windgusts_10m_max']...
2025-12-22 01:06:29 | INFO     | veri_cek | add_weather_features:149 | 2 hava durumu kolonu bulundu: ['windspeed_10m_max', 'windgusts_10m_max']...
2025-12-22 01:06:29 | INFO     | veri_cek | add_population_features:190 | 1 nüfus kolonu bulundu: ['Nufus_Sayisi']...
2025-12-22 01:06:29 | INFO     | veri_cek | add_population_features:190 | 1 nüfus kolonu bulundu: ['Nufus_Sayisi']...
2025-12-22 01:06:29 | INFO     | veri_cek | add_population_features:190 | 1 nüfus kolonu bulundu: ['Nufus_Sayisi']...
2025-12-22 01:06:29 | INFO     | veri_cek | add_population_features:190 | 1 nüfus kolonu bulundu: ['Nufus_Sayisi']...
2025-12-22 01:06:29 | INFO     | veri_cek | add_population_features:190 | 1 nüfus kolonu bulundu: ['Nufus_Sayisi']...
2025-12-22 01:06:29 | INFO     | veri_cek | fetch_tables:455 | Tablolar cache'den alındı.
2025-12-22 01:06:30 | INFO     | veri_cek | fetch_tables:455 | Tablolar cache'den alındı.
2025-12-22 01:06:30 | INFO     | veri_cek | build_train_test_frames:504 | Merge bitti -> Train: (1886, 31), Test: (1722, 31)
2025-12-22 01:06:30 | INFO     | veri_cek | fetch_tables:455 | Tablolar cache'den alındı.
2025-12-22 01:06:30 | INFO     | veri_cek | build_train_test_frames:504 | Merge bitti -> Train: (1886, 31), Test: (1722, 31)
2025-12-22 01:06:30 | INFO     | veri_cek | fetch_tables:455 | Tablolar cache'den alındı.
2025-12-22 01:06:30 | INFO     | veri_cek | fetch_tables:455 | Tablolar cache'den alındı.
2025-12-22 01:06:30 | INFO     | veri_cek | fetch_tables:455 | Tablolar cache'den alındı.
2025-12-22 01:06:30 | INFO     | veri_cek | build_train_test_frames:504 | Merge bitti -> Train: (1886, 31), Test: (1722, 31)
2025-12-22 01:06:30 | INFO     | veri_cek | build_train_test_frames:504 | Merge bitti -> Train: (1886, 31), Test: (1722, 31)
2025-12-22 01:06:30 | INFO     | veri_cek | build_train_test_frames:504 | Merge bitti -> Train: (1886, 31), Test: (1722, 31)
2025-12-22 01:06:30 | INFO     | veri_cek | build_train_test_frames:504 | Merge bitti -> Train: (1886, 31), Test: (1722, 31)
2025-12-22 01:06:31 | INFO     | veri_cek | add_weather_features:149 | 2 hava durumu kolonu bulundu: ['windspeed_10m_max', 'windgusts_10m_max']...
2025-12-22 01:06:31 | INFO     | veri_cek | add_weather_features:149 | 2 hava durumu kolonu bulundu: ['windspeed_10m_max', 'windgusts_10m_max']...
2025-12-22 01:06:31 | INFO     | veri_cek | add_weather_features:149 | 2 hava durumu kolonu bulundu: ['windspeed_10m_max', 'windgusts_10m_max']...
2025-12-22 01:06:31 | INFO     | veri_cek | add_weather_features:149 | 2 hava durumu kolonu bulundu: ['windspeed_10m_max', 'windgusts_10m_max']...
2025-12-22 01:06:31 | INFO     | veri_cek | add_population_features:190 | 1 nüfus kolonu bulundu: ['Nufus_Sayisi']...
2025-12-22 01:06:31 | INFO     | veri_cek | add_weather_features:149 | 2 hava durumu kolonu bulundu: ['windspeed_10m_max', 'windgusts_10m_max']...
2025-12-22 01:06:31 | INFO     | veri_cek | add_weather_features:149 | 2 hava durumu kolonu bulundu: ['windspeed_10m_max', 'windgusts_10m_max']...
2025-12-22 01:06:32 | INFO     | veri_cek | add_population_features:190 | 1 nüfus kolonu bulundu: ['Nufus_Sayisi']...
2025-12-22 01:06:32 | INFO     | veri_cek | add_population_features:190 | 1 nüfus kolonu bulundu: ['Nufus_Sayisi']...
2025-12-22 01:06:32 | INFO     | veri_cek | add_population_features:190 | 1 nüfus kolonu bulundu: ['Nufus_Sayisi']...
2025-12-22 01:06:32 | INFO     | veri_cek | add_population_features:190 | 1 nüfus kolonu bulundu: ['Nufus_Sayisi']...
2025-12-22 01:06:32 | INFO     | veri_cek | add_population_features:190 | 1 nüfus kolonu bulundu: ['Nufus_Sayisi']...
2025-12-22 01:06:32 | INFO     | veri_cek | add_weather_features:149 | 2 hava durumu kolonu bulundu: ['windspeed_10m_max', 'windgusts_10m_max']...
2025-12-22 01:06:33 | INFO     | veri_cek | add_weather_features:149 | 2 hava durumu kolonu bulundu: ['windspeed_10m_max', 'windgusts_10m_max']...
2025-12-22 01:06:33 | INFO     | veri_cek | add_weather_features:149 | 2 hava durumu kolonu bulundu: ['windspeed_10m_max', 'windgusts_10m_max']...
2025-12-22 01:06:33 | INFO     | veri_cek | add_weather_features:149 | 2 hava durumu kolonu bulundu: ['windspeed_10m_max', 'windgusts_10m_max']...
2025-12-22 01:06:33 | INFO     | veri_cek | add_population_features:190 | 1 nüfus kolonu bulundu: ['Nufus_Sayisi']...
2025-12-22 01:06:33 | INFO     | veri_cek | add_weather_features:149 | 2 hava durumu kolonu bulundu: ['windspeed_10m_max', 'windgusts_10m_max']...
2025-12-22 01:06:33 | INFO     | veri_cek | fetch_tables:455 | Tablolar cache'den alındı.
2025-12-22 01:06:33 | INFO     | veri_cek | add_weather_features:149 | 2 hava durumu kolonu bulundu: ['windspeed_10m_max', 'windgusts_10m_max']...
2025-12-22 01:06:33 | INFO     | veri_cek | add_population_features:190 | 1 nüfus kolonu bulundu: ['Nufus_Sayisi']...
2025-12-22 01:06:33 | INFO     | veri_cek | build_train_test_frames:504 | Merge bitti -> Train: (1886, 31), Test: (1722, 31)
2025-12-22 01:06:33 | INFO     | veri_cek | add_population_features:190 | 1 nüfus kolonu bulundu: ['Nufus_Sayisi']...
2025-12-22 01:06:33 | INFO     | veri_cek | fetch_tables:455 | Tablolar cache'den alındı.
2025-12-22 01:06:33 | INFO     | veri_cek | add_population_features:190 | 1 nüfus kolonu bulundu: ['Nufus_Sayisi']...
2025-12-22 01:06:33 | INFO     | veri_cek | add_population_features:190 | 1 nüfus kolonu bulundu: ['Nufus_Sayisi']...
2025-12-22 01:06:33 | INFO     | veri_cek | fetch_tables:455 | Tablolar cache'den alındı.
2025-12-22 01:06:33 | INFO     | veri_cek | fetch_tables:455 | Tablolar cache'den alındı.
2025-12-22 01:06:34 | INFO     | veri_cek | build_train_test_frames:504 | Merge bitti -> Train: (1886, 31), Test: (1722, 31)
2025-12-22 01:06:34 | INFO     | veri_cek | fetch_tables:455 | Tablolar cache'den alındı.
2025-12-22 01:06:34 | INFO     | veri_cek | add_population_features:190 | 1 nüfus kolonu bulundu: ['Nufus_Sayisi']...
2025-12-22 01:06:34 | INFO     | veri_cek | build_train_test_frames:504 | Merge bitti -> Train: (1886, 31), Test: (1722, 31)
2025-12-22 01:06:34 | INFO     | veri_cek | build_train_test_frames:504 | Merge bitti -> Train: (1886, 31), Test: (1722, 31)
2025-12-22 01:06:34 | INFO     | veri_cek | build_train_test_frames:504 | Merge bitti -> Train: (1886, 31), Test: (1722, 31)
2025-12-22 01:06:34 | INFO     | veri_cek | fetch_tables:455 | Tablolar cache'den alındı.
2025-12-22 01:06:34 | INFO     | veri_cek | build_train_test_frames:504 | Merge bitti -> Train: (1886, 31), Test: (1722, 31)
2025-12-22 01:06:34 | INFO     | veri_cek | add_weather_features:149 | 2 hava durumu kolonu bulundu: ['windspeed_10m_max', 'windgusts_10m_max']...
2025-12-22 01:06:34 | INFO     | veri_cek | add_weather_features:149 | 2 hava durumu kolonu bulundu: ['windspeed_10m_max', 'windgusts_10m_max']...
2025-12-22 01:06:34 | INFO     | veri_cek | add_weather_features:149 | 2 hava durumu kolonu bulundu: ['windspeed_10m_max', 'windgusts_10m_max']...
2025-12-22 01:06:34 | INFO     | veri_cek | add_weather_features:149 | 2 hava durumu kolonu bulundu: ['windspeed_10m_max', 'windgusts_10m_max']...
2025-12-22 01:06:35 | INFO     | veri_cek | add_weather_features:149 | 2 hava durumu kolonu bulundu: ['windspeed_10m_max', 'windgusts_10m_max']...
2025-12-22 01:06:35 | INFO     | veri_cek | add_population_features:190 | 1 nüfus kolonu bulundu: ['Nufus_Sayisi']...
2025-12-22 01:06:35 | INFO     | veri_cek | add_weather_features:149 | 2 hava durumu kolonu bulundu: ['windspeed_10m_max', 'windgusts_10m_max']...
2025-12-22 01:06:35 | INFO     | veri_cek | add_population_features:190 | 1 nüfus kolonu bulundu: ['Nufus_Sayisi']...
2025-12-22 01:06:35 | INFO     | veri_cek | add_population_features:190 | 1 nüfus kolonu bulundu: ['Nufus_Sayisi']...
2025-12-22 01:06:35 | INFO     | veri_cek | add_population_features:190 | 1 nüfus kolonu bulundu: ['Nufus_Sayisi']...
2025-12-22 01:06:35 | INFO     | veri_cek | add_population_features:190 | 1 nüfus kolonu bulundu: ['Nufus_Sayisi']...
2025-12-22 01:06:35 | INFO     | veri_cek | add_population_features:190 | 1 nüfus kolonu bulundu: ['Nufus_Sayisi']...
2025-12-22 01:06:36 | INFO     | veri_cek | add_weather_features:149 | 2 hava durumu kolonu bulundu: ['windspeed_10m_max', 'windgusts_10m_max']...
2025-12-22 01:06:36 | INFO     | veri_cek | add_weather_features:149 | 2 hava durumu kolonu bulundu: ['windspeed_10m_max', 'windgusts_10m_max']...
2025-12-22 01:06:36 | INFO     | veri_cek | add_weather_features:149 | 2 hava durumu kolonu bulundu: ['windspeed_10m_max', 'windgusts_10m_max']...
2025-12-22 01:06:36 | INFO     | veri_cek | add_weather_features:149 | 2 hava durumu kolonu bulundu: ['windspeed_10m_max', 'windgusts_10m_max']...
2025-12-22 01:06:36 | INFO     | veri_cek | add_weather_features:149 | 2 hava durumu kolonu bulundu: ['windspeed_10m_max', 'windgusts_10m_max']...
2025-12-22 01:06:36 | INFO     | veri_cek | add_population_features:190 | 1 nüfus kolonu bulundu: ['Nufus_Sayisi']...
2025-12-22 01:06:36 | INFO     | veri_cek | add_weather_features:149 | 2 hava durumu kolonu bulundu: ['windspeed_10m_max', 'windgusts_10m_max']...
2025-12-22 01:06:36 | INFO     | veri_cek | add_population_features:190 | 1 nüfus kolonu bulundu: ['Nufus_Sayisi']...
2025-12-22 01:06:36 | INFO     | veri_cek | add_population_features:190 | 1 nüfus kolonu bulundu: ['Nufus_Sayisi']...
2025-12-22 01:06:36 | INFO     | veri_cek | add_population_features:190 | 1 nüfus kolonu bulundu: ['Nufus_Sayisi']...
2025-12-22 01:06:36 | INFO     | veri_cek | add_population_features:190 | 1 nüfus kolonu bulundu: ['Nufus_Sayisi']...
2025-12-22 01:06:36 | INFO     | veri_cek | add_population_features:190 | 1 nüfus kolonu bulundu: ['Nufus_Sayisi']...
2025-12-22 01:07:42 | INFO     | veri_cek | fetch_tables:455 | Tablolar cache'den alındı.
2025-12-22 01:07:42 | INFO     | veri_cek | build_train_test_frames:504 | Merge bitti -> Train: (1886, 31), Test: (1722, 31)
2025-12-22 01:07:42 | INFO     | veri_cek | add_weather_features:149 | 2 hava durumu kolonu bulundu: ['windspeed_10m_max', 'windgusts_10m_max']...
2025-12-22 01:07:42 | INFO     | veri_cek | add_population_features:190 | 1 nüfus kolonu bulundu: ['Nufus_Sayisi']...
2025-12-22 01:07:42 | INFO     | veri_cek | add_weather_features:149 | 2 hava durumu kolonu bulundu: ['windspeed_10m_max', 'windgusts_10m_max']...
2025-12-22 01:07:42 | INFO     | veri_cek | add_population_features:190 | 1 nüfus kolonu bulundu: ['Nufus_Sayisi']...
2025-12-22 01:07:42 | INFO     | veri_cek | fetch_tables:455 | Tablolar cache'den alındı.
2025-12-22 01:07:42 | INFO     | veri_cek | build_train_test_frames:504 | Merge bitti -> Train: (1886, 31), Test: (1722, 31)
2025-12-22 01:07:42 | INFO     | veri_cek | add_weather_features:149 | 2 hava durumu kolonu bulundu: ['windspeed_10m_max', 'windgusts_10m_max']...
2025-12-22 01:07:42 | INFO     | veri_cek | add_population_features:190 | 1 nüfus kolonu bulundu: ['Nufus_Sayisi']...
2025-12-22 01:07:42 | INFO     | veri_cek | add_weather_features:149 | 2 hava durumu kolonu bulundu: ['windspeed_10m_max', 'windgusts_10m_max']...
2025-12-22 01:07:42 | INFO     | veri_cek | add_population_features:190 | 1 nüfus kolonu bulundu: ['Nufus_Sayisi']...
2025-12-22 01:07:43 | INFO     | veri_cek | fetch_tables:455 | Tablolar cache'den alındı.
2025-12-22 01:07:43 | INFO     | veri_cek | build_train_test_frames:504 | Merge bitti -> Train: (1886, 31), Test: (1722, 31)
2025-12-22 01:07:43 | INFO     | veri_cek | add_weather_features:149 | 2 hava durumu kolonu bulundu: ['windspeed_10m_max', 'windgusts_10m_max']...
2025-12-22 01:07:43 | INFO     | veri_cek | add_population_features:190 | 1 nüfus kolonu bulundu: ['Nufus_Sayisi']...
2025-12-22 01:07:43 | INFO     | veri_cek | add_weather_features:149 | 2 hava durumu kolonu bulundu: ['windspeed_10m_max', 'windgusts_10m_max']...
2025-12-22 01:07:43 | INFO     | veri_cek | add_population_features:190 | 1 nüfus kolonu bulundu: ['Nufus_Sayisi']...
2025-12-22 01:07:43 | INFO     | veri_cek | fetch_tables:455 | Tablolar cache'den alındı.
2025-12-22 01:07:43 | INFO     | veri_cek | build_train_test_frames:504 | Merge bitti -> Train: (1886, 31), Test: (1722, 31)
2025-12-22 01:07:43 | INFO     | veri_cek | add_weather_features:149 | 2 hava durumu kolonu bulundu: ['windspeed_10m_max', 'windgusts_10m_max']...
2025-12-22 01:07:44 | INFO     | veri_cek | add_population_features:190 | 1 nüfus kolonu bulundu: ['Nufus_Sayisi']...
2025-12-22 01:07:44 | INFO     | veri_cek | add_weather_features:149 | 2 hava durumu kolonu bulundu: ['windspeed_10m_max', 'windgusts_10m_max']...
2025-12-22 01:07:44 | INFO     | veri_cek | add_population_features:190 | 1 nüfus kolonu bulundu: ['Nufus_Sayisi']...
2025-12-22 01:07:44 | INFO     | veri_cek | fetch_tables:455 | Tablolar cache'den alındı.
2025-12-22 01:07:44 | INFO     | veri_cek | fetch_tables:455 | Tablolar cache'den alındı.
2025-12-22 01:07:44 | INFO     | veri_cek | build_train_test_frames:504 | Merge bitti -> Train: (1886, 31), Test: (1722, 31)
2025-12-22 01:07:44 | INFO     | veri_cek | build_train_test_frames:504 | Merge bitti -> Train: (1886, 31), Test: (1722, 31)
2025-12-22 01:07:44 | INFO     | veri_cek | fetch_tables:455 | Tablolar cache'den alındı.
2025-12-22 01:07:44 | INFO     | veri_cek | fetch_tables:455 | Tablolar cache'den alındı.
2025-12-22 01:07:44 | INFO     | veri_cek | fetch_tables:455 | Tablolar cache'den alındı.
2025-12-22 01:07:44 | INFO     | veri_cek | fetch_tables:455 | Tablolar cache'den alındı.
2025-12-22 01:07:45 | INFO     | veri_cek | build_train_test_frames:504 | Merge bitti -> Train: (1886, 31), Test: (1722, 31)
2025-12-22 01:07:45 | INFO     | veri_cek | build_train_test_frames:504 | Merge bitti -> Train: (1886, 31), Test: (1722, 31)
2025-12-22 01:07:45 | INFO     | veri_cek | build_train_test_frames:504 | Merge bitti -> Train: (1886, 31), Test: (1722, 31)
2025-12-22 01:07:45 | INFO     | veri_cek | build_train_test_frames:504 | Merge bitti -> Train: (1886, 31), Test: (1722, 31)
2025-12-22 01:07:45 | INFO     | veri_cek | add_weather_features:149 | 2 hava durumu kolonu bulundu: ['windspeed_10m_max', 'windgusts_10m_max']...
2025-12-22 01:07:45 | INFO     | veri_cek | add_weather_features:149 | 2 hava durumu kolonu bulundu: ['windspeed_10m_max', 'windgusts_10m_max']...
2025-12-22 01:07:45 | INFO     | veri_cek | add_population_features:190 | 1 nüfus kolonu bulundu: ['Nufus_Sayisi']...
2025-12-22 01:07:45 | INFO     | veri_cek | add_population_features:190 | 1 nüfus kolonu bulundu: ['Nufus_Sayisi']...
2025-12-22 01:07:46 | INFO     | veri_cek | add_weather_features:149 | 2 hava durumu kolonu bulundu: ['windspeed_10m_max', 'windgusts_10m_max']...
2025-12-22 01:07:46 | INFO     | veri_cek | add_weather_features:149 | 2 hava durumu kolonu bulundu: ['windspeed_10m_max', 'windgusts_10m_max']...
2025-12-22 01:07:46 | INFO     | veri_cek | add_weather_features:149 | 2 hava durumu kolonu bulundu: ['windspeed_10m_max', 'windgusts_10m_max']...
2025-12-22 01:07:46 | INFO     | veri_cek | add_weather_features:149 | 2 hava durumu kolonu bulundu: ['windspeed_10m_max', 'windgusts_10m_max']...
2025-12-22 01:07:46 | INFO     | veri_cek | add_population_features:190 | 1 nüfus kolonu bulundu: ['Nufus_Sayisi']...
2025-12-22 01:07:46 | INFO     | veri_cek | add_population_features:190 | 1 nüfus kolonu bulundu: ['Nufus_Sayisi']...
2025-12-22 01:07:46 | INFO     | veri_cek | add_population_features:190 | 1 nüfus kolonu bulundu: ['Nufus_Sayisi']...
2025-12-22 01:07:46 | INFO     | veri_cek | add_population_features:190 | 1 nüfus kolonu bulundu: ['Nufus_Sayisi']...
2025-12-22 01:07:46 | INFO     | veri_cek | add_weather_features:149 | 2 hava durumu kolonu bulundu: ['windspeed_10m_max', 'windgusts_10m_max']...
2025-12-22 01:07:46 | INFO     | veri_cek | add_weather_features:149 | 2 hava durumu kolonu bulundu: ['windspeed_10m_max', 'windgusts_10m_max']...
2025-12-22 01:07:47 | INFO     | veri_cek | add_population_features:190 | 1 nüfus kolonu bulundu: ['Nufus_Sayisi']...
2025-12-22 01:07:47 | INFO     | veri_cek | add_population_features:190 | 1 nüfus kolonu bulundu: ['Nufus_Sayisi']...
2025-12-22 01:07:47 | INFO     | veri_cek | fetch_tables:455 | Tablolar cache'den alındı.
2025-12-22 01:07:47 | INFO     | veri_cek | add_weather_features:149 | 2 hava durumu kolonu bulundu: ['windspeed_10m_max', 'windgusts_10m_max']...
2025-12-22 01:07:47 | INFO     | veri_cek | add_weather_features:149 | 2 hava durumu kolonu bulundu: ['windspeed_10m_max', 'windgusts_10m_max']...
2025-12-22 01:07:47 | INFO     | veri_cek | fetch_tables:455 | Tablolar cache'den alındı.
2025-12-22 01:07:47 | INFO     | veri_cek | add_weather_features:149 | 2 hava durumu kolonu bulundu: ['windspeed_10m_max', 'windgusts_10m_max']...
2025-12-22 01:07:47 | INFO     | veri_cek | build_train_test_frames:504 | Merge bitti -> Train: (1886, 31), Test: (1722, 31)
2025-12-22 01:07:47 | INFO     | veri_cek | add_weather_features:149 | 2 hava durumu kolonu bulundu: ['windspeed_10m_max', 'windgusts_10m_max']...
2025-12-22 01:07:47 | INFO     | veri_cek | build_train_test_frames:504 | Merge bitti -> Train: (1886, 31), Test: (1722, 31)
2025-12-22 01:07:47 | INFO     | veri_cek | add_population_features:190 | 1 nüfus kolonu bulundu: ['Nufus_Sayisi']...
2025-12-22 01:07:47 | INFO     | veri_cek | add_population_features:190 | 1 nüfus kolonu bulundu: ['Nufus_Sayisi']...
2025-12-22 01:07:47 | INFO     | veri_cek | add_population_features:190 | 1 nüfus kolonu bulundu: ['Nufus_Sayisi']...
2025-12-22 01:07:47 | INFO     | veri_cek | fetch_tables:455 | Tablolar cache'den alındı.
2025-12-22 01:07:47 | INFO     | veri_cek | add_population_features:190 | 1 nüfus kolonu bulundu: ['Nufus_Sayisi']...
2025-12-22 01:07:47 | INFO     | veri_cek | fetch_tables:455 | Tablolar cache'den alındı.
2025-12-22 01:07:47 | INFO     | veri_cek | fetch_tables:455 | Tablolar cache'den alındı.
2025-12-22 01:07:48 | INFO     | veri_cek | fetch_tables:455 | Tablolar cache'den alındı.
2025-12-22 01:07:48 | INFO     | veri_cek | build_train_test_frames:504 | Merge bitti -> Train: (1886, 31), Test: (1722, 31)
2025-12-22 01:07:48 | INFO     | veri_cek | build_train_test_frames:504 | Merge bitti -> Train: (1886, 31), Test: (1722, 31)
2025-12-22 01:07:48 | INFO     | veri_cek | add_weather_features:149 | 2 hava durumu kolonu bulundu: ['windspeed_10m_max', 'windgusts_10m_max']...
2025-12-22 01:07:48 | INFO     | veri_cek | build_train_test_frames:504 | Merge bitti -> Train: (1886, 31), Test: (1722, 31)
2025-12-22 01:07:48 | INFO     | veri_cek | build_train_test_frames:504 | Merge bitti -> Train: (1886, 31), Test: (1722, 31)
2025-12-22 01:07:48 | INFO     | veri_cek | add_weather_features:149 | 2 hava durumu kolonu bulundu: ['windspeed_10m_max', 'windgusts_10m_max']...
2025-12-22 01:07:48 | INFO     | veri_cek | add_population_features:190 | 1 nüfus kolonu bulundu: ['Nufus_Sayisi']...
2025-12-22 01:07:48 | INFO     | veri_cek | add_weather_features:149 | 2 hava durumu kolonu bulundu: ['windspeed_10m_max', 'windgusts_10m_max']...
2025-12-22 01:07:48 | INFO     | veri_cek | add_population_features:190 | 1 nüfus kolonu bulundu: ['Nufus_Sayisi']...
2025-12-22 01:07:48 | INFO     | veri_cek | add_weather_features:149 | 2 hava durumu kolonu bulundu: ['windspeed_10m_max', 'windgusts_10m_max']...
2025-12-22 01:07:48 | INFO     | veri_cek | add_weather_features:149 | 2 hava durumu kolonu bulundu: ['windspeed_10m_max', 'windgusts_10m_max']...
2025-12-22 01:07:48 | INFO     | veri_cek | add_weather_features:149 | 2 hava durumu kolonu bulundu: ['windspeed_10m_max', 'windgusts_10m_max']...
2025-12-22 01:07:49 | INFO     | veri_cek | add_population_features:190 | 1 nüfus kolonu bulundu: ['Nufus_Sayisi']...
2025-12-22 01:07:49 | INFO     | veri_cek | add_population_features:190 | 1 nüfus kolonu bulundu: ['Nufus_Sayisi']...
2025-12-22 01:07:49 | INFO     | veri_cek | add_population_features:190 | 1 nüfus kolonu bulundu: ['Nufus_Sayisi']...
2025-12-22 01:07:49 | INFO     | veri_cek | add_weather_features:149 | 2 hava durumu kolonu bulundu: ['windspeed_10m_max', 'windgusts_10m_max']...
2025-12-22 01:07:49 | INFO     | veri_cek | add_population_features:190 | 1 nüfus kolonu bulundu: ['Nufus_Sayisi']...
2025-12-22 01:07:49 | INFO     | veri_cek | add_weather_features:149 | 2 hava durumu kolonu bulundu: ['windspeed_10m_max', 'windgusts_10m_max']...
2025-12-22 01:07:49 | INFO     | veri_cek | add_population_features:190 | 1 nüfus kolonu bulundu: ['Nufus_Sayisi']...
2025-12-22 01:07:50 | INFO     | veri_cek | add_population_features:190 | 1 nüfus kolonu bulundu: ['Nufus_Sayisi']...
2025-12-22 01:07:50 | INFO     | veri_cek | add_weather_features:149 | 2 hava durumu kolonu bulundu: ['windspeed_10m_max', 'windgusts_10m_max']...
2025-12-22 01:07:50 | INFO     | veri_cek | add_weather_features:149 | 2 hava durumu kolonu bulundu: ['windspeed_10m_max', 'windgusts_10m_max']...
2025-12-22 01:07:50 | INFO     | veri_cek | add_weather_features:149 | 2 hava durumu kolonu bulundu: ['windspeed_10m_max', 'windgusts_10m_max']...
2025-12-22 01:07:50 | INFO     | veri_cek | add_weather_features:149 | 2 hava durumu kolonu bulundu: ['windspeed_10m_max', 'windgusts_10m_max']...
2025-12-22 01:07:50 | INFO     | veri_cek | add_population_features:190 | 1 nüfus kolonu bulundu: ['Nufus_Sayisi']...
2025-12-22 01:07:50 | INFO     | veri_cek | add_population_features:190 | 1 nüfus kolonu bulundu: ['Nufus_Sayisi']...
2025-12-22 01:07:50 | INFO     | veri_cek | add_population_features:190 | 1 nüfus kolonu bulundu: ['Nufus_Sayisi']...
2025-12-22 01:07:50 | INFO     | veri_cek | add_population_features:190 | 1 nüfus kolonu bulundu: ['Nufus_Sayisi']...
2025-12-22 01:07:59 | INFO     | veri_cek | fetch_tables:455 | Tablolar cache'den alındı.
2025-12-22 01:07:59 | INFO     | veri_cek | build_train_test_frames:504 | Merge bitti -> Train: (1886, 31), Test: (1722, 31)
2025-12-22 01:07:59 | INFO     | veri_cek | add_weather_features:149 | 2 hava durumu kolonu bulundu: ['windspeed_10m_max', 'windgusts_10m_max']...
2025-12-22 01:07:59 | INFO     | veri_cek | add_population_features:190 | 1 nüfus kolonu bulundu: ['Nufus_Sayisi']...
2025-12-22 01:07:59 | INFO     | veri_cek | add_weather_features:149 | 2 hava durumu kolonu bulundu: ['windspeed_10m_max', 'windgusts_10m_max']...
2025-12-22 01:07:59 | INFO     | veri_cek | add_population_features:190 | 1 nüfus kolonu bulundu: ['Nufus_Sayisi']...
2025-12-22 01:07:59 | INFO     | veri_cek | fetch_tables:455 | Tablolar cache'den alındı.
2025-12-22 01:07:59 | INFO     | veri_cek | build_train_test_frames:504 | Merge bitti -> Train: (1886, 31), Test: (1722, 31)
2025-12-22 01:07:59 | INFO     | veri_cek | add_weather_features:149 | 2 hava durumu kolonu bulundu: ['windspeed_10m_max', 'windgusts_10m_max']...
2025-12-22 01:07:59 | INFO     | veri_cek | add_population_features:190 | 1 nüfus kolonu bulundu: ['Nufus_Sayisi']...
2025-12-22 01:07:59 | INFO     | veri_cek | add_weather_features:149 | 2 hava durumu kolonu bulundu: ['windspeed_10m_max', 'windgusts_10m_max']...
2025-12-22 01:08:00 | INFO     | veri_cek | add_population_features:190 | 1 nüfus kolonu bulundu: ['Nufus_Sayisi']...
2025-12-22 01:08:00 | INFO     | veri_cek | fetch_tables:455 | Tablolar cache'den alındı.
2025-12-22 01:08:00 | INFO     | veri_cek | build_train_test_frames:504 | Merge bitti -> Train: (1886, 31), Test: (1722, 31)
2025-12-22 01:08:00 | INFO     | veri_cek | add_weather_features:149 | 2 hava durumu kolonu bulundu: ['windspeed_10m_max', 'windgusts_10m_max']...
2025-12-22 01:08:00 | INFO     | veri_cek | add_population_features:190 | 1 nüfus kolonu bulundu: ['Nufus_Sayisi']...
2025-12-22 01:08:00 | INFO     | veri_cek | add_weather_features:149 | 2 hava durumu kolonu bulundu: ['windspeed_10m_max', 'windgusts_10m_max']...
2025-12-22 01:08:00 | INFO     | veri_cek | add_population_features:190 | 1 nüfus kolonu bulundu: ['Nufus_Sayisi']...
2025-12-22 01:08:00 | INFO     | veri_cek | fetch_tables:455 | Tablolar cache'den alındı.
2025-12-22 01:08:01 | INFO     | veri_cek | build_train_test_frames:504 | Merge bitti -> Train: (1886, 31), Test: (1722, 31)
2025-12-22 01:08:01 | INFO     | veri_cek | add_weather_features:149 | 2 hava durumu kolonu bulundu: ['windspeed_10m_max', 'windgusts_10m_max']...
2025-12-22 01:08:01 | INFO     | veri_cek | add_population_features:190 | 1 nüfus kolonu bulundu: ['Nufus_Sayisi']...
2025-12-22 01:08:01 | INFO     | veri_cek | add_weather_features:149 | 2 hava durumu kolonu bulundu: ['windspeed_10m_max', 'windgusts_10m_max']...
2025-12-22 01:08:01 | INFO     | veri_cek | add_population_features:190 | 1 nüfus kolonu bulundu: ['Nufus_Sayisi']...
2025-12-22 01:08:01 | INFO     | veri_cek | fetch_tables:455 | Tablolar cache'den alındı.
2025-12-22 01:08:01 | INFO     | veri_cek | fetch_tables:455 | Tablolar cache'den alındı.
2025-12-22 01:08:01 | INFO     | veri_cek | build_train_test_frames:504 | Merge bitti -> Train: (1886, 31), Test: (1722, 31)
2025-12-22 01:08:01 | INFO     | veri_cek | build_train_test_frames:504 | Merge bitti -> Train: (1886, 31), Test: (1722, 31)
2025-12-22 01:08:02 | INFO     | veri_cek | fetch_tables:455 | Tablolar cache'den alındı.
2025-12-22 01:08:02 | INFO     | veri_cek | fetch_tables:455 | Tablolar cache'den alındı.
2025-12-22 01:08:02 | INFO     | veri_cek | fetch_tables:455 | Tablolar cache'den alındı.
2025-12-22 01:08:02 | INFO     | veri_cek | fetch_tables:455 | Tablolar cache'den alındı.
2025-12-22 01:08:02 | INFO     | veri_cek | build_train_test_frames:504 | Merge bitti -> Train: (1886, 31), Test: (1722, 31)
2025-12-22 01:08:02 | INFO     | veri_cek | build_train_test_frames:504 | Merge bitti -> Train: (1886, 31), Test: (1722, 31)
2025-12-22 01:08:02 | INFO     | veri_cek | build_train_test_frames:504 | Merge bitti -> Train: (1886, 31), Test: (1722, 31)
2025-12-22 01:08:02 | INFO     | veri_cek | build_train_test_frames:504 | Merge bitti -> Train: (1886, 31), Test: (1722, 31)
2025-12-22 01:08:02 | INFO     | veri_cek | add_weather_features:149 | 2 hava durumu kolonu bulundu: ['windspeed_10m_max', 'windgusts_10m_max']...
2025-12-22 01:08:02 | INFO     | veri_cek | add_weather_features:149 | 2 hava durumu kolonu bulundu: ['windspeed_10m_max', 'windgusts_10m_max']...
2025-12-22 01:08:03 | INFO     | veri_cek | add_population_features:190 | 1 nüfus kolonu bulundu: ['Nufus_Sayisi']...
2025-12-22 01:08:03 | INFO     | veri_cek | add_population_features:190 | 1 nüfus kolonu bulundu: ['Nufus_Sayisi']...
2025-12-22 01:08:03 | INFO     | veri_cek | add_weather_features:149 | 2 hava durumu kolonu bulundu: ['windspeed_10m_max', 'windgusts_10m_max']...
2025-12-22 01:08:03 | INFO     | veri_cek | add_weather_features:149 | 2 hava durumu kolonu bulundu: ['windspeed_10m_max', 'windgusts_10m_max']...
2025-12-22 01:08:03 | INFO     | veri_cek | add_weather_features:149 | 2 hava durumu kolonu bulundu: ['windspeed_10m_max', 'windgusts_10m_max']...
2025-12-22 01:08:03 | INFO     | veri_cek | add_weather_features:149 | 2 hava durumu kolonu bulundu: ['windspeed_10m_max', 'windgusts_10m_max']...
2025-12-22 01:08:03 | INFO     | veri_cek | add_population_features:190 | 1 nüfus kolonu bulundu: ['Nufus_Sayisi']...
2025-12-22 01:08:03 | INFO     | veri_cek | add_population_features:190 | 1 nüfus kolonu bulundu: ['Nufus_Sayisi']...
2025-12-22 01:08:03 | INFO     | veri_cek | add_population_features:190 | 1 nüfus kolonu bulundu: ['Nufus_Sayisi']...
2025-12-22 01:08:03 | INFO     | veri_cek | add_population_features:190 | 1 nüfus kolonu bulundu: ['Nufus_Sayisi']...
2025-12-22 01:08:04 | INFO     | veri_cek | add_weather_features:149 | 2 hava durumu kolonu bulundu: ['windspeed_10m_max', 'windgusts_10m_max']...
2025-12-22 01:08:04 | INFO     | veri_cek | add_weather_features:149 | 2 hava durumu kolonu bulundu: ['windspeed_10m_max', 'windgusts_10m_max']...
2025-12-22 01:08:04 | INFO     | veri_cek | add_population_features:190 | 1 nüfus kolonu bulundu: ['Nufus_Sayisi']...
2025-12-22 01:08:04 | INFO     | veri_cek | add_population_features:190 | 1 nüfus kolonu bulundu: ['Nufus_Sayisi']...
2025-12-22 01:08:04 | INFO     | veri_cek | add_weather_features:149 | 2 hava durumu kolonu bulundu: ['windspeed_10m_max', 'windgusts_10m_max']...
2025-12-22 01:08:04 | INFO     | veri_cek | add_weather_features:149 | 2 hava durumu kolonu bulundu: ['windspeed_10m_max', 'windgusts_10m_max']...
2025-12-22 01:08:04 | INFO     | veri_cek | add_weather_features:149 | 2 hava durumu kolonu bulundu: ['windspeed_10m_max', 'windgusts_10m_max']...
2025-12-22 01:08:04 | INFO     | veri_cek | fetch_tables:455 | Tablolar cache'den alındı.
2025-12-22 01:08:04 | INFO     | veri_cek | add_weather_features:149 | 2 hava durumu kolonu bulundu: ['windspeed_10m_max', 'windgusts_10m_max']...
2025-12-22 01:08:04 | INFO     | veri_cek | fetch_tables:455 | Tablolar cache'den alındı.
2025-12-22 01:08:04 | INFO     | veri_cek | build_train_test_frames:504 | Merge bitti -> Train: (1886, 31), Test: (1722, 31)
2025-12-22 01:08:04 | INFO     | veri_cek | build_train_test_frames:504 | Merge bitti -> Train: (1886, 31), Test: (1722, 31)
2025-12-22 01:08:05 | INFO     | veri_cek | add_population_features:190 | 1 nüfus kolonu bulundu: ['Nufus_Sayisi']...
2025-12-22 01:08:05 | INFO     | veri_cek | add_population_features:190 | 1 nüfus kolonu bulundu: ['Nufus_Sayisi']...
2025-12-22 01:08:05 | INFO     | veri_cek | add_population_features:190 | 1 nüfus kolonu bulundu: ['Nufus_Sayisi']...
2025-12-22 01:08:05 | INFO     | veri_cek | add_population_features:190 | 1 nüfus kolonu bulundu: ['Nufus_Sayisi']...
2025-12-22 01:08:05 | INFO     | veri_cek | fetch_tables:455 | Tablolar cache'den alındı.
2025-12-22 01:08:05 | INFO     | veri_cek | fetch_tables:455 | Tablolar cache'den alındı.
2025-12-22 01:08:05 | INFO     | veri_cek | fetch_tables:455 | Tablolar cache'den alındı.
2025-12-22 01:08:05 | INFO     | veri_cek | fetch_tables:455 | Tablolar cache'den alındı.
2025-12-22 01:08:05 | INFO     | veri_cek | build_train_test_frames:504 | Merge bitti -> Train: (1886, 31), Test: (1722, 31)
2025-12-22 01:08:05 | INFO     | veri_cek | build_train_test_frames:504 | Merge bitti -> Train: (1886, 31), Test: (1722, 31)
2025-12-22 01:08:05 | INFO     | veri_cek | build_train_test_frames:504 | Merge bitti -> Train: (1886, 31), Test: (1722, 31)
2025-12-22 01:08:05 | INFO     | veri_cek | build_train_test_frames:504 | Merge bitti -> Train: (1886, 31), Test: (1722, 31)
2025-12-22 01:08:05 | INFO     | veri_cek | add_weather_features:149 | 2 hava durumu kolonu bulundu: ['windspeed_10m_max', 'windgusts_10m_max']...
2025-12-22 01:08:05 | INFO     | veri_cek | add_weather_features:149 | 2 hava durumu kolonu bulundu: ['windspeed_10m_max', 'windgusts_10m_max']...
2025-12-22 01:08:05 | INFO     | veri_cek | add_population_features:190 | 1 nüfus kolonu bulundu: ['Nufus_Sayisi']...
2025-12-22 01:08:06 | INFO     | veri_cek | add_population_features:190 | 1 nüfus kolonu bulundu: ['Nufus_Sayisi']...
2025-12-22 01:08:06 | INFO     | veri_cek | add_weather_features:149 | 2 hava durumu kolonu bulundu: ['windspeed_10m_max', 'windgusts_10m_max']...
2025-12-22 01:08:06 | INFO     | veri_cek | add_weather_features:149 | 2 hava durumu kolonu bulundu: ['windspeed_10m_max', 'windgusts_10m_max']...
2025-12-22 01:08:06 | INFO     | veri_cek | add_weather_features:149 | 2 hava durumu kolonu bulundu: ['windspeed_10m_max', 'windgusts_10m_max']...
2025-12-22 01:08:06 | INFO     | veri_cek | add_weather_features:149 | 2 hava durumu kolonu bulundu: ['windspeed_10m_max', 'windgusts_10m_max']...
2025-12-22 01:08:06 | INFO     | veri_cek | add_population_features:190 | 1 nüfus kolonu bulundu: ['Nufus_Sayisi']...
2025-12-22 01:08:06 | INFO     | veri_cek | add_population_features:190 | 1 nüfus kolonu bulundu: ['Nufus_Sayisi']...
2025-12-22 01:08:06 | INFO     | veri_cek | add_population_features:190 | 1 nüfus kolonu bulundu: ['Nufus_Sayisi']...
2025-12-22 01:08:06 | INFO     | veri_cek | add_population_features:190 | 1 nüfus kolonu bulundu: ['Nufus_Sayisi']...
2025-12-22 01:08:06 | INFO     | veri_cek | add_weather_features:149 | 2 hava durumu kolonu bulundu: ['windspeed_10m_max', 'windgusts_10m_max']...
2025-12-22 01:08:06 | INFO     | veri_cek | add_weather_features:149 | 2 hava durumu kolonu bulundu: ['windspeed_10m_max', 'windgusts_10m_max']...
2025-12-22 01:08:07 | INFO     | veri_cek | add_population_features:190 | 1 nüfus kolonu bulundu: ['Nufus_Sayisi']...
2025-12-22 01:08:07 | INFO     | veri_cek | add_weather_features:149 | 2 hava durumu kolonu bulundu: ['windspeed_10m_max', 'windgusts_10m_max']...
2025-12-22 01:08:07 | INFO     | veri_cek | add_population_features:190 | 1 nüfus kolonu bulundu: ['Nufus_Sayisi']...
2025-12-22 01:08:07 | INFO     | veri_cek | add_weather_features:149 | 2 hava durumu kolonu bulundu: ['windspeed_10m_max', 'windgusts_10m_max']...
2025-12-22 01:08:07 | INFO     | veri_cek | add_weather_features:149 | 2 hava durumu kolonu bulundu: ['windspeed_10m_max', 'windgusts_10m_max']...
2025-12-22 01:08:07 | INFO     | veri_cek | add_weather_features:149 | 2 hava durumu kolonu bulundu: ['windspeed_10m_max', 'windgusts_10m_max']...
2025-12-22 01:08:07 | INFO     | veri_cek | add_population_features:190 | 1 nüfus kolonu bulundu: ['Nufus_Sayisi']...
2025-12-22 01:08:07 | INFO     | veri_cek | add_population_features:190 | 1 nüfus kolonu bulundu: ['Nufus_Sayisi']...
2025-12-22 01:08:07 | INFO     | veri_cek | add_population_features:190 | 1 nüfus kolonu bulundu: ['Nufus_Sayisi']...
2025-12-22 01:08:07 | INFO     | veri_cek | add_population_features:190 | 1 nüfus kolonu bulundu: ['Nufus_Sayisi']...
2025-12-22 01:08:08 | INFO     | veri_cek | fetch_tables:455 | Tablolar cache'den alındı.
2025-12-22 01:08:08 | INFO     | veri_cek | build_train_test_frames:504 | Merge bitti -> Train: (1886, 31), Test: (1722, 31)
2025-12-22 01:08:09 | INFO     | veri_cek | add_weather_features:149 | 2 hava durumu kolonu bulundu: ['windspeed_10m_max', 'windgusts_10m_max']...
2025-12-22 01:08:09 | INFO     | veri_cek | add_population_features:190 | 1 nüfus kolonu bulundu: ['Nufus_Sayisi']...
2025-12-22 01:08:09 | INFO     | veri_cek | add_weather_features:149 | 2 hava durumu kolonu bulundu: ['windspeed_10m_max', 'windgusts_10m_max']...
2025-12-22 01:08:09 | INFO     | veri_cek | add_population_features:190 | 1 nüfus kolonu bulundu: ['Nufus_Sayisi']...
2025-12-22 01:08:09 | INFO     | veri_cek | fetch_tables:455 | Tablolar cache'den alındı.
2025-12-22 01:08:09 | INFO     | veri_cek | build_train_test_frames:504 | Merge bitti -> Train: (1886, 31), Test: (1722, 31)
2025-12-22 01:08:09 | INFO     | veri_cek | add_weather_features:149 | 2 hava durumu kolonu bulundu: ['windspeed_10m_max', 'windgusts_10m_max']...
2025-12-22 01:08:09 | INFO     | veri_cek | add_population_features:190 | 1 nüfus kolonu bulundu: ['Nufus_Sayisi']...
2025-12-22 01:08:09 | INFO     | veri_cek | add_weather_features:149 | 2 hava durumu kolonu bulundu: ['windspeed_10m_max', 'windgusts_10m_max']...
2025-12-22 01:08:09 | INFO     | veri_cek | add_population_features:190 | 1 nüfus kolonu bulundu: ['Nufus_Sayisi']...
2025-12-22 01:08:10 | INFO     | veri_cek | fetch_tables:455 | Tablolar cache'den alındı.
2025-12-22 01:08:10 | INFO     | veri_cek | build_train_test_frames:504 | Merge bitti -> Train: (1886, 31), Test: (1722, 31)
2025-12-22 01:08:10 | INFO     | veri_cek | add_weather_features:149 | 2 hava durumu kolonu bulundu: ['windspeed_10m_max', 'windgusts_10m_max']...
2025-12-22 01:08:10 | INFO     | veri_cek | add_population_features:190 | 1 nüfus kolonu bulundu: ['Nufus_Sayisi']...
2025-12-22 01:08:10 | INFO     | veri_cek | add_weather_features:149 | 2 hava durumu kolonu bulundu: ['windspeed_10m_max', 'windgusts_10m_max']...
2025-12-22 01:08:10 | INFO     | veri_cek | add_population_features:190 | 1 nüfus kolonu bulundu: ['Nufus_Sayisi']...
2025-12-22 01:08:10 | INFO     | veri_cek | fetch_tables:455 | Tablolar cache'den alındı.
2025-12-22 01:08:10 | INFO     | veri_cek | build_train_test_frames:504 | Merge bitti -> Train: (1886, 31), Test: (1722, 31)
2025-12-22 01:08:10 | INFO     | veri_cek | add_weather_features:149 | 2 hava durumu kolonu bulundu: ['windspeed_10m_max', 'windgusts_10m_max']...
2025-12-22 01:08:10 | INFO     | veri_cek | add_population_features:190 | 1 nüfus kolonu bulundu: ['Nufus_Sayisi']...
2025-12-22 01:08:11 | INFO     | veri_cek | add_weather_features:149 | 2 hava durumu kolonu bulundu: ['windspeed_10m_max', 'windgusts_10m_max']...
2025-12-22 01:08:11 | INFO     | veri_cek | add_population_features:190 | 1 nüfus kolonu bulundu: ['Nufus_Sayisi']...
2025-12-22 01:08:11 | INFO     | veri_cek | fetch_tables:455 | Tablolar cache'den alındı.
2025-12-22 01:08:11 | INFO     | veri_cek | fetch_tables:455 | Tablolar cache'den alındı.
2025-12-22 01:08:11 | INFO     | veri_cek | fetch_tables:455 | Tablolar cache'den alındı.
2025-12-22 01:08:11 | INFO     | veri_cek | fetch_tables:455 | Tablolar cache'den alındı.
2025-12-22 01:08:11 | INFO     | veri_cek | fetch_tables:455 | Tablolar cache'den alındı.
2025-12-22 01:08:11 | INFO     | veri_cek | fetch_tables:455 | Tablolar cache'den alındı.
2025-12-22 01:08:11 | INFO     | veri_cek | build_train_test_frames:504 | Merge bitti -> Train: (1886, 31), Test: (1722, 31)
2025-12-22 01:08:11 | INFO     | veri_cek | build_train_test_frames:504 | Merge bitti -> Train: (1886, 31), Test: (1722, 31)
2025-12-22 01:08:11 | INFO     | veri_cek | build_train_test_frames:504 | Merge bitti -> Train: (1886, 31), Test: (1722, 31)
2025-12-22 01:08:11 | INFO     | veri_cek | build_train_test_frames:504 | Merge bitti -> Train: (1886, 31), Test: (1722, 31)
2025-12-22 01:08:11 | INFO     | veri_cek | build_train_test_frames:504 | Merge bitti -> Train: (1886, 31), Test: (1722, 31)
2025-12-22 01:08:11 | INFO     | veri_cek | build_train_test_frames:504 | Merge bitti -> Train: (1886, 31), Test: (1722, 31)
2025-12-22 01:08:12 | INFO     | veri_cek | add_weather_features:149 | 2 hava durumu kolonu bulundu: ['windspeed_10m_max', 'windgusts_10m_max']...
2025-12-22 01:08:12 | INFO     | veri_cek | add_weather_features:149 | 2 hava durumu kolonu bulundu: ['windspeed_10m_max', 'windgusts_10m_max']...
2025-12-22 01:08:12 | INFO     | veri_cek | add_weather_features:149 | 2 hava durumu kolonu bulundu: ['windspeed_10m_max', 'windgusts_10m_max']...
2025-12-22 01:08:12 | INFO     | veri_cek | add_weather_features:149 | 2 hava durumu kolonu bulundu: ['windspeed_10m_max', 'windgusts_10m_max']...
2025-12-22 01:08:12 | INFO     | veri_cek | add_weather_features:149 | 2 hava durumu kolonu bulundu: ['windspeed_10m_max', 'windgusts_10m_max']...
2025-12-22 01:08:12 | INFO     | veri_cek | add_weather_features:149 | 2 hava durumu kolonu bulundu: ['windspeed_10m_max', 'windgusts_10m_max']...
2025-12-22 01:08:13 | INFO     | veri_cek | add_population_features:190 | 1 nüfus kolonu bulundu: ['Nufus_Sayisi']...
2025-12-22 01:08:13 | INFO     | veri_cek | add_population_features:190 | 1 nüfus kolonu bulundu: ['Nufus_Sayisi']...
2025-12-22 01:08:13 | INFO     | veri_cek | add_population_features:190 | 1 nüfus kolonu bulundu: ['Nufus_Sayisi']...
2025-12-22 01:08:13 | INFO     | veri_cek | add_population_features:190 | 1 nüfus kolonu bulundu: ['Nufus_Sayisi']...
2025-12-22 01:08:13 | INFO     | veri_cek | add_population_features:190 | 1 nüfus kolonu bulundu: ['Nufus_Sayisi']...
2025-12-22 01:08:13 | INFO     | veri_cek | add_population_features:190 | 1 nüfus kolonu bulundu: ['Nufus_Sayisi']...
2025-12-22 01:08:14 | INFO     | veri_cek | add_weather_features:149 | 2 hava durumu kolonu bulundu: ['windspeed_10m_max', 'windgusts_10m_max']...
2025-12-22 01:08:14 | INFO     | veri_cek | add_weather_features:149 | 2 hava durumu kolonu bulundu: ['windspeed_10m_max', 'windgusts_10m_max']...
2025-12-22 01:08:14 | INFO     | veri_cek | add_weather_features:149 | 2 hava durumu kolonu bulundu: ['windspeed_10m_max', 'windgusts_10m_max']...
2025-12-22 01:08:14 | INFO     | veri_cek | add_weather_features:149 | 2 hava durumu kolonu bulundu: ['windspeed_10m_max', 'windgusts_10m_max']...
2025-12-22 01:08:14 | INFO     | veri_cek | add_weather_features:149 | 2 hava durumu kolonu bulundu: ['windspeed_10m_max', 'windgusts_10m_max']...
2025-12-22 01:08:14 | INFO     | veri_cek | add_weather_features:149 | 2 hava durumu kolonu bulundu: ['windspeed_10m_max', 'windgusts_10m_max']...
2025-12-22 01:08:14 | INFO     | veri_cek | add_population_features:190 | 1 nüfus kolonu bulundu: ['Nufus_Sayisi']...
2025-12-22 01:08:14 | INFO     | veri_cek | add_population_features:190 | 1 nüfus kolonu bulundu: ['Nufus_Sayisi']...
2025-12-22 01:08:14 | INFO     | veri_cek | add_population_features:190 | 1 nüfus kolonu bulundu: ['Nufus_Sayisi']...
2025-12-22 01:08:14 | INFO     | veri_cek | add_population_features:190 | 1 nüfus kolonu bulundu: ['Nufus_Sayisi']...
2025-12-22 01:08:14 | INFO     | veri_cek | add_population_features:190 | 1 nüfus kolonu bulundu: ['Nufus_Sayisi']...
2025-12-22 01:08:14 | INFO     | veri_cek | add_population_features:190 | 1 nüfus kolonu bulundu: ['Nufus_Sayisi']...
2025-12-22 01:08:14 | INFO     | veri_cek | fetch_tables:455 | Tablolar cache'den alındı.
2025-12-22 01:08:14 | INFO     | veri_cek | fetch_tables:455 | Tablolar cache'den alındı.
2025-12-22 01:08:14 | INFO     | veri_cek | fetch_tables:455 | Tablolar cache'den alındı.
2025-12-22 01:08:14 | INFO     | veri_cek | fetch_tables:455 | Tablolar cache'den alındı.
2025-12-22 01:08:14 | INFO     | veri_cek | fetch_tables:455 | Tablolar cache'den alındı.
2025-12-22 01:08:14 | INFO     | veri_cek | fetch_tables:455 | Tablolar cache'den alındı.
2025-12-22 01:08:14 | INFO     | veri_cek | build_train_test_frames:504 | Merge bitti -> Train: (1886, 31), Test: (1722, 31)
2025-12-22 01:08:14 | INFO     | veri_cek | build_train_test_frames:504 | Merge bitti -> Train: (1886, 31), Test: (1722, 31)
2025-12-22 01:08:14 | INFO     | veri_cek | build_train_test_frames:504 | Merge bitti -> Train: (1886, 31), Test: (1722, 31)
2025-12-22 01:08:14 | INFO     | veri_cek | build_train_test_frames:504 | Merge bitti -> Train: (1886, 31), Test: (1722, 31)
2025-12-22 01:08:14 | INFO     | veri_cek | build_train_test_frames:504 | Merge bitti -> Train: (1886, 31), Test: (1722, 31)
2025-12-22 01:08:14 | INFO     | veri_cek | build_train_test_frames:504 | Merge bitti -> Train: (1886, 31), Test: (1722, 31)
2025-12-22 01:08:15 | INFO     | veri_cek | add_weather_features:149 | 2 hava durumu kolonu bulundu: ['windspeed_10m_max', 'windgusts_10m_max']...
2025-12-22 01:08:15 | INFO     | veri_cek | add_weather_features:149 | 2 hava durumu kolonu bulundu: ['windspeed_10m_max', 'windgusts_10m_max']...
2025-12-22 01:08:15 | INFO     | veri_cek | add_weather_features:149 | 2 hava durumu kolonu bulundu: ['windspeed_10m_max', 'windgusts_10m_max']...
2025-12-22 01:08:15 | INFO     | veri_cek | add_weather_features:149 | 2 hava durumu kolonu bulundu: ['windspeed_10m_max', 'windgusts_10m_max']...
2025-12-22 01:08:15 | INFO     | veri_cek | add_weather_features:149 | 2 hava durumu kolonu bulundu: ['windspeed_10m_max', 'windgusts_10m_max']...
2025-12-22 01:08:15 | INFO     | veri_cek | add_weather_features:149 | 2 hava durumu kolonu bulundu: ['windspeed_10m_max', 'windgusts_10m_max']...
2025-12-22 01:08:15 | INFO     | veri_cek | add_population_features:190 | 1 nüfus kolonu bulundu: ['Nufus_Sayisi']...
2025-12-22 01:08:15 | INFO     | veri_cek | add_population_features:190 | 1 nüfus kolonu bulundu: ['Nufus_Sayisi']...
2025-12-22 01:08:15 | INFO     | veri_cek | add_population_features:190 | 1 nüfus kolonu bulundu: ['Nufus_Sayisi']...
2025-12-22 01:08:15 | INFO     | veri_cek | add_population_features:190 | 1 nüfus kolonu bulundu: ['Nufus_Sayisi']...
2025-12-22 01:08:15 | INFO     | veri_cek | add_population_features:190 | 1 nüfus kolonu bulundu: ['Nufus_Sayisi']...
2025-12-22 01:08:16 | INFO     | veri_cek | add_population_features:190 | 1 nüfus kolonu bulundu: ['Nufus_Sayisi']...
2025-12-22 01:08:16 | INFO     | veri_cek | add_weather_features:149 | 2 hava durumu kolonu bulundu: ['windspeed_10m_max', 'windgusts_10m_max']...
2025-12-22 01:08:16 | INFO     | veri_cek | add_weather_features:149 | 2 hava durumu kolonu bulundu: ['windspeed_10m_max', 'windgusts_10m_max']...
2025-12-22 01:08:16 | INFO     | veri_cek | add_weather_features:149 | 2 hava durumu kolonu bulundu: ['windspeed_10m_max', 'windgusts_10m_max']...
2025-12-22 01:08:16 | INFO     | veri_cek | add_weather_features:149 | 2 hava durumu kolonu bulundu: ['windspeed_10m_max', 'windgusts_10m_max']...
2025-12-22 01:08:16 | INFO     | veri_cek | add_weather_features:149 | 2 hava durumu kolonu bulundu: ['windspeed_10m_max', 'windgusts_10m_max']...
2025-12-22 01:08:16 | INFO     | veri_cek | add_weather_features:149 | 2 hava durumu kolonu bulundu: ['windspeed_10m_max', 'windgusts_10m_max']...
2025-12-22 01:08:17 | INFO     | veri_cek | add_population_features:190 | 1 nüfus kolonu bulundu: ['Nufus_Sayisi']...
2025-12-22 01:08:17 | INFO     | veri_cek | add_population_features:190 | 1 nüfus kolonu bulundu: ['Nufus_Sayisi']...
2025-12-22 01:08:17 | INFO     | veri_cek | add_population_features:190 | 1 nüfus kolonu bulundu: ['Nufus_Sayisi']...
2025-12-22 01:08:17 | INFO     | veri_cek | add_population_features:190 | 1 nüfus kolonu bulundu: ['Nufus_Sayisi']...
2025-12-22 01:08:17 | INFO     | veri_cek | add_population_features:190 | 1 nüfus kolonu bulundu: ['Nufus_Sayisi']...
2025-12-22 01:08:17 | INFO     | veri_cek | add_population_features:190 | 1 nüfus kolonu bulundu: ['Nufus_Sayisi']...
2025-12-22 01:08:29 | INFO     | veri_cek | fetch_tables:455 | Tablolar cache'den alındı.
2025-12-22 01:08:29 | INFO     | veri_cek | build_train_test_frames:504 | Merge bitti -> Train: (1886, 31), Test: (1722, 31)
2025-12-22 01:08:29 | INFO     | veri_cek | add_weather_features:149 | 2 hava durumu kolonu bulundu: ['windspeed_10m_max', 'windgusts_10m_max']...
2025-12-22 01:08:29 | INFO     | veri_cek | add_population_features:190 | 1 nüfus kolonu bulundu: ['Nufus_Sayisi']...
2025-12-22 01:08:29 | INFO     | veri_cek | add_weather_features:149 | 2 hava durumu kolonu bulundu: ['windspeed_10m_max', 'windgusts_10m_max']...
2025-12-22 01:08:29 | INFO     | veri_cek | add_population_features:190 | 1 nüfus kolonu bulundu: ['Nufus_Sayisi']...
2025-12-22 01:08:29 | INFO     | veri_cek | fetch_tables:455 | Tablolar cache'den alındı.
2025-12-22 01:08:29 | INFO     | veri_cek | build_train_test_frames:504 | Merge bitti -> Train: (1886, 31), Test: (1722, 31)
2025-12-22 01:08:30 | INFO     | veri_cek | add_weather_features:149 | 2 hava durumu kolonu bulundu: ['windspeed_10m_max', 'windgusts_10m_max']...
2025-12-22 01:08:30 | INFO     | veri_cek | add_population_features:190 | 1 nüfus kolonu bulundu: ['Nufus_Sayisi']...
2025-12-22 01:08:30 | INFO     | veri_cek | add_weather_features:149 | 2 hava durumu kolonu bulundu: ['windspeed_10m_max', 'windgusts_10m_max']...
2025-12-22 01:08:30 | INFO     | veri_cek | add_population_features:190 | 1 nüfus kolonu bulundu: ['Nufus_Sayisi']...
2025-12-22 01:08:30 | INFO     | veri_cek | fetch_tables:455 | Tablolar cache'den alındı.
2025-12-22 01:08:30 | INFO     | veri_cek | build_train_test_frames:504 | Merge bitti -> Train: (1886, 31), Test: (1722, 31)
2025-12-22 01:08:30 | INFO     | veri_cek | add_weather_features:149 | 2 hava durumu kolonu bulundu: ['windspeed_10m_max', 'windgusts_10m_max']...
2025-12-22 01:08:30 | INFO     | veri_cek | add_population_features:190 | 1 nüfus kolonu bulundu: ['Nufus_Sayisi']...
2025-12-22 01:08:31 | INFO     | veri_cek | add_weather_features:149 | 2 hava durumu kolonu bulundu: ['windspeed_10m_max', 'windgusts_10m_max']...
2025-12-22 01:08:31 | INFO     | veri_cek | add_population_features:190 | 1 nüfus kolonu bulundu: ['Nufus_Sayisi']...
2025-12-22 01:08:31 | INFO     | veri_cek | fetch_tables:455 | Tablolar cache'den alındı.
2025-12-22 01:08:31 | INFO     | veri_cek | build_train_test_frames:504 | Merge bitti -> Train: (1886, 31), Test: (1722, 31)
2025-12-22 01:08:31 | INFO     | veri_cek | add_weather_features:149 | 2 hava durumu kolonu bulundu: ['windspeed_10m_max', 'windgusts_10m_max']...
2025-12-22 01:08:31 | INFO     | veri_cek | add_population_features:190 | 1 nüfus kolonu bulundu: ['Nufus_Sayisi']...
2025-12-22 01:08:31 | INFO     | veri_cek | add_weather_features:149 | 2 hava durumu kolonu bulundu: ['windspeed_10m_max', 'windgusts_10m_max']...
2025-12-22 01:08:31 | INFO     | veri_cek | add_population_features:190 | 1 nüfus kolonu bulundu: ['Nufus_Sayisi']...
2025-12-22 01:08:31 | INFO     | veri_cek | fetch_tables:455 | Tablolar cache'den alındı.
2025-12-22 01:08:31 | INFO     | veri_cek | fetch_tables:455 | Tablolar cache'den alındı.
2025-12-22 01:08:32 | INFO     | veri_cek | build_train_test_frames:504 | Merge bitti -> Train: (1886, 31), Test: (1722, 31)
2025-12-22 01:08:32 | INFO     | veri_cek | build_train_test_frames:504 | Merge bitti -> Train: (1886, 31), Test: (1722, 31)
2025-12-22 01:08:32 | INFO     | veri_cek | fetch_tables:455 | Tablolar cache'den alındı.
2025-12-22 01:08:32 | INFO     | veri_cek | fetch_tables:455 | Tablolar cache'den alındı.
2025-12-22 01:08:32 | INFO     | veri_cek | fetch_tables:455 | Tablolar cache'den alındı.
2025-12-22 01:08:32 | INFO     | veri_cek | fetch_tables:455 | Tablolar cache'den alındı.
2025-12-22 01:08:32 | INFO     | veri_cek | build_train_test_frames:504 | Merge bitti -> Train: (1886, 31), Test: (1722, 31)
2025-12-22 01:08:32 | INFO     | veri_cek | build_train_test_frames:504 | Merge bitti -> Train: (1886, 31), Test: (1722, 31)
2025-12-22 01:08:32 | INFO     | veri_cek | build_train_test_frames:504 | Merge bitti -> Train: (1886, 31), Test: (1722, 31)
2025-12-22 01:08:32 | INFO     | veri_cek | build_train_test_frames:504 | Merge bitti -> Train: (1886, 31), Test: (1722, 31)
2025-12-22 01:08:32 | INFO     | veri_cek | add_weather_features:149 | 2 hava durumu kolonu bulundu: ['windspeed_10m_max', 'windgusts_10m_max']...
2025-12-22 01:08:32 | INFO     | veri_cek | add_weather_features:149 | 2 hava durumu kolonu bulundu: ['windspeed_10m_max', 'windgusts_10m_max']...
2025-12-22 01:08:33 | INFO     | veri_cek | add_population_features:190 | 1 nüfus kolonu bulundu: ['Nufus_Sayisi']...
2025-12-22 01:08:33 | INFO     | veri_cek | add_population_features:190 | 1 nüfus kolonu bulundu: ['Nufus_Sayisi']...
2025-12-22 01:08:33 | INFO     | veri_cek | add_weather_features:149 | 2 hava durumu kolonu bulundu: ['windspeed_10m_max', 'windgusts_10m_max']...
2025-12-22 01:08:33 | INFO     | veri_cek | add_weather_features:149 | 2 hava durumu kolonu bulundu: ['windspeed_10m_max', 'windgusts_10m_max']...
2025-12-22 01:08:33 | INFO     | veri_cek | add_weather_features:149 | 2 hava durumu kolonu bulundu: ['windspeed_10m_max', 'windgusts_10m_max']...
2025-12-22 01:08:33 | INFO     | veri_cek | add_weather_features:149 | 2 hava durumu kolonu bulundu: ['windspeed_10m_max', 'windgusts_10m_max']...
2025-12-22 01:08:33 | INFO     | veri_cek | add_population_features:190 | 1 nüfus kolonu bulundu: ['Nufus_Sayisi']...
2025-12-22 01:08:33 | INFO     | veri_cek | add_population_features:190 | 1 nüfus kolonu bulundu: ['Nufus_Sayisi']...
2025-12-22 01:08:33 | INFO     | veri_cek | add_population_features:190 | 1 nüfus kolonu bulundu: ['Nufus_Sayisi']...
2025-12-22 01:08:34 | INFO     | veri_cek | add_population_features:190 | 1 nüfus kolonu bulundu: ['Nufus_Sayisi']...
2025-12-22 01:08:34 | INFO     | veri_cek | add_weather_features:149 | 2 hava durumu kolonu bulundu: ['windspeed_10m_max', 'windgusts_10m_max']...
2025-12-22 01:08:34 | INFO     | veri_cek | add_weather_features:149 | 2 hava durumu kolonu bulundu: ['windspeed_10m_max', 'windgusts_10m_max']...
2025-12-22 01:08:34 | INFO     | veri_cek | add_population_features:190 | 1 nüfus kolonu bulundu: ['Nufus_Sayisi']...
2025-12-22 01:08:34 | INFO     | veri_cek | add_population_features:190 | 1 nüfus kolonu bulundu: ['Nufus_Sayisi']...
2025-12-22 01:08:34 | INFO     | veri_cek | add_weather_features:149 | 2 hava durumu kolonu bulundu: ['windspeed_10m_max', 'windgusts_10m_max']...
2025-12-22 01:08:34 | INFO     | veri_cek | fetch_tables:455 | Tablolar cache'den alındı.
2025-12-22 01:08:34 | INFO     | veri_cek | fetch_tables:455 | Tablolar cache'den alındı.
2025-12-22 01:08:34 | INFO     | veri_cek | add_weather_features:149 | 2 hava durumu kolonu bulundu: ['windspeed_10m_max', 'windgusts_10m_max']...
2025-12-22 01:08:34 | INFO     | veri_cek | add_weather_features:149 | 2 hava durumu kolonu bulundu: ['windspeed_10m_max', 'windgusts_10m_max']...
2025-12-22 01:08:34 | INFO     | veri_cek | add_weather_features:149 | 2 hava durumu kolonu bulundu: ['windspeed_10m_max', 'windgusts_10m_max']...
2025-12-22 01:08:34 | INFO     | veri_cek | build_train_test_frames:504 | Merge bitti -> Train: (1886, 31), Test: (1722, 31)
2025-12-22 01:08:34 | INFO     | veri_cek | build_train_test_frames:504 | Merge bitti -> Train: (1886, 31), Test: (1722, 31)
2025-12-22 01:08:35 | INFO     | veri_cek | add_population_features:190 | 1 nüfus kolonu bulundu: ['Nufus_Sayisi']...
2025-12-22 01:08:35 | INFO     | veri_cek | add_population_features:190 | 1 nüfus kolonu bulundu: ['Nufus_Sayisi']...
2025-12-22 01:08:35 | INFO     | veri_cek | add_population_features:190 | 1 nüfus kolonu bulundu: ['Nufus_Sayisi']...
2025-12-22 01:08:35 | INFO     | veri_cek | add_population_features:190 | 1 nüfus kolonu bulundu: ['Nufus_Sayisi']...
2025-12-22 01:08:35 | INFO     | veri_cek | fetch_tables:455 | Tablolar cache'den alındı.
2025-12-22 01:08:35 | INFO     | veri_cek | fetch_tables:455 | Tablolar cache'den alındı.
2025-12-22 01:08:35 | INFO     | veri_cek | fetch_tables:455 | Tablolar cache'den alındı.
2025-12-22 01:08:35 | INFO     | veri_cek | fetch_tables:455 | Tablolar cache'den alındı.
2025-12-22 01:08:35 | INFO     | veri_cek | build_train_test_frames:504 | Merge bitti -> Train: (1886, 31), Test: (1722, 31)
2025-12-22 01:08:35 | INFO     | veri_cek | build_train_test_frames:504 | Merge bitti -> Train: (1886, 31), Test: (1722, 31)
2025-12-22 01:08:35 | INFO     | veri_cek | build_train_test_frames:504 | Merge bitti -> Train: (1886, 31), Test: (1722, 31)
2025-12-22 01:08:35 | INFO     | veri_cek | build_train_test_frames:504 | Merge bitti -> Train: (1886, 31), Test: (1722, 31)
2025-12-22 01:08:35 | INFO     | veri_cek | add_weather_features:149 | 2 hava durumu kolonu bulundu: ['windspeed_10m_max', 'windgusts_10m_max']...
2025-12-22 01:08:35 | INFO     | veri_cek | add_weather_features:149 | 2 hava durumu kolonu bulundu: ['windspeed_10m_max', 'windgusts_10m_max']...
2025-12-22 01:08:36 | INFO     | veri_cek | add_population_features:190 | 1 nüfus kolonu bulundu: ['Nufus_Sayisi']...
2025-12-22 01:08:36 | INFO     | veri_cek | add_population_features:190 | 1 nüfus kolonu bulundu: ['Nufus_Sayisi']...
2025-12-22 01:08:36 | INFO     | veri_cek | add_weather_features:149 | 2 hava durumu kolonu bulundu: ['windspeed_10m_max', 'windgusts_10m_max']...
2025-12-22 01:08:36 | INFO     | veri_cek | add_weather_features:149 | 2 hava durumu kolonu bulundu: ['windspeed_10m_max', 'windgusts_10m_max']...
2025-12-22 01:08:36 | INFO     | veri_cek | add_weather_features:149 | 2 hava durumu kolonu bulundu: ['windspeed_10m_max', 'windgusts_10m_max']...
2025-12-22 01:08:36 | INFO     | veri_cek | add_weather_features:149 | 2 hava durumu kolonu bulundu: ['windspeed_10m_max', 'windgusts_10m_max']...
2025-12-22 01:08:36 | INFO     | veri_cek | add_population_features:190 | 1 nüfus kolonu bulundu: ['Nufus_Sayisi']...
2025-12-22 01:08:36 | INFO     | veri_cek | add_population_features:190 | 1 nüfus kolonu bulundu: ['Nufus_Sayisi']...
2025-12-22 01:08:36 | INFO     | veri_cek | add_population_features:190 | 1 nüfus kolonu bulundu: ['Nufus_Sayisi']...
2025-12-22 01:08:36 | INFO     | veri_cek | add_population_features:190 | 1 nüfus kolonu bulundu: ['Nufus_Sayisi']...
2025-12-22 01:08:36 | INFO     | veri_cek | add_weather_features:149 | 2 hava durumu kolonu bulundu: ['windspeed_10m_max', 'windgusts_10m_max']...
2025-12-22 01:08:36 | INFO     | veri_cek | add_weather_features:149 | 2 hava durumu kolonu bulundu: ['windspeed_10m_max', 'windgusts_10m_max']...
2025-12-22 01:08:37 | INFO     | veri_cek | add_population_features:190 | 1 nüfus kolonu bulundu: ['Nufus_Sayisi']...
2025-12-22 01:08:37 | INFO     | veri_cek | add_population_features:190 | 1 nüfus kolonu bulundu: ['Nufus_Sayisi']...
2025-12-22 01:08:37 | INFO     | veri_cek | add_weather_features:149 | 2 hava durumu kolonu bulundu: ['windspeed_10m_max', 'windgusts_10m_max']...
2025-12-22 01:08:37 | INFO     | veri_cek | add_weather_features:149 | 2 hava durumu kolonu bulundu: ['windspeed_10m_max', 'windgusts_10m_max']...
2025-12-22 01:08:37 | INFO     | veri_cek | add_weather_features:149 | 2 hava durumu kolonu bulundu: ['windspeed_10m_max', 'windgusts_10m_max']...
2025-12-22 01:08:37 | INFO     | veri_cek | add_weather_features:149 | 2 hava durumu kolonu bulundu: ['windspeed_10m_max', 'windgusts_10m_max']...
2025-12-22 01:08:37 | INFO     | veri_cek | add_population_features:190 | 1 nüfus kolonu bulundu: ['Nufus_Sayisi']...
2025-12-22 01:08:37 | INFO     | veri_cek | add_population_features:190 | 1 nüfus kolonu bulundu: ['Nufus_Sayisi']...
2025-12-22 01:08:37 | INFO     | veri_cek | add_population_features:190 | 1 nüfus kolonu bulundu: ['Nufus_Sayisi']...
2025-12-22 01:08:37 | INFO     | veri_cek | add_population_features:190 | 1 nüfus kolonu bulundu: ['Nufus_Sayisi']...
2025-12-22 01:10:53 | INFO     | veri_cek | fetch_tables:455 | Tablolar cache'den alındı.
2025-12-22 01:10:53 | INFO     | veri_cek | build_train_test_frames:504 | Merge bitti -> Train: (1886, 31), Test: (1722, 31)
2025-12-22 01:10:53 | INFO     | veri_cek | add_weather_features:149 | 2 hava durumu kolonu bulundu: ['windspeed_10m_max', 'windgusts_10m_max']...
2025-12-22 01:10:53 | INFO     | veri_cek | add_population_features:190 | 1 nüfus kolonu bulundu: ['Nufus_Sayisi']...
2025-12-22 01:10:53 | INFO     | veri_cek | add_weather_features:149 | 2 hava durumu kolonu bulundu: ['windspeed_10m_max', 'windgusts_10m_max']...
2025-12-22 01:10:54 | INFO     | veri_cek | add_population_features:190 | 1 nüfus kolonu bulundu: ['Nufus_Sayisi']...
2025-12-22 01:10:54 | INFO     | veri_cek | fetch_tables:455 | Tablolar cache'den alındı.
2025-12-22 01:10:54 | INFO     | veri_cek | build_train_test_frames:504 | Merge bitti -> Train: (1886, 31), Test: (1722, 31)
2025-12-22 01:10:54 | INFO     | veri_cek | add_weather_features:149 | 2 hava durumu kolonu bulundu: ['windspeed_10m_max', 'windgusts_10m_max']...
2025-12-22 01:10:54 | INFO     | veri_cek | add_population_features:190 | 1 nüfus kolonu bulundu: ['Nufus_Sayisi']...
2025-12-22 01:10:54 | INFO     | veri_cek | add_weather_features:149 | 2 hava durumu kolonu bulundu: ['windspeed_10m_max', 'windgusts_10m_max']...
2025-12-22 01:10:54 | INFO     | veri_cek | add_population_features:190 | 1 nüfus kolonu bulundu: ['Nufus_Sayisi']...
2025-12-22 01:10:54 | INFO     | veri_cek | fetch_tables:455 | Tablolar cache'den alındı.
2025-12-22 01:10:54 | INFO     | veri_cek | build_train_test_frames:504 | Merge bitti -> Train: (1886, 31), Test: (1722, 31)
2025-12-22 01:10:54 | INFO     | veri_cek | add_weather_features:149 | 2 hava durumu kolonu bulundu: ['windspeed_10m_max', 'windgusts_10m_max']...
2025-12-22 01:10:54 | INFO     | veri_cek | add_population_features:190 | 1 nüfus kolonu bulundu: ['Nufus_Sayisi']...
2025-12-22 01:10:54 | INFO     | veri_cek | add_weather_features:149 | 2 hava durumu kolonu bulundu: ['windspeed_10m_max', 'windgusts_10m_max']...
2025-12-22 01:10:54 | INFO     | veri_cek | add_population_features:190 | 1 nüfus kolonu bulundu: ['Nufus_Sayisi']...
2025-12-22 01:10:54 | INFO     | veri_cek | fetch_tables:455 | Tablolar cache'den alındı.
2025-12-22 01:10:54 | INFO     | veri_cek | build_train_test_frames:504 | Merge bitti -> Train: (1886, 31), Test: (1722, 31)
2025-12-22 01:10:54 | INFO     | veri_cek | add_weather_features:149 | 2 hava durumu kolonu bulundu: ['windspeed_10m_max', 'windgusts_10m_max']...
2025-12-22 01:10:54 | INFO     | veri_cek | add_population_features:190 | 1 nüfus kolonu bulundu: ['Nufus_Sayisi']...
2025-12-22 01:10:54 | INFO     | veri_cek | add_weather_features:149 | 2 hava durumu kolonu bulundu: ['windspeed_10m_max', 'windgusts_10m_max']...
2025-12-22 01:10:54 | INFO     | veri_cek | add_population_features:190 | 1 nüfus kolonu bulundu: ['Nufus_Sayisi']...
2025-12-22 01:10:54 | INFO     | veri_cek | fetch_tables:455 | Tablolar cache'den alındı.
2025-12-22 01:10:54 | INFO     | veri_cek | fetch_tables:455 | Tablolar cache'den alındı.
2025-12-22 01:10:54 | INFO     | veri_cek | build_train_test_frames:504 | Merge bitti -> Train: (1886, 31), Test: (1722, 31)
2025-12-22 01:10:55 | INFO     | veri_cek | build_train_test_frames:504 | Merge bitti -> Train: (1886, 31), Test: (1722, 31)
2025-12-22 01:10:55 | INFO     | veri_cek | add_weather_features:149 | 2 hava durumu kolonu bulundu: ['windspeed_10m_max', 'windgusts_10m_max']...
2025-12-22 01:10:55 | INFO     | veri_cek | add_weather_features:149 | 2 hava durumu kolonu bulundu: ['windspeed_10m_max', 'windgusts_10m_max']...
2025-12-22 01:10:55 | INFO     | veri_cek | add_population_features:190 | 1 nüfus kolonu bulundu: ['Nufus_Sayisi']...
2025-12-22 01:10:55 | INFO     | veri_cek | add_population_features:190 | 1 nüfus kolonu bulundu: ['Nufus_Sayisi']...
2025-12-22 01:10:55 | INFO     | veri_cek | fetch_tables:455 | Tablolar cache'den alındı.
2025-12-22 01:10:55 | INFO     | veri_cek | fetch_tables:455 | Tablolar cache'den alındı.
2025-12-22 01:10:55 | INFO     | veri_cek | fetch_tables:455 | Tablolar cache'den alındı.
2025-12-22 01:10:55 | INFO     | veri_cek | fetch_tables:455 | Tablolar cache'den alındı.
2025-12-22 01:10:55 | INFO     | veri_cek | build_train_test_frames:504 | Merge bitti -> Train: (1886, 31), Test: (1722, 31)
2025-12-22 01:10:55 | INFO     | veri_cek | build_train_test_frames:504 | Merge bitti -> Train: (1886, 31), Test: (1722, 31)
2025-12-22 01:10:55 | INFO     | veri_cek | build_train_test_frames:504 | Merge bitti -> Train: (1886, 31), Test: (1722, 31)
2025-12-22 01:10:55 | INFO     | veri_cek | build_train_test_frames:504 | Merge bitti -> Train: (1886, 31), Test: (1722, 31)
2025-12-22 01:10:55 | INFO     | veri_cek | add_weather_features:149 | 2 hava durumu kolonu bulundu: ['windspeed_10m_max', 'windgusts_10m_max']...
2025-12-22 01:10:55 | INFO     | veri_cek | add_weather_features:149 | 2 hava durumu kolonu bulundu: ['windspeed_10m_max', 'windgusts_10m_max']...
2025-12-22 01:10:56 | INFO     | veri_cek | add_population_features:190 | 1 nüfus kolonu bulundu: ['Nufus_Sayisi']...
2025-12-22 01:10:56 | INFO     | veri_cek | add_weather_features:149 | 2 hava durumu kolonu bulundu: ['windspeed_10m_max', 'windgusts_10m_max']...
2025-12-22 01:10:56 | INFO     | veri_cek | add_weather_features:149 | 2 hava durumu kolonu bulundu: ['windspeed_10m_max', 'windgusts_10m_max']...
2025-12-22 01:10:56 | INFO     | veri_cek | add_weather_features:149 | 2 hava durumu kolonu bulundu: ['windspeed_10m_max', 'windgusts_10m_max']...
2025-12-22 01:10:56 | INFO     | veri_cek | add_weather_features:149 | 2 hava durumu kolonu bulundu: ['windspeed_10m_max', 'windgusts_10m_max']...
2025-12-22 01:10:56 | INFO     | veri_cek | add_population_features:190 | 1 nüfus kolonu bulundu: ['Nufus_Sayisi']...
2025-12-22 01:10:56 | INFO     | veri_cek | fetch_tables:455 | Tablolar cache'den alındı.
2025-12-22 01:10:56 | INFO     | veri_cek | fetch_tables:455 | Tablolar cache'den alındı.
2025-12-22 01:10:56 | INFO     | veri_cek | build_train_test_frames:504 | Merge bitti -> Train: (1886, 31), Test: (1722, 31)
2025-12-22 01:10:56 | INFO     | veri_cek | add_population_features:190 | 1 nüfus kolonu bulundu: ['Nufus_Sayisi']...
2025-12-22 01:10:56 | INFO     | veri_cek | add_population_features:190 | 1 nüfus kolonu bulundu: ['Nufus_Sayisi']...
2025-12-22 01:10:56 | INFO     | veri_cek | add_population_features:190 | 1 nüfus kolonu bulundu: ['Nufus_Sayisi']...
2025-12-22 01:10:56 | INFO     | veri_cek | add_population_features:190 | 1 nüfus kolonu bulundu: ['Nufus_Sayisi']...
2025-12-22 01:10:56 | INFO     | veri_cek | build_train_test_frames:504 | Merge bitti -> Train: (1886, 31), Test: (1722, 31)
2025-12-22 01:10:56 | INFO     | veri_cek | add_weather_features:149 | 2 hava durumu kolonu bulundu: ['windspeed_10m_max', 'windgusts_10m_max']...
2025-12-22 01:10:56 | INFO     | veri_cek | add_weather_features:149 | 2 hava durumu kolonu bulundu: ['windspeed_10m_max', 'windgusts_10m_max']...
2025-12-22 01:10:56 | INFO     | veri_cek | add_weather_features:149 | 2 hava durumu kolonu bulundu: ['windspeed_10m_max', 'windgusts_10m_max']...
2025-12-22 01:10:56 | INFO     | veri_cek | add_weather_features:149 | 2 hava durumu kolonu bulundu: ['windspeed_10m_max', 'windgusts_10m_max']...
2025-12-22 01:10:56 | INFO     | veri_cek | add_weather_features:149 | 2 hava durumu kolonu bulundu: ['windspeed_10m_max', 'windgusts_10m_max']...
2025-12-22 01:10:56 | INFO     | veri_cek | add_weather_features:149 | 2 hava durumu kolonu bulundu: ['windspeed_10m_max', 'windgusts_10m_max']...
2025-12-22 01:10:56 | INFO     | veri_cek | add_population_features:190 | 1 nüfus kolonu bulundu: ['Nufus_Sayisi']...
2025-12-22 01:10:57 | INFO     | veri_cek | add_population_features:190 | 1 nüfus kolonu bulundu: ['Nufus_Sayisi']...
2025-12-22 01:10:57 | INFO     | veri_cek | add_population_features:190 | 1 nüfus kolonu bulundu: ['Nufus_Sayisi']...
2025-12-22 01:10:57 | INFO     | veri_cek | add_population_features:190 | 1 nüfus kolonu bulundu: ['Nufus_Sayisi']...
2025-12-22 01:10:57 | INFO     | veri_cek | add_population_features:190 | 1 nüfus kolonu bulundu: ['Nufus_Sayisi']...
2025-12-22 01:10:57 | INFO     | veri_cek | add_population_features:190 | 1 nüfus kolonu bulundu: ['Nufus_Sayisi']...
2025-12-22 01:10:57 | INFO     | veri_cek | fetch_tables:455 | Tablolar cache'den alındı.
2025-12-22 01:10:57 | INFO     | veri_cek | fetch_tables:455 | Tablolar cache'den alındı.
2025-12-22 01:10:57 | INFO     | veri_cek | fetch_tables:455 | Tablolar cache'den alındı.
2025-12-22 01:10:57 | INFO     | veri_cek | fetch_tables:455 | Tablolar cache'den alındı.
2025-12-22 01:10:57 | INFO     | veri_cek | build_train_test_frames:504 | Merge bitti -> Train: (1886, 31), Test: (1722, 31)
2025-12-22 01:10:57 | INFO     | veri_cek | build_train_test_frames:504 | Merge bitti -> Train: (1886, 31), Test: (1722, 31)
2025-12-22 01:10:57 | INFO     | veri_cek | build_train_test_frames:504 | Merge bitti -> Train: (1886, 31), Test: (1722, 31)
2025-12-22 01:10:57 | INFO     | veri_cek | build_train_test_frames:504 | Merge bitti -> Train: (1886, 31), Test: (1722, 31)
2025-12-22 01:10:57 | INFO     | veri_cek | add_weather_features:149 | 2 hava durumu kolonu bulundu: ['windspeed_10m_max', 'windgusts_10m_max']...
2025-12-22 01:10:57 | INFO     | veri_cek | add_weather_features:149 | 2 hava durumu kolonu bulundu: ['windspeed_10m_max', 'windgusts_10m_max']...
2025-12-22 01:10:57 | INFO     | veri_cek | add_weather_features:149 | 2 hava durumu kolonu bulundu: ['windspeed_10m_max', 'windgusts_10m_max']...
2025-12-22 01:10:57 | INFO     | veri_cek | add_weather_features:149 | 2 hava durumu kolonu bulundu: ['windspeed_10m_max', 'windgusts_10m_max']...
2025-12-22 01:10:57 | INFO     | veri_cek | add_weather_features:149 | 2 hava durumu kolonu bulundu: ['windspeed_10m_max', 'windgusts_10m_max']...
2025-12-22 01:10:57 | INFO     | veri_cek | add_population_features:190 | 1 nüfus kolonu bulundu: ['Nufus_Sayisi']...
2025-12-22 01:10:57 | INFO     | veri_cek | add_weather_features:149 | 2 hava durumu kolonu bulundu: ['windspeed_10m_max', 'windgusts_10m_max']...
2025-12-22 01:10:57 | INFO     | veri_cek | add_population_features:190 | 1 nüfus kolonu bulundu: ['Nufus_Sayisi']...
2025-12-22 01:10:58 | INFO     | veri_cek | add_population_features:190 | 1 nüfus kolonu bulundu: ['Nufus_Sayisi']...
2025-12-22 01:10:58 | INFO     | veri_cek | add_population_features:190 | 1 nüfus kolonu bulundu: ['Nufus_Sayisi']...
2025-12-22 01:10:58 | INFO     | veri_cek | add_population_features:190 | 1 nüfus kolonu bulundu: ['Nufus_Sayisi']...
2025-12-22 01:10:58 | INFO     | veri_cek | add_population_features:190 | 1 nüfus kolonu bulundu: ['Nufus_Sayisi']...
2025-12-22 01:10:58 | INFO     | veri_cek | add_weather_features:149 | 2 hava durumu kolonu bulundu: ['windspeed_10m_max', 'windgusts_10m_max']...
2025-12-22 01:10:58 | INFO     | veri_cek | add_weather_features:149 | 2 hava durumu kolonu bulundu: ['windspeed_10m_max', 'windgusts_10m_max']...
2025-12-22 01:10:58 | INFO     | veri_cek | add_weather_features:149 | 2 hava durumu kolonu bulundu: ['windspeed_10m_max', 'windgusts_10m_max']...
2025-12-22 01:10:58 | INFO     | veri_cek | add_weather_features:149 | 2 hava durumu kolonu bulundu: ['windspeed_10m_max', 'windgusts_10m_max']...
2025-12-22 01:10:58 | INFO     | veri_cek | add_population_features:190 | 1 nüfus kolonu bulundu: ['Nufus_Sayisi']...
2025-12-22 01:10:58 | INFO     | veri_cek | add_population_features:190 | 1 nüfus kolonu bulundu: ['Nufus_Sayisi']...
2025-12-22 01:10:58 | INFO     | veri_cek | add_population_features:190 | 1 nüfus kolonu bulundu: ['Nufus_Sayisi']...
2025-12-22 01:10:58 | INFO     | veri_cek | add_population_features:190 | 1 nüfus kolonu bulundu: ['Nufus_Sayisi']...
2025-12-22 01:13:02 | INFO     | veri_cek | fetch_tables:455 | Tablolar cache'den alındı.
2025-12-22 01:13:02 | INFO     | veri_cek | build_train_test_frames:504 | Merge bitti -> Train: (1886, 31), Test: (1722, 31)
2025-12-22 01:13:02 | INFO     | veri_cek | add_weather_features:149 | 2 hava durumu kolonu bulundu: ['windspeed_10m_max', 'windgusts_10m_max']...
2025-12-22 01:13:02 | INFO     | veri_cek | add_population_features:190 | 1 nüfus kolonu bulundu: ['Nufus_Sayisi']...
2025-12-22 01:13:03 | INFO     | veri_cek | add_weather_features:149 | 2 hava durumu kolonu bulundu: ['windspeed_10m_max', 'windgusts_10m_max']...
2025-12-22 01:13:03 | INFO     | veri_cek | add_population_features:190 | 1 nüfus kolonu bulundu: ['Nufus_Sayisi']...
2025-12-22 01:13:03 | INFO     | veri_cek | fetch_tables:455 | Tablolar cache'den alındı.
2025-12-22 01:13:03 | INFO     | veri_cek | build_train_test_frames:504 | Merge bitti -> Train: (1886, 31), Test: (1722, 31)
2025-12-22 01:13:03 | INFO     | veri_cek | add_weather_features:149 | 2 hava durumu kolonu bulundu: ['windspeed_10m_max', 'windgusts_10m_max']...
2025-12-22 01:13:03 | INFO     | veri_cek | add_population_features:190 | 1 nüfus kolonu bulundu: ['Nufus_Sayisi']...
2025-12-22 01:13:03 | INFO     | veri_cek | add_weather_features:149 | 2 hava durumu kolonu bulundu: ['windspeed_10m_max', 'windgusts_10m_max']...
2025-12-22 01:13:03 | INFO     | veri_cek | add_population_features:190 | 1 nüfus kolonu bulundu: ['Nufus_Sayisi']...
2025-12-22 01:13:03 | INFO     | veri_cek | fetch_tables:455 | Tablolar cache'den alındı.
2025-12-22 01:13:03 | INFO     | veri_cek | build_train_test_frames:504 | Merge bitti -> Train: (1886, 31), Test: (1722, 31)
2025-12-22 01:13:03 | INFO     | veri_cek | add_weather_features:149 | 2 hava durumu kolonu bulundu: ['windspeed_10m_max', 'windgusts_10m_max']...
2025-12-22 01:13:03 | INFO     | veri_cek | add_population_features:190 | 1 nüfus kolonu bulundu: ['Nufus_Sayisi']...
2025-12-22 01:13:03 | INFO     | veri_cek | add_weather_features:149 | 2 hava durumu kolonu bulundu: ['windspeed_10m_max', 'windgusts_10m_max']...
2025-12-22 01:13:03 | INFO     | veri_cek | add_population_features:190 | 1 nüfus kolonu bulundu: ['Nufus_Sayisi']...
2025-12-22 01:13:03 | INFO     | veri_cek | fetch_tables:455 | Tablolar cache'den alındı.
2025-12-22 01:13:03 | INFO     | veri_cek | build_train_test_frames:504 | Merge bitti -> Train: (1886, 31), Test: (1722, 31)
2025-12-22 01:13:03 | INFO     | veri_cek | add_weather_features:149 | 2 hava durumu kolonu bulundu: ['windspeed_10m_max', 'windgusts_10m_max']...
2025-12-22 01:13:03 | INFO     | veri_cek | add_population_features:190 | 1 nüfus kolonu bulundu: ['Nufus_Sayisi']...
2025-12-22 01:13:03 | INFO     | veri_cek | add_weather_features:149 | 2 hava durumu kolonu bulundu: ['windspeed_10m_max', 'windgusts_10m_max']...
2025-12-22 01:13:03 | INFO     | veri_cek | add_population_features:190 | 1 nüfus kolonu bulundu: ['Nufus_Sayisi']...
2025-12-22 01:13:04 | INFO     | veri_cek | fetch_tables:455 | Tablolar cache'den alındı.
2025-12-22 01:13:04 | INFO     | veri_cek | fetch_tables:455 | Tablolar cache'den alındı.
2025-12-22 01:13:04 | INFO     | veri_cek | build_train_test_frames:504 | Merge bitti -> Train: (1886, 31), Test: (1722, 31)
2025-12-22 01:13:04 | INFO     | veri_cek | build_train_test_frames:504 | Merge bitti -> Train: (1886, 31), Test: (1722, 31)
2025-12-22 01:13:04 | INFO     | veri_cek | add_weather_features:149 | 2 hava durumu kolonu bulundu: ['windspeed_10m_max', 'windgusts_10m_max']...
2025-12-22 01:13:04 | INFO     | veri_cek | add_weather_features:149 | 2 hava durumu kolonu bulundu: ['windspeed_10m_max', 'windgusts_10m_max']...
2025-12-22 01:13:04 | INFO     | veri_cek | add_population_features:190 | 1 nüfus kolonu bulundu: ['Nufus_Sayisi']...
2025-12-22 01:13:04 | INFO     | veri_cek | add_population_features:190 | 1 nüfus kolonu bulundu: ['Nufus_Sayisi']...
2025-12-22 01:13:04 | INFO     | veri_cek | fetch_tables:455 | Tablolar cache'den alındı.
2025-12-22 01:13:04 | INFO     | veri_cek | fetch_tables:455 | Tablolar cache'den alındı.
2025-12-22 01:13:04 | INFO     | veri_cek | fetch_tables:455 | Tablolar cache'den alındı.
2025-12-22 01:13:04 | INFO     | veri_cek | fetch_tables:455 | Tablolar cache'den alındı.
2025-12-22 01:13:04 | INFO     | veri_cek | build_train_test_frames:504 | Merge bitti -> Train: (1886, 31), Test: (1722, 31)
2025-12-22 01:13:04 | INFO     | veri_cek | build_train_test_frames:504 | Merge bitti -> Train: (1886, 31), Test: (1722, 31)
2025-12-22 01:13:04 | INFO     | veri_cek | build_train_test_frames:504 | Merge bitti -> Train: (1886, 31), Test: (1722, 31)
2025-12-22 01:13:04 | INFO     | veri_cek | build_train_test_frames:504 | Merge bitti -> Train: (1886, 31), Test: (1722, 31)
2025-12-22 01:13:04 | INFO     | veri_cek | add_weather_features:149 | 2 hava durumu kolonu bulundu: ['windspeed_10m_max', 'windgusts_10m_max']...
2025-12-22 01:13:04 | INFO     | veri_cek | add_weather_features:149 | 2 hava durumu kolonu bulundu: ['windspeed_10m_max', 'windgusts_10m_max']...
2025-12-22 01:13:05 | INFO     | veri_cek | add_population_features:190 | 1 nüfus kolonu bulundu: ['Nufus_Sayisi']...
2025-12-22 01:13:05 | INFO     | veri_cek | add_population_features:190 | 1 nüfus kolonu bulundu: ['Nufus_Sayisi']...
2025-12-22 01:13:05 | INFO     | veri_cek | add_weather_features:149 | 2 hava durumu kolonu bulundu: ['windspeed_10m_max', 'windgusts_10m_max']...
2025-12-22 01:13:05 | INFO     | veri_cek | fetch_tables:455 | Tablolar cache'den alındı.
2025-12-22 01:13:05 | INFO     | veri_cek | add_weather_features:149 | 2 hava durumu kolonu bulundu: ['windspeed_10m_max', 'windgusts_10m_max']...
2025-12-22 01:13:05 | INFO     | veri_cek | add_weather_features:149 | 2 hava durumu kolonu bulundu: ['windspeed_10m_max', 'windgusts_10m_max']...
2025-12-22 01:13:05 | INFO     | veri_cek | add_weather_features:149 | 2 hava durumu kolonu bulundu: ['windspeed_10m_max', 'windgusts_10m_max']...
2025-12-22 01:13:05 | INFO     | veri_cek | fetch_tables:455 | Tablolar cache'den alındı.
2025-12-22 01:13:05 | INFO     | veri_cek | build_train_test_frames:504 | Merge bitti -> Train: (1886, 31), Test: (1722, 31)
2025-12-22 01:13:05 | INFO     | veri_cek | build_train_test_frames:504 | Merge bitti -> Train: (1886, 31), Test: (1722, 31)
2025-12-22 01:13:05 | INFO     | veri_cek | add_population_features:190 | 1 nüfus kolonu bulundu: ['Nufus_Sayisi']...
2025-12-22 01:13:05 | INFO     | veri_cek | add_population_features:190 | 1 nüfus kolonu bulundu: ['Nufus_Sayisi']...
2025-12-22 01:13:05 | INFO     | veri_cek | add_population_features:190 | 1 nüfus kolonu bulundu: ['Nufus_Sayisi']...
2025-12-22 01:13:05 | INFO     | veri_cek | add_population_features:190 | 1 nüfus kolonu bulundu: ['Nufus_Sayisi']...
2025-12-22 01:13:05 | INFO     | veri_cek | add_weather_features:149 | 2 hava durumu kolonu bulundu: ['windspeed_10m_max', 'windgusts_10m_max']...
2025-12-22 01:13:05 | INFO     | veri_cek | add_weather_features:149 | 2 hava durumu kolonu bulundu: ['windspeed_10m_max', 'windgusts_10m_max']...
2025-12-22 01:13:05 | INFO     | veri_cek | add_weather_features:149 | 2 hava durumu kolonu bulundu: ['windspeed_10m_max', 'windgusts_10m_max']...
2025-12-22 01:13:05 | INFO     | veri_cek | add_weather_features:149 | 2 hava durumu kolonu bulundu: ['windspeed_10m_max', 'windgusts_10m_max']...
2025-12-22 01:13:05 | INFO     | veri_cek | add_weather_features:149 | 2 hava durumu kolonu bulundu: ['windspeed_10m_max', 'windgusts_10m_max']...
2025-12-22 01:13:05 | INFO     | veri_cek | add_weather_features:149 | 2 hava durumu kolonu bulundu: ['windspeed_10m_max', 'windgusts_10m_max']...
2025-12-22 01:13:05 | INFO     | veri_cek | add_population_features:190 | 1 nüfus kolonu bulundu: ['Nufus_Sayisi']...
2025-12-22 01:13:05 | INFO     | veri_cek | add_population_features:190 | 1 nüfus kolonu bulundu: ['Nufus_Sayisi']...
2025-12-22 01:13:06 | INFO     | veri_cek | add_population_features:190 | 1 nüfus kolonu bulundu: ['Nufus_Sayisi']...
2025-12-22 01:13:06 | INFO     | veri_cek | add_population_features:190 | 1 nüfus kolonu bulundu: ['Nufus_Sayisi']...
2025-12-22 01:13:06 | INFO     | veri_cek | add_population_features:190 | 1 nüfus kolonu bulundu: ['Nufus_Sayisi']...
2025-12-22 01:13:06 | INFO     | veri_cek | add_population_features:190 | 1 nüfus kolonu bulundu: ['Nufus_Sayisi']...
2025-12-22 01:13:06 | INFO     | veri_cek | fetch_tables:455 | Tablolar cache'den alındı.
2025-12-22 01:13:06 | INFO     | veri_cek | fetch_tables:455 | Tablolar cache'den alındı.
2025-12-22 01:13:06 | INFO     | veri_cek | fetch_tables:455 | Tablolar cache'den alındı.
2025-12-22 01:13:06 | INFO     | veri_cek | fetch_tables:455 | Tablolar cache'den alındı.
2025-12-22 01:13:06 | INFO     | veri_cek | build_train_test_frames:504 | Merge bitti -> Train: (1886, 31), Test: (1722, 31)
2025-12-22 01:13:06 | INFO     | veri_cek | build_train_test_frames:504 | Merge bitti -> Train: (1886, 31), Test: (1722, 31)
2025-12-22 01:13:06 | INFO     | veri_cek | build_train_test_frames:504 | Merge bitti -> Train: (1886, 31), Test: (1722, 31)
2025-12-22 01:13:06 | INFO     | veri_cek | build_train_test_frames:504 | Merge bitti -> Train: (1886, 31), Test: (1722, 31)
2025-12-22 01:13:06 | INFO     | veri_cek | add_weather_features:149 | 2 hava durumu kolonu bulundu: ['windspeed_10m_max', 'windgusts_10m_max']...
2025-12-22 01:13:06 | INFO     | veri_cek | add_weather_features:149 | 2 hava durumu kolonu bulundu: ['windspeed_10m_max', 'windgusts_10m_max']...
2025-12-22 01:13:06 | INFO     | veri_cek | add_population_features:190 | 1 nüfus kolonu bulundu: ['Nufus_Sayisi']...
2025-12-22 01:13:06 | INFO     | veri_cek | add_weather_features:149 | 2 hava durumu kolonu bulundu: ['windspeed_10m_max', 'windgusts_10m_max']...
2025-12-22 01:13:06 | INFO     | veri_cek | add_weather_features:149 | 2 hava durumu kolonu bulundu: ['windspeed_10m_max', 'windgusts_10m_max']...
2025-12-22 01:13:06 | INFO     | veri_cek | add_population_features:190 | 1 nüfus kolonu bulundu: ['Nufus_Sayisi']...
2025-12-22 01:13:06 | INFO     | veri_cek | add_weather_features:149 | 2 hava durumu kolonu bulundu: ['windspeed_10m_max', 'windgusts_10m_max']...
2025-12-22 01:13:06 | INFO     | veri_cek | add_weather_features:149 | 2 hava durumu kolonu bulundu: ['windspeed_10m_max', 'windgusts_10m_max']...
2025-12-22 01:13:07 | INFO     | veri_cek | add_population_features:190 | 1 nüfus kolonu bulundu: ['Nufus_Sayisi']...
2025-12-22 01:13:07 | INFO     | veri_cek | add_population_features:190 | 1 nüfus kolonu bulundu: ['Nufus_Sayisi']...
2025-12-22 01:13:07 | INFO     | veri_cek | add_population_features:190 | 1 nüfus kolonu bulundu: ['Nufus_Sayisi']...
2025-12-22 01:13:07 | INFO     | veri_cek | add_population_features:190 | 1 nüfus kolonu bulundu: ['Nufus_Sayisi']...
2025-12-22 01:13:07 | INFO     | veri_cek | add_weather_features:149 | 2 hava durumu kolonu bulundu: ['windspeed_10m_max', 'windgusts_10m_max']...
2025-12-22 01:13:07 | INFO     | veri_cek | add_weather_features:149 | 2 hava durumu kolonu bulundu: ['windspeed_10m_max', 'windgusts_10m_max']...
2025-12-22 01:13:07 | INFO     | veri_cek | add_weather_features:149 | 2 hava durumu kolonu bulundu: ['windspeed_10m_max', 'windgusts_10m_max']...
2025-12-22 01:13:07 | INFO     | veri_cek | add_weather_features:149 | 2 hava durumu kolonu bulundu: ['windspeed_10m_max', 'windgusts_10m_max']...
2025-12-22 01:13:07 | INFO     | veri_cek | add_population_features:190 | 1 nüfus kolonu bulundu: ['Nufus_Sayisi']...
2025-12-22 01:13:07 | INFO     | veri_cek | add_population_features:190 | 1 nüfus kolonu bulundu: ['Nufus_Sayisi']...
2025-12-22 01:13:07 | INFO     | veri_cek | add_population_features:190 | 1 nüfus kolonu bulundu: ['Nufus_Sayisi']...
2025-12-22 01:13:07 | INFO     | veri_cek | add_population_features:190 | 1 nüfus kolonu bulundu: ['Nufus_Sayisi']...
2025-12-22 01:18:41 | INFO     | veri_cek | fetch_tables:455 | Tablolar cache'den alındı.
2025-12-22 01:18:41 | INFO     | veri_cek | build_train_test_frames:504 | Merge bitti -> Train: (1886, 31), Test: (1722, 31)
2025-12-22 01:18:41 | INFO     | veri_cek | add_weather_features:149 | 2 hava durumu kolonu bulundu: ['windspeed_10m_max', 'windgusts_10m_max']...
2025-12-22 01:18:41 | INFO     | veri_cek | add_population_features:190 | 1 nüfus kolonu bulundu: ['Nufus_Sayisi']...
2025-12-22 01:18:41 | INFO     | veri_cek | add_weather_features:149 | 2 hava durumu kolonu bulundu: ['windspeed_10m_max', 'windgusts_10m_max']...
2025-12-22 01:18:42 | INFO     | veri_cek | add_population_features:190 | 1 nüfus kolonu bulundu: ['Nufus_Sayisi']...
2025-12-22 01:18:42 | INFO     | veri_cek | fetch_tables:455 | Tablolar cache'den alındı.
2025-12-22 01:18:42 | INFO     | veri_cek | build_train_test_frames:504 | Merge bitti -> Train: (1886, 31), Test: (1722, 31)
2025-12-22 01:18:42 | INFO     | veri_cek | add_weather_features:149 | 2 hava durumu kolonu bulundu: ['windspeed_10m_max', 'windgusts_10m_max']...
2025-12-22 01:18:42 | INFO     | veri_cek | add_population_features:190 | 1 nüfus kolonu bulundu: ['Nufus_Sayisi']...
2025-12-22 01:18:42 | INFO     | veri_cek | add_weather_features:149 | 2 hava durumu kolonu bulundu: ['windspeed_10m_max', 'windgusts_10m_max']...
2025-12-22 01:18:42 | INFO     | veri_cek | add_population_features:190 | 1 nüfus kolonu bulundu: ['Nufus_Sayisi']...
2025-12-22 01:18:42 | INFO     | veri_cek | fetch_tables:455 | Tablolar cache'den alındı.
2025-12-22 01:18:42 | INFO     | veri_cek | build_train_test_frames:504 | Merge bitti -> Train: (1886, 31), Test: (1722, 31)
2025-12-22 01:18:42 | INFO     | veri_cek | add_weather_features:149 | 2 hava durumu kolonu bulundu: ['windspeed_10m_max', 'windgusts_10m_max']...
2025-12-22 01:18:42 | INFO     | veri_cek | add_population_features:190 | 1 nüfus kolonu bulundu: ['Nufus_Sayisi']...
2025-12-22 01:18:42 | INFO     | veri_cek | add_weather_features:149 | 2 hava durumu kolonu bulundu: ['windspeed_10m_max', 'windgusts_10m_max']...
2025-12-22 01:18:42 | INFO     | veri_cek | add_population_features:190 | 1 nüfus kolonu bulundu: ['Nufus_Sayisi']...
2025-12-22 01:18:42 | INFO     | veri_cek | fetch_tables:455 | Tablolar cache'den alındı.
2025-12-22 01:18:42 | INFO     | veri_cek | build_train_test_frames:504 | Merge bitti -> Train: (1886, 31), Test: (1722, 31)
2025-12-22 01:18:42 | INFO     | veri_cek | add_weather_features:149 | 2 hava durumu kolonu bulundu: ['windspeed_10m_max', 'windgusts_10m_max']...
2025-12-22 01:18:42 | INFO     | veri_cek | add_population_features:190 | 1 nüfus kolonu bulundu: ['Nufus_Sayisi']...
2025-12-22 01:18:43 | INFO     | veri_cek | add_weather_features:149 | 2 hava durumu kolonu bulundu: ['windspeed_10m_max', 'windgusts_10m_max']...
2025-12-22 01:18:43 | INFO     | veri_cek | add_population_features:190 | 1 nüfus kolonu bulundu: ['Nufus_Sayisi']...
2025-12-22 01:18:43 | INFO     | veri_cek | fetch_tables:455 | Tablolar cache'den alındı.
2025-12-22 01:18:43 | INFO     | veri_cek | fetch_tables:455 | Tablolar cache'den alındı.
2025-12-22 01:18:43 | INFO     | veri_cek | build_train_test_frames:504 | Merge bitti -> Train: (1886, 31), Test: (1722, 31)
2025-12-22 01:18:43 | INFO     | veri_cek | build_train_test_frames:504 | Merge bitti -> Train: (1886, 31), Test: (1722, 31)
2025-12-22 01:18:43 | INFO     | veri_cek | add_weather_features:149 | 2 hava durumu kolonu bulundu: ['windspeed_10m_max', 'windgusts_10m_max']...
2025-12-22 01:18:43 | INFO     | veri_cek | add_weather_features:149 | 2 hava durumu kolonu bulundu: ['windspeed_10m_max', 'windgusts_10m_max']...
2025-12-22 01:18:43 | INFO     | veri_cek | add_population_features:190 | 1 nüfus kolonu bulundu: ['Nufus_Sayisi']...
2025-12-22 01:18:43 | INFO     | veri_cek | add_population_features:190 | 1 nüfus kolonu bulundu: ['Nufus_Sayisi']...
2025-12-22 01:18:43 | INFO     | veri_cek | fetch_tables:455 | Tablolar cache'den alındı.
2025-12-22 01:18:43 | INFO     | veri_cek | fetch_tables:455 | Tablolar cache'den alındı.
2025-12-22 01:18:43 | INFO     | veri_cek | fetch_tables:455 | Tablolar cache'den alındı.
2025-12-22 01:18:43 | INFO     | veri_cek | fetch_tables:455 | Tablolar cache'den alındı.
2025-12-22 01:18:43 | INFO     | veri_cek | build_train_test_frames:504 | Merge bitti -> Train: (1886, 31), Test: (1722, 31)
2025-12-22 01:18:43 | INFO     | veri_cek | build_train_test_frames:504 | Merge bitti -> Train: (1886, 31), Test: (1722, 31)
2025-12-22 01:18:43 | INFO     | veri_cek | build_train_test_frames:504 | Merge bitti -> Train: (1886, 31), Test: (1722, 31)
2025-12-22 01:18:43 | INFO     | veri_cek | build_train_test_frames:504 | Merge bitti -> Train: (1886, 31), Test: (1722, 31)
2025-12-22 01:18:43 | INFO     | veri_cek | add_weather_features:149 | 2 hava durumu kolonu bulundu: ['windspeed_10m_max', 'windgusts_10m_max']...
2025-12-22 01:18:43 | INFO     | veri_cek | add_weather_features:149 | 2 hava durumu kolonu bulundu: ['windspeed_10m_max', 'windgusts_10m_max']...
2025-12-22 01:18:44 | INFO     | veri_cek | add_population_features:190 | 1 nüfus kolonu bulundu: ['Nufus_Sayisi']...
2025-12-22 01:18:44 | INFO     | veri_cek | add_population_features:190 | 1 nüfus kolonu bulundu: ['Nufus_Sayisi']...
2025-12-22 01:18:44 | INFO     | veri_cek | add_weather_features:149 | 2 hava durumu kolonu bulundu: ['windspeed_10m_max', 'windgusts_10m_max']...
2025-12-22 01:18:44 | INFO     | veri_cek | add_weather_features:149 | 2 hava durumu kolonu bulundu: ['windspeed_10m_max', 'windgusts_10m_max']...
2025-12-22 01:18:44 | INFO     | veri_cek | add_weather_features:149 | 2 hava durumu kolonu bulundu: ['windspeed_10m_max', 'windgusts_10m_max']...
2025-12-22 01:18:44 | INFO     | veri_cek | add_weather_features:149 | 2 hava durumu kolonu bulundu: ['windspeed_10m_max', 'windgusts_10m_max']...
2025-12-22 01:18:44 | INFO     | veri_cek | fetch_tables:455 | Tablolar cache'den alındı.
2025-12-22 01:18:44 | INFO     | veri_cek | fetch_tables:455 | Tablolar cache'den alındı.
2025-12-22 01:18:44 | INFO     | veri_cek | build_train_test_frames:504 | Merge bitti -> Train: (1886, 31), Test: (1722, 31)
2025-12-22 01:18:44 | INFO     | veri_cek | build_train_test_frames:504 | Merge bitti -> Train: (1886, 31), Test: (1722, 31)
2025-12-22 01:18:44 | INFO     | veri_cek | add_population_features:190 | 1 nüfus kolonu bulundu: ['Nufus_Sayisi']...
2025-12-22 01:18:44 | INFO     | veri_cek | add_population_features:190 | 1 nüfus kolonu bulundu: ['Nufus_Sayisi']...
2025-12-22 01:18:44 | INFO     | veri_cek | add_population_features:190 | 1 nüfus kolonu bulundu: ['Nufus_Sayisi']...
2025-12-22 01:18:44 | INFO     | veri_cek | add_population_features:190 | 1 nüfus kolonu bulundu: ['Nufus_Sayisi']...
2025-12-22 01:18:44 | INFO     | veri_cek | add_weather_features:149 | 2 hava durumu kolonu bulundu: ['windspeed_10m_max', 'windgusts_10m_max']...
2025-12-22 01:18:44 | INFO     | veri_cek | add_weather_features:149 | 2 hava durumu kolonu bulundu: ['windspeed_10m_max', 'windgusts_10m_max']...
2025-12-22 01:18:45 | INFO     | veri_cek | add_weather_features:149 | 2 hava durumu kolonu bulundu: ['windspeed_10m_max', 'windgusts_10m_max']...
2025-12-22 01:18:45 | INFO     | veri_cek | add_weather_features:149 | 2 hava durumu kolonu bulundu: ['windspeed_10m_max', 'windgusts_10m_max']...
2025-12-22 01:18:45 | INFO     | veri_cek | add_weather_features:149 | 2 hava durumu kolonu bulundu: ['windspeed_10m_max', 'windgusts_10m_max']...
2025-12-22 01:18:45 | INFO     | veri_cek | add_weather_features:149 | 2 hava durumu kolonu bulundu: ['windspeed_10m_max', 'windgusts_10m_max']...
2025-12-22 01:18:45 | INFO     | veri_cek | add_population_features:190 | 1 nüfus kolonu bulundu: ['Nufus_Sayisi']...
2025-12-22 01:18:45 | INFO     | veri_cek | add_population_features:190 | 1 nüfus kolonu bulundu: ['Nufus_Sayisi']...
2025-12-22 01:18:45 | INFO     | veri_cek | add_population_features:190 | 1 nüfus kolonu bulundu: ['Nufus_Sayisi']...
2025-12-22 01:18:45 | INFO     | veri_cek | add_population_features:190 | 1 nüfus kolonu bulundu: ['Nufus_Sayisi']...
2025-12-22 01:18:45 | INFO     | veri_cek | add_population_features:190 | 1 nüfus kolonu bulundu: ['Nufus_Sayisi']...
2025-12-22 01:18:45 | INFO     | veri_cek | add_population_features:190 | 1 nüfus kolonu bulundu: ['Nufus_Sayisi']...
2025-12-22 01:18:45 | INFO     | veri_cek | fetch_tables:455 | Tablolar cache'den alındı.
2025-12-22 01:18:45 | INFO     | veri_cek | fetch_tables:455 | Tablolar cache'den alındı.
2025-12-22 01:18:45 | INFO     | veri_cek | fetch_tables:455 | Tablolar cache'den alındı.
2025-12-22 01:18:45 | INFO     | veri_cek | fetch_tables:455 | Tablolar cache'den alındı.
2025-12-22 01:18:45 | INFO     | veri_cek | build_train_test_frames:504 | Merge bitti -> Train: (1886, 31), Test: (1722, 31)
2025-12-22 01:18:45 | INFO     | veri_cek | build_train_test_frames:504 | Merge bitti -> Train: (1886, 31), Test: (1722, 31)
2025-12-22 01:18:45 | INFO     | veri_cek | build_train_test_frames:504 | Merge bitti -> Train: (1886, 31), Test: (1722, 31)
2025-12-22 01:18:45 | INFO     | veri_cek | build_train_test_frames:504 | Merge bitti -> Train: (1886, 31), Test: (1722, 31)
2025-12-22 01:18:45 | INFO     | veri_cek | add_weather_features:149 | 2 hava durumu kolonu bulundu: ['windspeed_10m_max', 'windgusts_10m_max']...
2025-12-22 01:18:45 | INFO     | veri_cek | add_weather_features:149 | 2 hava durumu kolonu bulundu: ['windspeed_10m_max', 'windgusts_10m_max']...
2025-12-22 01:18:45 | INFO     | veri_cek | add_weather_features:149 | 2 hava durumu kolonu bulundu: ['windspeed_10m_max', 'windgusts_10m_max']...
2025-12-22 01:18:45 | INFO     | veri_cek | add_weather_features:149 | 2 hava durumu kolonu bulundu: ['windspeed_10m_max', 'windgusts_10m_max']...
2025-12-22 01:18:45 | INFO     | veri_cek | add_weather_features:149 | 2 hava durumu kolonu bulundu: ['windspeed_10m_max', 'windgusts_10m_max']...
2025-12-22 01:18:45 | INFO     | veri_cek | add_population_features:190 | 1 nüfus kolonu bulundu: ['Nufus_Sayisi']...
2025-12-22 01:18:45 | INFO     | veri_cek | add_weather_features:149 | 2 hava durumu kolonu bulundu: ['windspeed_10m_max', 'windgusts_10m_max']...
2025-12-22 01:18:45 | INFO     | veri_cek | add_population_features:190 | 1 nüfus kolonu bulundu: ['Nufus_Sayisi']...
2025-12-22 01:18:46 | INFO     | veri_cek | add_population_features:190 | 1 nüfus kolonu bulundu: ['Nufus_Sayisi']...
2025-12-22 01:18:46 | INFO     | veri_cek | add_population_features:190 | 1 nüfus kolonu bulundu: ['Nufus_Sayisi']...
2025-12-22 01:18:46 | INFO     | veri_cek | add_population_features:190 | 1 nüfus kolonu bulundu: ['Nufus_Sayisi']...
2025-12-22 01:18:46 | INFO     | veri_cek | add_population_features:190 | 1 nüfus kolonu bulundu: ['Nufus_Sayisi']...
2025-12-22 01:18:46 | INFO     | veri_cek | add_weather_features:149 | 2 hava durumu kolonu bulundu: ['windspeed_10m_max', 'windgusts_10m_max']...
2025-12-22 01:18:46 | INFO     | veri_cek | add_weather_features:149 | 2 hava durumu kolonu bulundu: ['windspeed_10m_max', 'windgusts_10m_max']...
2025-12-22 01:18:46 | INFO     | veri_cek | add_weather_features:149 | 2 hava durumu kolonu bulundu: ['windspeed_10m_max', 'windgusts_10m_max']...
2025-12-22 01:18:46 | INFO     | veri_cek | add_weather_features:149 | 2 hava durumu kolonu bulundu: ['windspeed_10m_max', 'windgusts_10m_max']...
2025-12-22 01:18:46 | INFO     | veri_cek | add_population_features:190 | 1 nüfus kolonu bulundu: ['Nufus_Sayisi']...
2025-12-22 01:18:46 | INFO     | veri_cek | add_population_features:190 | 1 nüfus kolonu bulundu: ['Nufus_Sayisi']...
2025-12-22 01:18:46 | INFO     | veri_cek | add_population_features:190 | 1 nüfus kolonu bulundu: ['Nufus_Sayisi']...
2025-12-22 01:18:46 | INFO     | veri_cek | add_population_features:190 | 1 nüfus kolonu bulundu: ['Nufus_Sayisi']...
2025-12-22 01:22:34 | INFO     | veri_cek | fetch_tables:455 | Tablolar cache'den alındı.
2025-12-22 01:22:34 | INFO     | veri_cek | fetch_tables:455 | Tablolar cache'den alındı.
2025-12-22 01:22:34 | INFO     | veri_cek | fetch_tables:455 | Tablolar cache'den alındı.
2025-12-22 01:22:34 | INFO     | veri_cek | fetch_tables:455 | Tablolar cache'den alındı.
2025-12-22 01:22:34 | INFO     | veri_cek | fetch_tables:455 | Tablolar cache'den alındı.
2025-12-22 01:22:34 | INFO     | veri_cek | fetch_tables:455 | Tablolar cache'den alındı.
2025-12-22 01:22:34 | INFO     | veri_cek | build_train_test_frames:504 | Merge bitti -> Train: (1886, 31), Test: (1722, 31)
2025-12-22 01:22:34 | INFO     | veri_cek | build_train_test_frames:504 | Merge bitti -> Train: (1886, 31), Test: (1722, 31)
2025-12-22 01:22:34 | INFO     | veri_cek | build_train_test_frames:504 | Merge bitti -> Train: (1886, 31), Test: (1722, 31)
2025-12-22 01:22:34 | INFO     | veri_cek | build_train_test_frames:504 | Merge bitti -> Train: (1886, 31), Test: (1722, 31)
2025-12-22 01:22:34 | INFO     | veri_cek | build_train_test_frames:504 | Merge bitti -> Train: (1886, 31), Test: (1722, 31)
2025-12-22 01:22:34 | INFO     | veri_cek | build_train_test_frames:504 | Merge bitti -> Train: (1886, 31), Test: (1722, 31)
2025-12-22 01:22:35 | INFO     | veri_cek | add_weather_features:149 | 2 hava durumu kolonu bulundu: ['windspeed_10m_max', 'windgusts_10m_max']...
2025-12-22 01:22:35 | INFO     | veri_cek | add_weather_features:149 | 2 hava durumu kolonu bulundu: ['windspeed_10m_max', 'windgusts_10m_max']...
2025-12-22 01:22:35 | INFO     | veri_cek | add_weather_features:149 | 2 hava durumu kolonu bulundu: ['windspeed_10m_max', 'windgusts_10m_max']...
2025-12-22 01:22:35 | INFO     | veri_cek | add_weather_features:149 | 2 hava durumu kolonu bulundu: ['windspeed_10m_max', 'windgusts_10m_max']...
2025-12-22 01:22:35 | INFO     | veri_cek | add_weather_features:149 | 2 hava durumu kolonu bulundu: ['windspeed_10m_max', 'windgusts_10m_max']...
2025-12-22 01:22:35 | INFO     | veri_cek | add_weather_features:149 | 2 hava durumu kolonu bulundu: ['windspeed_10m_max', 'windgusts_10m_max']...
2025-12-22 01:22:35 | INFO     | veri_cek | add_population_features:190 | 1 nüfus kolonu bulundu: ['Nufus_Sayisi']...
2025-12-22 01:22:35 | INFO     | veri_cek | add_population_features:190 | 1 nüfus kolonu bulundu: ['Nufus_Sayisi']...
2025-12-22 01:22:35 | INFO     | veri_cek | add_population_features:190 | 1 nüfus kolonu bulundu: ['Nufus_Sayisi']...
2025-12-22 01:22:35 | INFO     | veri_cek | add_population_features:190 | 1 nüfus kolonu bulundu: ['Nufus_Sayisi']...
2025-12-22 01:22:35 | INFO     | veri_cek | add_population_features:190 | 1 nüfus kolonu bulundu: ['Nufus_Sayisi']...
2025-12-22 01:22:35 | INFO     | veri_cek | add_population_features:190 | 1 nüfus kolonu bulundu: ['Nufus_Sayisi']...
2025-12-22 01:22:36 | INFO     | veri_cek | add_weather_features:149 | 2 hava durumu kolonu bulundu: ['windspeed_10m_max', 'windgusts_10m_max']...
2025-12-22 01:22:36 | INFO     | veri_cek | add_weather_features:149 | 2 hava durumu kolonu bulundu: ['windspeed_10m_max', 'windgusts_10m_max']...
2025-12-22 01:22:36 | INFO     | veri_cek | add_weather_features:149 | 2 hava durumu kolonu bulundu: ['windspeed_10m_max', 'windgusts_10m_max']...
2025-12-22 01:22:36 | INFO     | veri_cek | add_weather_features:149 | 2 hava durumu kolonu bulundu: ['windspeed_10m_max', 'windgusts_10m_max']...
2025-12-22 01:22:36 | INFO     | veri_cek | add_weather_features:149 | 2 hava durumu kolonu bulundu: ['windspeed_10m_max', 'windgusts_10m_max']...
2025-12-22 01:22:36 | INFO     | veri_cek | add_weather_features:149 | 2 hava durumu kolonu bulundu: ['windspeed_10m_max', 'windgusts_10m_max']...
2025-12-22 01:22:36 | INFO     | veri_cek | add_population_features:190 | 1 nüfus kolonu bulundu: ['Nufus_Sayisi']...
2025-12-22 01:22:36 | INFO     | veri_cek | add_population_features:190 | 1 nüfus kolonu bulundu: ['Nufus_Sayisi']...
2025-12-22 01:22:36 | INFO     | veri_cek | add_population_features:190 | 1 nüfus kolonu bulundu: ['Nufus_Sayisi']...
2025-12-22 01:22:36 | INFO     | veri_cek | add_population_features:190 | 1 nüfus kolonu bulundu: ['Nufus_Sayisi']...
2025-12-22 01:22:36 | INFO     | veri_cek | add_population_features:190 | 1 nüfus kolonu bulundu: ['Nufus_Sayisi']...
2025-12-22 01:22:36 | INFO     | veri_cek | add_population_features:190 | 1 nüfus kolonu bulundu: ['Nufus_Sayisi']...
2025-12-22 01:22:36 | INFO     | veri_cek | fetch_tables:455 | Tablolar cache'den alındı.
2025-12-22 01:22:36 | INFO     | veri_cek | fetch_tables:455 | Tablolar cache'den alındı.
2025-12-22 01:22:36 | INFO     | veri_cek | fetch_tables:455 | Tablolar cache'den alındı.
2025-12-22 01:22:36 | INFO     | veri_cek | fetch_tables:455 | Tablolar cache'den alındı.
2025-12-22 01:22:36 | INFO     | veri_cek | fetch_tables:455 | Tablolar cache'den alındı.
2025-12-22 01:22:36 | INFO     | veri_cek | fetch_tables:455 | Tablolar cache'den alındı.
2025-12-22 01:22:36 | INFO     | veri_cek | build_train_test_frames:504 | Merge bitti -> Train: (1886, 31), Test: (1722, 31)
2025-12-22 01:22:37 | INFO     | veri_cek | build_train_test_frames:504 | Merge bitti -> Train: (1886, 31), Test: (1722, 31)
2025-12-22 01:22:37 | INFO     | veri_cek | build_train_test_frames:504 | Merge bitti -> Train: (1886, 31), Test: (1722, 31)
2025-12-22 01:22:37 | INFO     | veri_cek | build_train_test_frames:504 | Merge bitti -> Train: (1886, 31), Test: (1722, 31)
2025-12-22 01:22:37 | INFO     | veri_cek | build_train_test_frames:504 | Merge bitti -> Train: (1886, 31), Test: (1722, 31)
2025-12-22 01:22:37 | INFO     | veri_cek | build_train_test_frames:504 | Merge bitti -> Train: (1886, 31), Test: (1722, 31)
2025-12-22 01:22:37 | INFO     | veri_cek | add_weather_features:149 | 2 hava durumu kolonu bulundu: ['windspeed_10m_max', 'windgusts_10m_max']...
2025-12-22 01:22:37 | INFO     | veri_cek | add_weather_features:149 | 2 hava durumu kolonu bulundu: ['windspeed_10m_max', 'windgusts_10m_max']...
2025-12-22 01:22:37 | INFO     | veri_cek | add_weather_features:149 | 2 hava durumu kolonu bulundu: ['windspeed_10m_max', 'windgusts_10m_max']...
2025-12-22 01:22:37 | INFO     | veri_cek | add_weather_features:149 | 2 hava durumu kolonu bulundu: ['windspeed_10m_max', 'windgusts_10m_max']...
2025-12-22 01:22:37 | INFO     | veri_cek | add_weather_features:149 | 2 hava durumu kolonu bulundu: ['windspeed_10m_max', 'windgusts_10m_max']...
2025-12-22 01:22:37 | INFO     | veri_cek | add_weather_features:149 | 2 hava durumu kolonu bulundu: ['windspeed_10m_max', 'windgusts_10m_max']...
2025-12-22 01:22:37 | INFO     | veri_cek | add_population_features:190 | 1 nüfus kolonu bulundu: ['Nufus_Sayisi']...
2025-12-22 01:22:37 | INFO     | veri_cek | add_population_features:190 | 1 nüfus kolonu bulundu: ['Nufus_Sayisi']...
2025-12-22 01:22:37 | INFO     | veri_cek | add_population_features:190 | 1 nüfus kolonu bulundu: ['Nufus_Sayisi']...
2025-12-22 01:22:38 | INFO     | veri_cek | add_population_features:190 | 1 nüfus kolonu bulundu: ['Nufus_Sayisi']...
2025-12-22 01:22:38 | INFO     | veri_cek | add_population_features:190 | 1 nüfus kolonu bulundu: ['Nufus_Sayisi']...
2025-12-22 01:22:38 | INFO     | veri_cek | add_population_features:190 | 1 nüfus kolonu bulundu: ['Nufus_Sayisi']...
2025-12-22 01:22:38 | INFO     | veri_cek | add_weather_features:149 | 2 hava durumu kolonu bulundu: ['windspeed_10m_max', 'windgusts_10m_max']...
2025-12-22 01:22:38 | INFO     | veri_cek | add_weather_features:149 | 2 hava durumu kolonu bulundu: ['windspeed_10m_max', 'windgusts_10m_max']...
2025-12-22 01:22:38 | INFO     | veri_cek | add_weather_features:149 | 2 hava durumu kolonu bulundu: ['windspeed_10m_max', 'windgusts_10m_max']...
2025-12-22 01:22:38 | INFO     | veri_cek | add_weather_features:149 | 2 hava durumu kolonu bulundu: ['windspeed_10m_max', 'windgusts_10m_max']...
2025-12-22 01:22:38 | INFO     | veri_cek | add_weather_features:149 | 2 hava durumu kolonu bulundu: ['windspeed_10m_max', 'windgusts_10m_max']...
2025-12-22 01:22:38 | INFO     | veri_cek | add_weather_features:149 | 2 hava durumu kolonu bulundu: ['windspeed_10m_max', 'windgusts_10m_max']...
2025-12-22 01:22:39 | INFO     | veri_cek | add_population_features:190 | 1 nüfus kolonu bulundu: ['Nufus_Sayisi']...
2025-12-22 01:22:39 | INFO     | veri_cek | add_population_features:190 | 1 nüfus kolonu bulundu: ['Nufus_Sayisi']...
2025-12-22 01:22:39 | INFO     | veri_cek | add_population_features:190 | 1 nüfus kolonu bulundu: ['Nufus_Sayisi']...
2025-12-22 01:22:39 | INFO     | veri_cek | add_population_features:190 | 1 nüfus kolonu bulundu: ['Nufus_Sayisi']...
2025-12-22 01:22:39 | INFO     | veri_cek | add_population_features:190 | 1 nüfus kolonu bulundu: ['Nufus_Sayisi']...
2025-12-22 01:22:39 | INFO     | veri_cek | add_population_features:190 | 1 nüfus kolonu bulundu: ['Nufus_Sayisi']...
2025-12-22 01:22:40 | INFO     | veri_cek | fetch_tables:455 | Tablolar cache'den alındı.
2025-12-22 01:22:40 | INFO     | veri_cek | fetch_tables:455 | Tablolar cache'den alındı.
2025-12-22 01:22:40 | INFO     | veri_cek | build_train_test_frames:504 | Merge bitti -> Train: (1886, 31), Test: (1722, 31)
2025-12-22 01:22:40 | INFO     | veri_cek | build_train_test_frames:504 | Merge bitti -> Train: (1886, 31), Test: (1722, 31)
2025-12-22 01:22:40 | INFO     | veri_cek | add_weather_features:149 | 2 hava durumu kolonu bulundu: ['windspeed_10m_max', 'windgusts_10m_max']...
2025-12-22 01:22:40 | INFO     | veri_cek | add_weather_features:149 | 2 hava durumu kolonu bulundu: ['windspeed_10m_max', 'windgusts_10m_max']...
2025-12-22 01:22:41 | INFO     | veri_cek | add_population_features:190 | 1 nüfus kolonu bulundu: ['Nufus_Sayisi']...
2025-12-22 01:22:41 | INFO     | veri_cek | add_population_features:190 | 1 nüfus kolonu bulundu: ['Nufus_Sayisi']...
2025-12-22 01:22:41 | INFO     | veri_cek | add_weather_features:149 | 2 hava durumu kolonu bulundu: ['windspeed_10m_max', 'windgusts_10m_max']...
2025-12-22 01:22:41 | INFO     | veri_cek | add_weather_features:149 | 2 hava durumu kolonu bulundu: ['windspeed_10m_max', 'windgusts_10m_max']...
2025-12-22 01:22:41 | INFO     | veri_cek | add_population_features:190 | 1 nüfus kolonu bulundu: ['Nufus_Sayisi']...
2025-12-22 01:22:41 | INFO     | veri_cek | add_population_features:190 | 1 nüfus kolonu bulundu: ['Nufus_Sayisi']...
2025-12-22 01:22:41 | INFO     | veri_cek | fetch_tables:455 | Tablolar cache'den alındı.
2025-12-22 01:22:41 | INFO     | veri_cek | fetch_tables:455 | Tablolar cache'den alındı.
2025-12-22 01:22:41 | INFO     | veri_cek | build_train_test_frames:504 | Merge bitti -> Train: (1886, 31), Test: (1722, 31)
2025-12-22 01:22:42 | INFO     | veri_cek | build_train_test_frames:504 | Merge bitti -> Train: (1886, 31), Test: (1722, 31)
2025-12-22 01:22:42 | INFO     | veri_cek | add_weather_features:149 | 2 hava durumu kolonu bulundu: ['windspeed_10m_max', 'windgusts_10m_max']...
2025-12-22 01:22:42 | INFO     | veri_cek | add_weather_features:149 | 2 hava durumu kolonu bulundu: ['windspeed_10m_max', 'windgusts_10m_max']...
2025-12-22 01:22:42 | INFO     | veri_cek | add_population_features:190 | 1 nüfus kolonu bulundu: ['Nufus_Sayisi']...
2025-12-22 01:22:42 | INFO     | veri_cek | add_population_features:190 | 1 nüfus kolonu bulundu: ['Nufus_Sayisi']...
2025-12-22 01:22:42 | INFO     | veri_cek | add_weather_features:149 | 2 hava durumu kolonu bulundu: ['windspeed_10m_max', 'windgusts_10m_max']...
2025-12-22 01:22:42 | INFO     | veri_cek | add_population_features:190 | 1 nüfus kolonu bulundu: ['Nufus_Sayisi']...
2025-12-22 01:22:42 | INFO     | veri_cek | add_weather_features:149 | 2 hava durumu kolonu bulundu: ['windspeed_10m_max', 'windgusts_10m_max']...
2025-12-22 01:22:43 | INFO     | veri_cek | add_population_features:190 | 1 nüfus kolonu bulundu: ['Nufus_Sayisi']...
2025-12-22 01:22:46 | INFO     | veri_cek | fetch_tables:455 | Tablolar cache'den alındı.
2025-12-22 01:22:46 | INFO     | veri_cek | build_train_test_frames:504 | Merge bitti -> Train: (1886, 31), Test: (1722, 31)
2025-12-22 01:22:46 | INFO     | veri_cek | add_weather_features:149 | 2 hava durumu kolonu bulundu: ['windspeed_10m_max', 'windgusts_10m_max']...
2025-12-22 01:22:46 | INFO     | veri_cek | add_population_features:190 | 1 nüfus kolonu bulundu: ['Nufus_Sayisi']...
2025-12-22 01:22:46 | INFO     | veri_cek | add_weather_features:149 | 2 hava durumu kolonu bulundu: ['windspeed_10m_max', 'windgusts_10m_max']...
2025-12-22 01:22:46 | INFO     | veri_cek | add_population_features:190 | 1 nüfus kolonu bulundu: ['Nufus_Sayisi']...
2025-12-22 01:22:47 | INFO     | veri_cek | fetch_tables:455 | Tablolar cache'den alındı.
2025-12-22 01:22:47 | INFO     | veri_cek | build_train_test_frames:504 | Merge bitti -> Train: (1886, 31), Test: (1722, 31)
2025-12-22 01:22:47 | INFO     | veri_cek | add_weather_features:149 | 2 hava durumu kolonu bulundu: ['windspeed_10m_max', 'windgusts_10m_max']...
2025-12-22 01:22:47 | INFO     | veri_cek | add_population_features:190 | 1 nüfus kolonu bulundu: ['Nufus_Sayisi']...
2025-12-22 01:22:47 | INFO     | veri_cek | add_weather_features:149 | 2 hava durumu kolonu bulundu: ['windspeed_10m_max', 'windgusts_10m_max']...
2025-12-22 01:22:47 | INFO     | veri_cek | add_population_features:190 | 1 nüfus kolonu bulundu: ['Nufus_Sayisi']...
2025-12-22 01:22:47 | INFO     | veri_cek | fetch_tables:455 | Tablolar cache'den alındı.
2025-12-22 01:22:47 | INFO     | veri_cek | build_train_test_frames:504 | Merge bitti -> Train: (1886, 31), Test: (1722, 31)
2025-12-22 01:22:47 | INFO     | veri_cek | add_weather_features:149 | 2 hava durumu kolonu bulundu: ['windspeed_10m_max', 'windgusts_10m_max']...
2025-12-22 01:22:47 | INFO     | veri_cek | add_population_features:190 | 1 nüfus kolonu bulundu: ['Nufus_Sayisi']...
2025-12-22 01:22:48 | INFO     | veri_cek | add_weather_features:149 | 2 hava durumu kolonu bulundu: ['windspeed_10m_max', 'windgusts_10m_max']...
2025-12-22 01:22:48 | INFO     | veri_cek | add_population_features:190 | 1 nüfus kolonu bulundu: ['Nufus_Sayisi']...
2025-12-22 01:22:48 | INFO     | veri_cek | fetch_tables:455 | Tablolar cache'den alındı.
2025-12-22 01:22:48 | INFO     | veri_cek | build_train_test_frames:504 | Merge bitti -> Train: (1886, 31), Test: (1722, 31)
2025-12-22 01:22:48 | INFO     | veri_cek | add_weather_features:149 | 2 hava durumu kolonu bulundu: ['windspeed_10m_max', 'windgusts_10m_max']...
2025-12-22 01:22:48 | INFO     | veri_cek | add_population_features:190 | 1 nüfus kolonu bulundu: ['Nufus_Sayisi']...
2025-12-22 01:22:48 | INFO     | veri_cek | add_weather_features:149 | 2 hava durumu kolonu bulundu: ['windspeed_10m_max', 'windgusts_10m_max']...
2025-12-22 01:22:48 | INFO     | veri_cek | add_population_features:190 | 1 nüfus kolonu bulundu: ['Nufus_Sayisi']...
2025-12-22 01:22:52 | INFO     | veri_cek | fetch_tables:455 | Tablolar cache'den alındı.
2025-12-22 01:22:52 | INFO     | veri_cek | build_train_test_frames:504 | Merge bitti -> Train: (1886, 31), Test: (1722, 31)
2025-12-22 01:22:52 | INFO     | veri_cek | add_weather_features:149 | 2 hava durumu kolonu bulundu: ['windspeed_10m_max', 'windgusts_10m_max']...
2025-12-22 01:22:52 | INFO     | veri_cek | add_population_features:190 | 1 nüfus kolonu bulundu: ['Nufus_Sayisi']...
2025-12-22 01:22:53 | INFO     | veri_cek | add_weather_features:149 | 2 hava durumu kolonu bulundu: ['windspeed_10m_max', 'windgusts_10m_max']...
2025-12-22 01:22:53 | INFO     | veri_cek | add_population_features:190 | 1 nüfus kolonu bulundu: ['Nufus_Sayisi']...
2025-12-22 01:22:53 | INFO     | veri_cek | fetch_tables:455 | Tablolar cache'den alındı.
2025-12-22 01:22:53 | INFO     | veri_cek | build_train_test_frames:504 | Merge bitti -> Train: (1886, 31), Test: (1722, 31)
2025-12-22 01:22:53 | INFO     | veri_cek | add_weather_features:149 | 2 hava durumu kolonu bulundu: ['windspeed_10m_max', 'windgusts_10m_max']...
2025-12-22 01:22:53 | INFO     | veri_cek | add_population_features:190 | 1 nüfus kolonu bulundu: ['Nufus_Sayisi']...
2025-12-22 01:22:53 | INFO     | veri_cek | add_weather_features:149 | 2 hava durumu kolonu bulundu: ['windspeed_10m_max', 'windgusts_10m_max']...
2025-12-22 01:22:53 | INFO     | veri_cek | add_population_features:190 | 1 nüfus kolonu bulundu: ['Nufus_Sayisi']...
2025-12-22 01:22:53 | INFO     | veri_cek | fetch_tables:455 | Tablolar cache'den alındı.
2025-12-22 01:22:53 | INFO     | veri_cek | build_train_test_frames:504 | Merge bitti -> Train: (1886, 31), Test: (1722, 31)
2025-12-22 01:22:54 | INFO     | veri_cek | add_weather_features:149 | 2 hava durumu kolonu bulundu: ['windspeed_10m_max', 'windgusts_10m_max']...
2025-12-22 01:22:54 | INFO     | veri_cek | add_population_features:190 | 1 nüfus kolonu bulundu: ['Nufus_Sayisi']...
2025-12-22 01:22:54 | INFO     | veri_cek | add_weather_features:149 | 2 hava durumu kolonu bulundu: ['windspeed_10m_max', 'windgusts_10m_max']...
2025-12-22 01:22:54 | INFO     | veri_cek | add_population_features:190 | 1 nüfus kolonu bulundu: ['Nufus_Sayisi']...
2025-12-22 01:22:54 | INFO     | veri_cek | fetch_tables:455 | Tablolar cache'den alındı.
2025-12-22 01:22:54 | INFO     | veri_cek | build_train_test_frames:504 | Merge bitti -> Train: (1886, 31), Test: (1722, 31)
2025-12-22 01:22:54 | INFO     | veri_cek | add_weather_features:149 | 2 hava durumu kolonu bulundu: ['windspeed_10m_max', 'windgusts_10m_max']...
2025-12-22 01:22:54 | INFO     | veri_cek | add_population_features:190 | 1 nüfus kolonu bulundu: ['Nufus_Sayisi']...
2025-12-22 01:22:54 | INFO     | veri_cek | add_weather_features:149 | 2 hava durumu kolonu bulundu: ['windspeed_10m_max', 'windgusts_10m_max']...
2025-12-22 01:22:54 | INFO     | veri_cek | add_population_features:190 | 1 nüfus kolonu bulundu: ['Nufus_Sayisi']...
2025-12-22 01:23:01 | INFO     | veri_cek | fetch_tables:455 | Tablolar cache'den alındı.
2025-12-22 01:23:01 | INFO     | veri_cek | build_train_test_frames:504 | Merge bitti -> Train: (1886, 31), Test: (1722, 31)
2025-12-22 01:23:01 | INFO     | veri_cek | add_weather_features:149 | 2 hava durumu kolonu bulundu: ['windspeed_10m_max', 'windgusts_10m_max']...
2025-12-22 01:23:01 | INFO     | veri_cek | add_population_features:190 | 1 nüfus kolonu bulundu: ['Nufus_Sayisi']...
2025-12-22 01:23:01 | INFO     | veri_cek | add_weather_features:149 | 2 hava durumu kolonu bulundu: ['windspeed_10m_max', 'windgusts_10m_max']...
2025-12-22 01:23:01 | INFO     | veri_cek | add_population_features:190 | 1 nüfus kolonu bulundu: ['Nufus_Sayisi']...
2025-12-22 01:23:01 | INFO     | veri_cek | fetch_tables:455 | Tablolar cache'den alındı.
2025-12-22 01:23:01 | INFO     | veri_cek | build_train_test_frames:504 | Merge bitti -> Train: (1886, 31), Test: (1722, 31)
2025-12-22 01:23:02 | INFO     | veri_cek | add_weather_features:149 | 2 hava durumu kolonu bulundu: ['windspeed_10m_max', 'windgusts_10m_max']...
2025-12-22 01:23:02 | INFO     | veri_cek | add_population_features:190 | 1 nüfus kolonu bulundu: ['Nufus_Sayisi']...
2025-12-22 01:23:02 | INFO     | veri_cek | add_weather_features:149 | 2 hava durumu kolonu bulundu: ['windspeed_10m_max', 'windgusts_10m_max']...
2025-12-22 01:23:02 | INFO     | veri_cek | add_population_features:190 | 1 nüfus kolonu bulundu: ['Nufus_Sayisi']...
2025-12-22 01:23:02 | INFO     | veri_cek | fetch_tables:455 | Tablolar cache'den alındı.
2025-12-22 01:23:02 | INFO     | veri_cek | build_train_test_frames:504 | Merge bitti -> Train: (1886, 31), Test: (1722, 31)
2025-12-22 01:23:02 | INFO     | veri_cek | add_weather_features:149 | 2 hava durumu kolonu bulundu: ['windspeed_10m_max', 'windgusts_10m_max']...
2025-12-22 01:23:02 | INFO     | veri_cek | add_population_features:190 | 1 nüfus kolonu bulundu: ['Nufus_Sayisi']...
2025-12-22 01:23:02 | INFO     | veri_cek | add_weather_features:149 | 2 hava durumu kolonu bulundu: ['windspeed_10m_max', 'windgusts_10m_max']...
2025-12-22 01:23:03 | INFO     | veri_cek | add_population_features:190 | 1 nüfus kolonu bulundu: ['Nufus_Sayisi']...
2025-12-22 01:23:03 | INFO     | veri_cek | fetch_tables:455 | Tablolar cache'den alındı.
2025-12-22 01:23:03 | INFO     | veri_cek | build_train_test_frames:504 | Merge bitti -> Train: (1886, 31), Test: (1722, 31)
2025-12-22 01:23:03 | INFO     | veri_cek | add_weather_features:149 | 2 hava durumu kolonu bulundu: ['windspeed_10m_max', 'windgusts_10m_max']...
2025-12-22 01:23:03 | INFO     | veri_cek | add_population_features:190 | 1 nüfus kolonu bulundu: ['Nufus_Sayisi']...
2025-12-22 01:23:03 | INFO     | veri_cek | add_weather_features:149 | 2 hava durumu kolonu bulundu: ['windspeed_10m_max', 'windgusts_10m_max']...
2025-12-22 01:23:03 | INFO     | veri_cek | add_population_features:190 | 1 nüfus kolonu bulundu: ['Nufus_Sayisi']...
2025-12-22 01:23:08 | INFO     | veri_cek | fetch_tables:455 | Tablolar cache'den alındı.
2025-12-22 01:23:08 | INFO     | veri_cek | build_train_test_frames:504 | Merge bitti -> Train: (1886, 31), Test: (1722, 31)
2025-12-22 01:23:08 | INFO     | veri_cek | add_weather_features:149 | 2 hava durumu kolonu bulundu: ['windspeed_10m_max', 'windgusts_10m_max']...
2025-12-22 01:23:08 | INFO     | veri_cek | add_population_features:190 | 1 nüfus kolonu bulundu: ['Nufus_Sayisi']...
2025-12-22 01:23:08 | INFO     | veri_cek | add_weather_features:149 | 2 hava durumu kolonu bulundu: ['windspeed_10m_max', 'windgusts_10m_max']...
2025-12-22 01:23:08 | INFO     | veri_cek | add_population_features:190 | 1 nüfus kolonu bulundu: ['Nufus_Sayisi']...
2025-12-22 01:23:08 | INFO     | veri_cek | fetch_tables:455 | Tablolar cache'den alındı.
2025-12-22 01:23:08 | INFO     | veri_cek | build_train_test_frames:504 | Merge bitti -> Train: (1886, 31), Test: (1722, 31)
2025-12-22 01:23:09 | INFO     | veri_cek | add_weather_features:149 | 2 hava durumu kolonu bulundu: ['windspeed_10m_max', 'windgusts_10m_max']...
2025-12-22 01:23:09 | INFO     | veri_cek | add_population_features:190 | 1 nüfus kolonu bulundu: ['Nufus_Sayisi']...
2025-12-22 01:23:09 | INFO     | veri_cek | add_weather_features:149 | 2 hava durumu kolonu bulundu: ['windspeed_10m_max', 'windgusts_10m_max']...
2025-12-22 01:23:09 | INFO     | veri_cek | add_population_features:190 | 1 nüfus kolonu bulundu: ['Nufus_Sayisi']...
2025-12-22 01:23:09 | INFO     | veri_cek | fetch_tables:455 | Tablolar cache'den alındı.
2025-12-22 01:23:09 | INFO     | veri_cek | build_train_test_frames:504 | Merge bitti -> Train: (1886, 31), Test: (1722, 31)
2025-12-22 01:23:09 | INFO     | veri_cek | add_weather_features:149 | 2 hava durumu kolonu bulundu: ['windspeed_10m_max', 'windgusts_10m_max']...
2025-12-22 01:23:09 | INFO     | veri_cek | add_population_features:190 | 1 nüfus kolonu bulundu: ['Nufus_Sayisi']...
2025-12-22 01:23:09 | INFO     | veri_cek | add_weather_features:149 | 2 hava durumu kolonu bulundu: ['windspeed_10m_max', 'windgusts_10m_max']...
2025-12-22 01:23:09 | INFO     | veri_cek | add_population_features:190 | 1 nüfus kolonu bulundu: ['Nufus_Sayisi']...
2025-12-22 01:23:10 | INFO     | veri_cek | fetch_tables:455 | Tablolar cache'den alındı.
2025-12-22 01:23:10 | INFO     | veri_cek | build_train_test_frames:504 | Merge bitti -> Train: (1886, 31), Test: (1722, 31)
2025-12-22 01:23:10 | INFO     | veri_cek | add_weather_features:149 | 2 hava durumu kolonu bulundu: ['windspeed_10m_max', 'windgusts_10m_max']...
2025-12-22 01:23:10 | INFO     | veri_cek | add_population_features:190 | 1 nüfus kolonu bulundu: ['Nufus_Sayisi']...
2025-12-22 01:23:10 | INFO     | veri_cek | add_weather_features:149 | 2 hava durumu kolonu bulundu: ['windspeed_10m_max', 'windgusts_10m_max']...
2025-12-22 01:23:10 | INFO     | veri_cek | add_population_features:190 | 1 nüfus kolonu bulundu: ['Nufus_Sayisi']...
2025-12-22 01:24:39 | INFO     | veri_cek | fetch_tables:455 | Tablolar cache'den alındı.
2025-12-22 01:24:39 | INFO     | veri_cek | fetch_tables:455 | Tablolar cache'den alındı.
2025-12-22 01:24:39 | INFO     | veri_cek | fetch_tables:455 | Tablolar cache'den alındı.
2025-12-22 01:24:39 | INFO     | veri_cek | fetch_tables:455 | Tablolar cache'den alındı.
2025-12-22 01:24:39 | INFO     | veri_cek | fetch_tables:455 | Tablolar cache'den alındı.
2025-12-22 01:24:39 | INFO     | veri_cek | fetch_tables:455 | Tablolar cache'den alındı.
2025-12-22 01:24:40 | INFO     | veri_cek | build_train_test_frames:504 | Merge bitti -> Train: (1886, 31), Test: (1722, 31)
2025-12-22 01:24:40 | INFO     | veri_cek | build_train_test_frames:504 | Merge bitti -> Train: (1886, 31), Test: (1722, 31)
2025-12-22 01:24:40 | INFO     | veri_cek | build_train_test_frames:504 | Merge bitti -> Train: (1886, 31), Test: (1722, 31)
2025-12-22 01:24:40 | INFO     | veri_cek | build_train_test_frames:504 | Merge bitti -> Train: (1886, 31), Test: (1722, 31)
2025-12-22 01:24:40 | INFO     | veri_cek | build_train_test_frames:504 | Merge bitti -> Train: (1886, 31), Test: (1722, 31)
2025-12-22 01:24:40 | INFO     | veri_cek | build_train_test_frames:504 | Merge bitti -> Train: (1886, 31), Test: (1722, 31)
2025-12-22 01:24:40 | INFO     | veri_cek | add_weather_features:149 | 2 hava durumu kolonu bulundu: ['windspeed_10m_max', 'windgusts_10m_max']...
2025-12-22 01:24:40 | INFO     | veri_cek | add_weather_features:149 | 2 hava durumu kolonu bulundu: ['windspeed_10m_max', 'windgusts_10m_max']...
2025-12-22 01:24:40 | INFO     | veri_cek | add_weather_features:149 | 2 hava durumu kolonu bulundu: ['windspeed_10m_max', 'windgusts_10m_max']...
2025-12-22 01:24:40 | INFO     | veri_cek | add_weather_features:149 | 2 hava durumu kolonu bulundu: ['windspeed_10m_max', 'windgusts_10m_max']...
2025-12-22 01:24:40 | INFO     | veri_cek | add_weather_features:149 | 2 hava durumu kolonu bulundu: ['windspeed_10m_max', 'windgusts_10m_max']...
2025-12-22 01:24:40 | INFO     | veri_cek | add_weather_features:149 | 2 hava durumu kolonu bulundu: ['windspeed_10m_max', 'windgusts_10m_max']...
2025-12-22 01:24:40 | INFO     | veri_cek | add_population_features:190 | 1 nüfus kolonu bulundu: ['Nufus_Sayisi']...
2025-12-22 01:24:40 | INFO     | veri_cek | add_population_features:190 | 1 nüfus kolonu bulundu: ['Nufus_Sayisi']...
2025-12-22 01:24:40 | INFO     | veri_cek | add_population_features:190 | 1 nüfus kolonu bulundu: ['Nufus_Sayisi']...
2025-12-22 01:24:40 | INFO     | veri_cek | add_population_features:190 | 1 nüfus kolonu bulundu: ['Nufus_Sayisi']...
2025-12-22 01:24:40 | INFO     | veri_cek | add_population_features:190 | 1 nüfus kolonu bulundu: ['Nufus_Sayisi']...
2025-12-22 01:24:40 | INFO     | veri_cek | add_population_features:190 | 1 nüfus kolonu bulundu: ['Nufus_Sayisi']...
2025-12-22 01:24:41 | INFO     | veri_cek | add_weather_features:149 | 2 hava durumu kolonu bulundu: ['windspeed_10m_max', 'windgusts_10m_max']...
2025-12-22 01:24:41 | INFO     | veri_cek | add_weather_features:149 | 2 hava durumu kolonu bulundu: ['windspeed_10m_max', 'windgusts_10m_max']...
2025-12-22 01:24:41 | INFO     | veri_cek | add_weather_features:149 | 2 hava durumu kolonu bulundu: ['windspeed_10m_max', 'windgusts_10m_max']...
2025-12-22 01:24:41 | INFO     | veri_cek | add_weather_features:149 | 2 hava durumu kolonu bulundu: ['windspeed_10m_max', 'windgusts_10m_max']...
2025-12-22 01:24:41 | INFO     | veri_cek | add_weather_features:149 | 2 hava durumu kolonu bulundu: ['windspeed_10m_max', 'windgusts_10m_max']...
2025-12-22 01:24:41 | INFO     | veri_cek | add_weather_features:149 | 2 hava durumu kolonu bulundu: ['windspeed_10m_max', 'windgusts_10m_max']...
2025-12-22 01:24:41 | INFO     | veri_cek | add_population_features:190 | 1 nüfus kolonu bulundu: ['Nufus_Sayisi']...
2025-12-22 01:24:41 | INFO     | veri_cek | add_population_features:190 | 1 nüfus kolonu bulundu: ['Nufus_Sayisi']...
2025-12-22 01:24:41 | INFO     | veri_cek | add_population_features:190 | 1 nüfus kolonu bulundu: ['Nufus_Sayisi']...
2025-12-22 01:24:41 | INFO     | veri_cek | add_population_features:190 | 1 nüfus kolonu bulundu: ['Nufus_Sayisi']...
2025-12-22 01:24:41 | INFO     | veri_cek | add_population_features:190 | 1 nüfus kolonu bulundu: ['Nufus_Sayisi']...
2025-12-22 01:24:41 | INFO     | veri_cek | fetch_tables:455 | Tablolar cache'den alındı.
2025-12-22 01:24:41 | INFO     | veri_cek | add_population_features:190 | 1 nüfus kolonu bulundu: ['Nufus_Sayisi']...
2025-12-22 01:24:41 | INFO     | veri_cek | fetch_tables:455 | Tablolar cache'den alındı.
2025-12-22 01:24:41 | INFO     | veri_cek | fetch_tables:455 | Tablolar cache'den alındı.
2025-12-22 01:24:41 | INFO     | veri_cek | fetch_tables:455 | Tablolar cache'den alındı.
2025-12-22 01:24:41 | INFO     | veri_cek | fetch_tables:455 | Tablolar cache'den alındı.
2025-12-22 01:24:41 | INFO     | veri_cek | fetch_tables:455 | Tablolar cache'den alındı.
2025-12-22 01:24:41 | INFO     | veri_cek | build_train_test_frames:504 | Merge bitti -> Train: (1886, 31), Test: (1722, 31)
2025-12-22 01:24:41 | INFO     | veri_cek | build_train_test_frames:504 | Merge bitti -> Train: (1886, 31), Test: (1722, 31)
2025-12-22 01:24:41 | INFO     | veri_cek | build_train_test_frames:504 | Merge bitti -> Train: (1886, 31), Test: (1722, 31)
2025-12-22 01:24:42 | INFO     | veri_cek | build_train_test_frames:504 | Merge bitti -> Train: (1886, 31), Test: (1722, 31)
2025-12-22 01:24:42 | INFO     | veri_cek | build_train_test_frames:504 | Merge bitti -> Train: (1886, 31), Test: (1722, 31)
2025-12-22 01:24:42 | INFO     | veri_cek | build_train_test_frames:504 | Merge bitti -> Train: (1886, 31), Test: (1722, 31)
2025-12-22 01:24:42 | INFO     | veri_cek | add_weather_features:149 | 2 hava durumu kolonu bulundu: ['windspeed_10m_max', 'windgusts_10m_max']...
2025-12-22 01:24:42 | INFO     | veri_cek | add_weather_features:149 | 2 hava durumu kolonu bulundu: ['windspeed_10m_max', 'windgusts_10m_max']...
2025-12-22 01:24:42 | INFO     | veri_cek | add_weather_features:149 | 2 hava durumu kolonu bulundu: ['windspeed_10m_max', 'windgusts_10m_max']...
2025-12-22 01:24:42 | INFO     | veri_cek | add_weather_features:149 | 2 hava durumu kolonu bulundu: ['windspeed_10m_max', 'windgusts_10m_max']...
2025-12-22 01:24:42 | INFO     | veri_cek | add_weather_features:149 | 2 hava durumu kolonu bulundu: ['windspeed_10m_max', 'windgusts_10m_max']...
2025-12-22 01:24:42 | INFO     | veri_cek | add_weather_features:149 | 2 hava durumu kolonu bulundu: ['windspeed_10m_max', 'windgusts_10m_max']...
2025-12-22 01:24:42 | INFO     | veri_cek | add_population_features:190 | 1 nüfus kolonu bulundu: ['Nufus_Sayisi']...
2025-12-22 01:24:42 | INFO     | veri_cek | add_population_features:190 | 1 nüfus kolonu bulundu: ['Nufus_Sayisi']...
2025-12-22 01:24:42 | INFO     | veri_cek | add_population_features:190 | 1 nüfus kolonu bulundu: ['Nufus_Sayisi']...
2025-12-22 01:24:42 | INFO     | veri_cek | add_population_features:190 | 1 nüfus kolonu bulundu: ['Nufus_Sayisi']...
2025-12-22 01:24:42 | INFO     | veri_cek | add_population_features:190 | 1 nüfus kolonu bulundu: ['Nufus_Sayisi']...
2025-12-22 01:24:42 | INFO     | veri_cek | add_population_features:190 | 1 nüfus kolonu bulundu: ['Nufus_Sayisi']...
2025-12-22 01:24:43 | INFO     | veri_cek | add_weather_features:149 | 2 hava durumu kolonu bulundu: ['windspeed_10m_max', 'windgusts_10m_max']...
2025-12-22 01:24:43 | INFO     | veri_cek | add_weather_features:149 | 2 hava durumu kolonu bulundu: ['windspeed_10m_max', 'windgusts_10m_max']...
2025-12-22 01:24:43 | INFO     | veri_cek | add_weather_features:149 | 2 hava durumu kolonu bulundu: ['windspeed_10m_max', 'windgusts_10m_max']...
2025-12-22 01:24:43 | INFO     | veri_cek | add_weather_features:149 | 2 hava durumu kolonu bulundu: ['windspeed_10m_max', 'windgusts_10m_max']...
2025-12-22 01:24:43 | INFO     | veri_cek | add_weather_features:149 | 2 hava durumu kolonu bulundu: ['windspeed_10m_max', 'windgusts_10m_max']...
2025-12-22 01:24:43 | INFO     | veri_cek | add_weather_features:149 | 2 hava durumu kolonu bulundu: ['windspeed_10m_max', 'windgusts_10m_max']...
2025-12-22 01:24:43 | INFO     | veri_cek | add_population_features:190 | 1 nüfus kolonu bulundu: ['Nufus_Sayisi']...
2025-12-22 01:24:43 | INFO     | veri_cek | add_population_features:190 | 1 nüfus kolonu bulundu: ['Nufus_Sayisi']...
2025-12-22 01:24:43 | INFO     | veri_cek | add_population_features:190 | 1 nüfus kolonu bulundu: ['Nufus_Sayisi']...
2025-12-22 01:24:43 | INFO     | veri_cek | add_population_features:190 | 1 nüfus kolonu bulundu: ['Nufus_Sayisi']...
2025-12-22 01:24:43 | INFO     | veri_cek | add_population_features:190 | 1 nüfus kolonu bulundu: ['Nufus_Sayisi']...
2025-12-22 01:24:43 | INFO     | veri_cek | add_population_features:190 | 1 nüfus kolonu bulundu: ['Nufus_Sayisi']...
2025-12-22 01:24:44 | INFO     | veri_cek | fetch_tables:455 | Tablolar cache'den alındı.
2025-12-22 01:24:44 | INFO     | veri_cek | fetch_tables:455 | Tablolar cache'den alındı.
2025-12-22 01:24:44 | INFO     | veri_cek | build_train_test_frames:504 | Merge bitti -> Train: (1886, 31), Test: (1722, 31)
2025-12-22 01:24:44 | INFO     | veri_cek | build_train_test_frames:504 | Merge bitti -> Train: (1886, 31), Test: (1722, 31)
2025-12-22 01:24:44 | INFO     | veri_cek | add_weather_features:149 | 2 hava durumu kolonu bulundu: ['windspeed_10m_max', 'windgusts_10m_max']...
2025-12-22 01:24:44 | INFO     | veri_cek | add_weather_features:149 | 2 hava durumu kolonu bulundu: ['windspeed_10m_max', 'windgusts_10m_max']...
2025-12-22 01:24:44 | INFO     | veri_cek | add_population_features:190 | 1 nüfus kolonu bulundu: ['Nufus_Sayisi']...
2025-12-22 01:24:44 | INFO     | veri_cek | add_population_features:190 | 1 nüfus kolonu bulundu: ['Nufus_Sayisi']...
2025-12-22 01:24:44 | INFO     | veri_cek | add_weather_features:149 | 2 hava durumu kolonu bulundu: ['windspeed_10m_max', 'windgusts_10m_max']...
2025-12-22 01:24:44 | INFO     | veri_cek | add_weather_features:149 | 2 hava durumu kolonu bulundu: ['windspeed_10m_max', 'windgusts_10m_max']...
2025-12-22 01:24:44 | INFO     | veri_cek | add_population_features:190 | 1 nüfus kolonu bulundu: ['Nufus_Sayisi']...
2025-12-22 01:24:44 | INFO     | veri_cek | add_population_features:190 | 1 nüfus kolonu bulundu: ['Nufus_Sayisi']...
2025-12-22 01:24:44 | INFO     | veri_cek | fetch_tables:455 | Tablolar cache'den alındı.
2025-12-22 01:24:44 | INFO     | veri_cek | fetch_tables:455 | Tablolar cache'den alındı.
2025-12-22 01:24:44 | INFO     | veri_cek | build_train_test_frames:504 | Merge bitti -> Train: (1886, 31), Test: (1722, 31)
2025-12-22 01:24:44 | INFO     | veri_cek | build_train_test_frames:504 | Merge bitti -> Train: (1886, 31), Test: (1722, 31)
2025-12-22 01:24:45 | INFO     | veri_cek | add_weather_features:149 | 2 hava durumu kolonu bulundu: ['windspeed_10m_max', 'windgusts_10m_max']...
2025-12-22 01:24:45 | INFO     | veri_cek | add_weather_features:149 | 2 hava durumu kolonu bulundu: ['windspeed_10m_max', 'windgusts_10m_max']...
2025-12-22 01:24:45 | INFO     | veri_cek | add_population_features:190 | 1 nüfus kolonu bulundu: ['Nufus_Sayisi']...
2025-12-22 01:24:45 | INFO     | veri_cek | add_population_features:190 | 1 nüfus kolonu bulundu: ['Nufus_Sayisi']...
2025-12-22 01:24:45 | INFO     | veri_cek | add_weather_features:149 | 2 hava durumu kolonu bulundu: ['windspeed_10m_max', 'windgusts_10m_max']...
2025-12-22 01:24:45 | INFO     | veri_cek | add_weather_features:149 | 2 hava durumu kolonu bulundu: ['windspeed_10m_max', 'windgusts_10m_max']...
2025-12-22 01:24:45 | INFO     | veri_cek | add_population_features:190 | 1 nüfus kolonu bulundu: ['Nufus_Sayisi']...
2025-12-22 01:24:45 | INFO     | veri_cek | add_population_features:190 | 1 nüfus kolonu bulundu: ['Nufus_Sayisi']...
2025-12-22 01:24:59 | INFO     | veri_cek | fetch_tables:455 | Tablolar cache'den alındı.
2025-12-22 01:24:59 | INFO     | veri_cek | build_train_test_frames:504 | Merge bitti -> Train: (1886, 31), Test: (1722, 31)
2025-12-22 01:24:59 | INFO     | veri_cek | add_weather_features:149 | 2 hava durumu kolonu bulundu: ['windspeed_10m_max', 'windgusts_10m_max']...
2025-12-22 01:24:59 | INFO     | veri_cek | add_population_features:190 | 1 nüfus kolonu bulundu: ['Nufus_Sayisi']...
2025-12-22 01:24:59 | INFO     | veri_cek | add_weather_features:149 | 2 hava durumu kolonu bulundu: ['windspeed_10m_max', 'windgusts_10m_max']...
2025-12-22 01:24:59 | INFO     | veri_cek | add_population_features:190 | 1 nüfus kolonu bulundu: ['Nufus_Sayisi']...
2025-12-22 01:24:59 | INFO     | veri_cek | fetch_tables:455 | Tablolar cache'den alındı.
2025-12-22 01:24:59 | INFO     | veri_cek | build_train_test_frames:504 | Merge bitti -> Train: (1886, 31), Test: (1722, 31)
2025-12-22 01:25:00 | INFO     | veri_cek | add_weather_features:149 | 2 hava durumu kolonu bulundu: ['windspeed_10m_max', 'windgusts_10m_max']...
2025-12-22 01:25:00 | INFO     | veri_cek | add_population_features:190 | 1 nüfus kolonu bulundu: ['Nufus_Sayisi']...
2025-12-22 01:25:00 | INFO     | veri_cek | add_weather_features:149 | 2 hava durumu kolonu bulundu: ['windspeed_10m_max', 'windgusts_10m_max']...
2025-12-22 01:25:00 | INFO     | veri_cek | add_population_features:190 | 1 nüfus kolonu bulundu: ['Nufus_Sayisi']...
2025-12-22 01:25:00 | INFO     | veri_cek | fetch_tables:455 | Tablolar cache'den alındı.
2025-12-22 01:25:00 | INFO     | veri_cek | build_train_test_frames:504 | Merge bitti -> Train: (1886, 31), Test: (1722, 31)
2025-12-22 01:25:00 | INFO     | veri_cek | add_weather_features:149 | 2 hava durumu kolonu bulundu: ['windspeed_10m_max', 'windgusts_10m_max']...
2025-12-22 01:25:00 | INFO     | veri_cek | add_population_features:190 | 1 nüfus kolonu bulundu: ['Nufus_Sayisi']...
2025-12-22 01:25:01 | INFO     | veri_cek | add_weather_features:149 | 2 hava durumu kolonu bulundu: ['windspeed_10m_max', 'windgusts_10m_max']...
2025-12-22 01:25:01 | INFO     | veri_cek | add_population_features:190 | 1 nüfus kolonu bulundu: ['Nufus_Sayisi']...
2025-12-22 01:25:01 | INFO     | veri_cek | fetch_tables:455 | Tablolar cache'den alındı.
2025-12-22 01:25:01 | INFO     | veri_cek | build_train_test_frames:504 | Merge bitti -> Train: (1886, 31), Test: (1722, 31)
2025-12-22 01:25:01 | INFO     | veri_cek | add_weather_features:149 | 2 hava durumu kolonu bulundu: ['windspeed_10m_max', 'windgusts_10m_max']...
2025-12-22 01:25:01 | INFO     | veri_cek | add_population_features:190 | 1 nüfus kolonu bulundu: ['Nufus_Sayisi']...
2025-12-22 01:25:01 | INFO     | veri_cek | add_weather_features:149 | 2 hava durumu kolonu bulundu: ['windspeed_10m_max', 'windgusts_10m_max']...
2025-12-22 01:25:01 | INFO     | veri_cek | add_population_features:190 | 1 nüfus kolonu bulundu: ['Nufus_Sayisi']...
2025-12-22 01:25:02 | INFO     | veri_cek | fetch_tables:455 | Tablolar cache'den alındı.
2025-12-22 01:25:02 | INFO     | veri_cek | build_train_test_frames:504 | Merge bitti -> Train: (1886, 31), Test: (1722, 31)
2025-12-22 01:25:02 | INFO     | veri_cek | add_weather_features:149 | 2 hava durumu kolonu bulundu: ['windspeed_10m_max', 'windgusts_10m_max']...
2025-12-22 01:25:02 | INFO     | veri_cek | add_population_features:190 | 1 nüfus kolonu bulundu: ['Nufus_Sayisi']...
2025-12-22 01:25:02 | INFO     | veri_cek | add_weather_features:149 | 2 hava durumu kolonu bulundu: ['windspeed_10m_max', 'windgusts_10m_max']...
2025-12-22 01:25:02 | INFO     | veri_cek | add_population_features:190 | 1 nüfus kolonu bulundu: ['Nufus_Sayisi']...
2025-12-22 01:25:02 | INFO     | veri_cek | fetch_tables:455 | Tablolar cache'den alındı.
2025-12-22 01:25:02 | INFO     | veri_cek | build_train_test_frames:504 | Merge bitti -> Train: (1886, 31), Test: (1722, 31)
2025-12-22 01:25:02 | INFO     | veri_cek | add_weather_features:149 | 2 hava durumu kolonu bulundu: ['windspeed_10m_max', 'windgusts_10m_max']...
2025-12-22 01:25:02 | INFO     | veri_cek | add_population_features:190 | 1 nüfus kolonu bulundu: ['Nufus_Sayisi']...
2025-12-22 01:25:03 | INFO     | veri_cek | add_weather_features:149 | 2 hava durumu kolonu bulundu: ['windspeed_10m_max', 'windgusts_10m_max']...
2025-12-22 01:25:03 | INFO     | veri_cek | add_population_features:190 | 1 nüfus kolonu bulundu: ['Nufus_Sayisi']...
2025-12-22 01:25:03 | INFO     | veri_cek | fetch_tables:455 | Tablolar cache'den alındı.
2025-12-22 01:25:03 | INFO     | veri_cek | build_train_test_frames:504 | Merge bitti -> Train: (1886, 31), Test: (1722, 31)
2025-12-22 01:25:03 | INFO     | veri_cek | add_weather_features:149 | 2 hava durumu kolonu bulundu: ['windspeed_10m_max', 'windgusts_10m_max']...
2025-12-22 01:25:03 | INFO     | veri_cek | add_population_features:190 | 1 nüfus kolonu bulundu: ['Nufus_Sayisi']...
2025-12-22 01:25:03 | INFO     | veri_cek | add_weather_features:149 | 2 hava durumu kolonu bulundu: ['windspeed_10m_max', 'windgusts_10m_max']...
2025-12-22 01:25:03 | INFO     | veri_cek | add_population_features:190 | 1 nüfus kolonu bulundu: ['Nufus_Sayisi']...
2025-12-22 01:25:03 | INFO     | veri_cek | fetch_tables:455 | Tablolar cache'den alındı.
2025-12-22 01:25:04 | INFO     | veri_cek | build_train_test_frames:504 | Merge bitti -> Train: (1886, 31), Test: (1722, 31)
2025-12-22 01:25:04 | INFO     | veri_cek | add_weather_features:149 | 2 hava durumu kolonu bulundu: ['windspeed_10m_max', 'windgusts_10m_max']...
2025-12-22 01:25:04 | INFO     | veri_cek | add_population_features:190 | 1 nüfus kolonu bulundu: ['Nufus_Sayisi']...
2025-12-22 01:25:04 | INFO     | veri_cek | add_weather_features:149 | 2 hava durumu kolonu bulundu: ['windspeed_10m_max', 'windgusts_10m_max']...
2025-12-22 01:25:04 | INFO     | veri_cek | add_population_features:190 | 1 nüfus kolonu bulundu: ['Nufus_Sayisi']...
2025-12-22 01:25:05 | INFO     | veri_cek | fetch_tables:455 | Tablolar cache'den alındı.
2025-12-22 01:25:05 | INFO     | veri_cek | build_train_test_frames:504 | Merge bitti -> Train: (1886, 31), Test: (1722, 31)
2025-12-22 01:25:05 | INFO     | veri_cek | add_weather_features:149 | 2 hava durumu kolonu bulundu: ['windspeed_10m_max', 'windgusts_10m_max']...
2025-12-22 01:25:06 | INFO     | veri_cek | add_population_features:190 | 1 nüfus kolonu bulundu: ['Nufus_Sayisi']...
2025-12-22 01:25:06 | INFO     | veri_cek | add_weather_features:149 | 2 hava durumu kolonu bulundu: ['windspeed_10m_max', 'windgusts_10m_max']...
2025-12-22 01:25:06 | INFO     | veri_cek | add_population_features:190 | 1 nüfus kolonu bulundu: ['Nufus_Sayisi']...
2025-12-22 01:25:06 | INFO     | veri_cek | fetch_tables:455 | Tablolar cache'den alındı.
2025-12-22 01:25:06 | INFO     | veri_cek | build_train_test_frames:504 | Merge bitti -> Train: (1886, 31), Test: (1722, 31)
2025-12-22 01:25:06 | INFO     | veri_cek | add_weather_features:149 | 2 hava durumu kolonu bulundu: ['windspeed_10m_max', 'windgusts_10m_max']...
2025-12-22 01:25:06 | INFO     | veri_cek | add_population_features:190 | 1 nüfus kolonu bulundu: ['Nufus_Sayisi']...
2025-12-22 01:25:06 | INFO     | veri_cek | add_weather_features:149 | 2 hava durumu kolonu bulundu: ['windspeed_10m_max', 'windgusts_10m_max']...
2025-12-22 01:25:06 | INFO     | veri_cek | add_population_features:190 | 1 nüfus kolonu bulundu: ['Nufus_Sayisi']...
2025-12-22 01:25:07 | INFO     | veri_cek | fetch_tables:455 | Tablolar cache'den alındı.
2025-12-22 01:25:07 | INFO     | veri_cek | build_train_test_frames:504 | Merge bitti -> Train: (1886, 31), Test: (1722, 31)
2025-12-22 01:25:07 | INFO     | veri_cek | add_weather_features:149 | 2 hava durumu kolonu bulundu: ['windspeed_10m_max', 'windgusts_10m_max']...
2025-12-22 01:25:07 | INFO     | veri_cek | add_population_features:190 | 1 nüfus kolonu bulundu: ['Nufus_Sayisi']...
2025-12-22 01:25:07 | INFO     | veri_cek | add_weather_features:149 | 2 hava durumu kolonu bulundu: ['windspeed_10m_max', 'windgusts_10m_max']...
2025-12-22 01:25:07 | INFO     | veri_cek | add_population_features:190 | 1 nüfus kolonu bulundu: ['Nufus_Sayisi']...
2025-12-22 01:25:07 | INFO     | veri_cek | fetch_tables:455 | Tablolar cache'den alındı.
2025-12-22 01:25:07 | INFO     | veri_cek | build_train_test_frames:504 | Merge bitti -> Train: (1886, 31), Test: (1722, 31)
2025-12-22 01:25:07 | INFO     | veri_cek | add_weather_features:149 | 2 hava durumu kolonu bulundu: ['windspeed_10m_max', 'windgusts_10m_max']...
2025-12-22 01:25:07 | INFO     | veri_cek | add_population_features:190 | 1 nüfus kolonu bulundu: ['Nufus_Sayisi']...
2025-12-22 01:25:07 | INFO     | veri_cek | add_weather_features:149 | 2 hava durumu kolonu bulundu: ['windspeed_10m_max', 'windgusts_10m_max']...
2025-12-22 01:25:08 | INFO     | veri_cek | add_population_features:190 | 1 nüfus kolonu bulundu: ['Nufus_Sayisi']...
2025-12-22 01:25:08 | INFO     | veri_cek | fetch_tables:455 | Tablolar cache'den alındı.
2025-12-22 01:25:08 | INFO     | veri_cek | build_train_test_frames:504 | Merge bitti -> Train: (1886, 31), Test: (1722, 31)
2025-12-22 01:25:08 | INFO     | veri_cek | add_weather_features:149 | 2 hava durumu kolonu bulundu: ['windspeed_10m_max', 'windgusts_10m_max']...
2025-12-22 01:25:08 | INFO     | veri_cek | add_population_features:190 | 1 nüfus kolonu bulundu: ['Nufus_Sayisi']...
2025-12-22 01:25:09 | INFO     | veri_cek | add_weather_features:149 | 2 hava durumu kolonu bulundu: ['windspeed_10m_max', 'windgusts_10m_max']...
2025-12-22 01:25:09 | INFO     | veri_cek | add_population_features:190 | 1 nüfus kolonu bulundu: ['Nufus_Sayisi']...
2025-12-22 01:25:09 | INFO     | veri_cek | fetch_tables:455 | Tablolar cache'den alındı.
2025-12-22 01:25:09 | INFO     | veri_cek | build_train_test_frames:504 | Merge bitti -> Train: (1886, 31), Test: (1722, 31)
2025-12-22 01:25:09 | INFO     | veri_cek | add_weather_features:149 | 2 hava durumu kolonu bulundu: ['windspeed_10m_max', 'windgusts_10m_max']...
2025-12-22 01:25:09 | INFO     | veri_cek | add_population_features:190 | 1 nüfus kolonu bulundu: ['Nufus_Sayisi']...
2025-12-22 01:25:09 | INFO     | veri_cek | add_weather_features:149 | 2 hava durumu kolonu bulundu: ['windspeed_10m_max', 'windgusts_10m_max']...
2025-12-22 01:25:09 | INFO     | veri_cek | add_population_features:190 | 1 nüfus kolonu bulundu: ['Nufus_Sayisi']...
2025-12-22 01:25:09 | INFO     | veri_cek | fetch_tables:455 | Tablolar cache'den alındı.
2025-12-22 01:25:10 | INFO     | veri_cek | build_train_test_frames:504 | Merge bitti -> Train: (1886, 31), Test: (1722, 31)
2025-12-22 01:25:10 | INFO     | veri_cek | add_weather_features:149 | 2 hava durumu kolonu bulundu: ['windspeed_10m_max', 'windgusts_10m_max']...
2025-12-22 01:25:10 | INFO     | veri_cek | add_population_features:190 | 1 nüfus kolonu bulundu: ['Nufus_Sayisi']...
2025-12-22 01:25:10 | INFO     | veri_cek | add_weather_features:149 | 2 hava durumu kolonu bulundu: ['windspeed_10m_max', 'windgusts_10m_max']...
2025-12-22 01:25:10 | INFO     | veri_cek | add_population_features:190 | 1 nüfus kolonu bulundu: ['Nufus_Sayisi']...
2025-12-22 01:25:10 | INFO     | veri_cek | fetch_tables:455 | Tablolar cache'den alındı.
2025-12-22 01:25:10 | INFO     | veri_cek | build_train_test_frames:504 | Merge bitti -> Train: (1886, 31), Test: (1722, 31)
2025-12-22 01:25:10 | INFO     | veri_cek | add_weather_features:149 | 2 hava durumu kolonu bulundu: ['windspeed_10m_max', 'windgusts_10m_max']...
2025-12-22 01:25:10 | INFO     | veri_cek | add_population_features:190 | 1 nüfus kolonu bulundu: ['Nufus_Sayisi']...
2025-12-22 01:25:10 | INFO     | veri_cek | add_weather_features:149 | 2 hava durumu kolonu bulundu: ['windspeed_10m_max', 'windgusts_10m_max']...
2025-12-22 01:25:10 | INFO     | veri_cek | add_population_features:190 | 1 nüfus kolonu bulundu: ['Nufus_Sayisi']...
2025-12-22 01:27:14 | INFO     | veri_cek | fetch_tables:455 | Tablolar cache'den alındı.
2025-12-22 01:27:14 | INFO     | veri_cek | fetch_tables:455 | Tablolar cache'den alındı.
2025-12-22 01:27:14 | INFO     | veri_cek | fetch_tables:455 | Tablolar cache'den alındı.
2025-12-22 01:27:14 | INFO     | veri_cek | fetch_tables:455 | Tablolar cache'den alındı.
2025-12-22 01:27:14 | INFO     | veri_cek | fetch_tables:455 | Tablolar cache'den alındı.
2025-12-22 01:27:14 | INFO     | veri_cek | fetch_tables:455 | Tablolar cache'den alındı.
2025-12-22 01:27:15 | INFO     | veri_cek | build_train_test_frames:504 | Merge bitti -> Train: (1886, 31), Test: (1722, 31)
2025-12-22 01:27:15 | INFO     | veri_cek | build_train_test_frames:504 | Merge bitti -> Train: (1886, 31), Test: (1722, 31)
2025-12-22 01:27:15 | INFO     | veri_cek | build_train_test_frames:504 | Merge bitti -> Train: (1886, 31), Test: (1722, 31)
2025-12-22 01:27:15 | INFO     | veri_cek | build_train_test_frames:504 | Merge bitti -> Train: (1886, 31), Test: (1722, 31)
2025-12-22 01:27:15 | INFO     | veri_cek | build_train_test_frames:504 | Merge bitti -> Train: (1886, 31), Test: (1722, 31)
2025-12-22 01:27:15 | INFO     | veri_cek | build_train_test_frames:504 | Merge bitti -> Train: (1886, 31), Test: (1722, 31)
2025-12-22 01:27:15 | INFO     | veri_cek | add_weather_features:149 | 2 hava durumu kolonu bulundu: ['windspeed_10m_max', 'windgusts_10m_max']...
2025-12-22 01:27:15 | INFO     | veri_cek | add_weather_features:149 | 2 hava durumu kolonu bulundu: ['windspeed_10m_max', 'windgusts_10m_max']...
2025-12-22 01:27:15 | INFO     | veri_cek | add_weather_features:149 | 2 hava durumu kolonu bulundu: ['windspeed_10m_max', 'windgusts_10m_max']...
2025-12-22 01:27:15 | INFO     | veri_cek | add_weather_features:149 | 2 hava durumu kolonu bulundu: ['windspeed_10m_max', 'windgusts_10m_max']...
2025-12-22 01:27:15 | INFO     | veri_cek | add_weather_features:149 | 2 hava durumu kolonu bulundu: ['windspeed_10m_max', 'windgusts_10m_max']...
2025-12-22 01:27:15 | INFO     | veri_cek | add_weather_features:149 | 2 hava durumu kolonu bulundu: ['windspeed_10m_max', 'windgusts_10m_max']...
2025-12-22 01:27:16 | INFO     | veri_cek | add_population_features:190 | 1 nüfus kolonu bulundu: ['Nufus_Sayisi']...
2025-12-22 01:27:16 | INFO     | veri_cek | add_population_features:190 | 1 nüfus kolonu bulundu: ['Nufus_Sayisi']...
2025-12-22 01:27:16 | INFO     | veri_cek | add_population_features:190 | 1 nüfus kolonu bulundu: ['Nufus_Sayisi']...
2025-12-22 01:27:16 | INFO     | veri_cek | add_population_features:190 | 1 nüfus kolonu bulundu: ['Nufus_Sayisi']...
2025-12-22 01:27:16 | INFO     | veri_cek | add_population_features:190 | 1 nüfus kolonu bulundu: ['Nufus_Sayisi']...
2025-12-22 01:27:16 | INFO     | veri_cek | add_population_features:190 | 1 nüfus kolonu bulundu: ['Nufus_Sayisi']...
2025-12-22 01:27:16 | INFO     | veri_cek | add_weather_features:149 | 2 hava durumu kolonu bulundu: ['windspeed_10m_max', 'windgusts_10m_max']...
2025-12-22 01:27:16 | INFO     | veri_cek | add_weather_features:149 | 2 hava durumu kolonu bulundu: ['windspeed_10m_max', 'windgusts_10m_max']...
2025-12-22 01:27:16 | INFO     | veri_cek | add_weather_features:149 | 2 hava durumu kolonu bulundu: ['windspeed_10m_max', 'windgusts_10m_max']...
2025-12-22 01:27:16 | INFO     | veri_cek | add_weather_features:149 | 2 hava durumu kolonu bulundu: ['windspeed_10m_max', 'windgusts_10m_max']...
2025-12-22 01:27:17 | INFO     | veri_cek | add_weather_features:149 | 2 hava durumu kolonu bulundu: ['windspeed_10m_max', 'windgusts_10m_max']...
2025-12-22 01:27:17 | INFO     | veri_cek | add_weather_features:149 | 2 hava durumu kolonu bulundu: ['windspeed_10m_max', 'windgusts_10m_max']...
2025-12-22 01:27:17 | INFO     | veri_cek | add_population_features:190 | 1 nüfus kolonu bulundu: ['Nufus_Sayisi']...
2025-12-22 01:27:17 | INFO     | veri_cek | add_population_features:190 | 1 nüfus kolonu bulundu: ['Nufus_Sayisi']...
2025-12-22 01:27:17 | INFO     | veri_cek | add_population_features:190 | 1 nüfus kolonu bulundu: ['Nufus_Sayisi']...
2025-12-22 01:27:17 | INFO     | veri_cek | add_population_features:190 | 1 nüfus kolonu bulundu: ['Nufus_Sayisi']...
2025-12-22 01:27:17 | INFO     | veri_cek | add_population_features:190 | 1 nüfus kolonu bulundu: ['Nufus_Sayisi']...
2025-12-22 01:27:17 | INFO     | veri_cek | fetch_tables:455 | Tablolar cache'den alındı.
2025-12-22 01:27:17 | INFO     | veri_cek | add_population_features:190 | 1 nüfus kolonu bulundu: ['Nufus_Sayisi']...
2025-12-22 01:27:17 | INFO     | veri_cek | fetch_tables:455 | Tablolar cache'den alındı.
2025-12-22 01:27:17 | INFO     | veri_cek | fetch_tables:455 | Tablolar cache'den alındı.
2025-12-22 01:27:17 | INFO     | veri_cek | fetch_tables:455 | Tablolar cache'den alındı.
2025-12-22 01:27:17 | INFO     | veri_cek | fetch_tables:455 | Tablolar cache'den alındı.
2025-12-22 01:27:17 | INFO     | veri_cek | fetch_tables:455 | Tablolar cache'den alındı.
2025-12-22 01:27:17 | INFO     | veri_cek | build_train_test_frames:504 | Merge bitti -> Train: (1886, 31), Test: (1722, 31)
2025-12-22 01:27:17 | INFO     | veri_cek | build_train_test_frames:504 | Merge bitti -> Train: (1886, 31), Test: (1722, 31)
2025-12-22 01:27:17 | INFO     | veri_cek | build_train_test_frames:504 | Merge bitti -> Train: (1886, 31), Test: (1722, 31)
2025-12-22 01:27:17 | INFO     | veri_cek | build_train_test_frames:504 | Merge bitti -> Train: (1886, 31), Test: (1722, 31)
2025-12-22 01:27:17 | INFO     | veri_cek | build_train_test_frames:504 | Merge bitti -> Train: (1886, 31), Test: (1722, 31)
2025-12-22 01:27:17 | INFO     | veri_cek | build_train_test_frames:504 | Merge bitti -> Train: (1886, 31), Test: (1722, 31)
2025-12-22 01:27:18 | INFO     | veri_cek | add_weather_features:149 | 2 hava durumu kolonu bulundu: ['windspeed_10m_max', 'windgusts_10m_max']...
2025-12-22 01:27:18 | INFO     | veri_cek | add_weather_features:149 | 2 hava durumu kolonu bulundu: ['windspeed_10m_max', 'windgusts_10m_max']...
2025-12-22 01:27:18 | INFO     | veri_cek | add_weather_features:149 | 2 hava durumu kolonu bulundu: ['windspeed_10m_max', 'windgusts_10m_max']...
2025-12-22 01:27:18 | INFO     | veri_cek | add_weather_features:149 | 2 hava durumu kolonu bulundu: ['windspeed_10m_max', 'windgusts_10m_max']...
2025-12-22 01:27:18 | INFO     | veri_cek | add_weather_features:149 | 2 hava durumu kolonu bulundu: ['windspeed_10m_max', 'windgusts_10m_max']...
2025-12-22 01:27:18 | INFO     | veri_cek | add_weather_features:149 | 2 hava durumu kolonu bulundu: ['windspeed_10m_max', 'windgusts_10m_max']...
2025-12-22 01:27:18 | INFO     | veri_cek | add_population_features:190 | 1 nüfus kolonu bulundu: ['Nufus_Sayisi']...
2025-12-22 01:27:18 | INFO     | veri_cek | add_population_features:190 | 1 nüfus kolonu bulundu: ['Nufus_Sayisi']...
2025-12-22 01:27:18 | INFO     | veri_cek | add_population_features:190 | 1 nüfus kolonu bulundu: ['Nufus_Sayisi']...
2025-12-22 01:27:18 | INFO     | veri_cek | add_population_features:190 | 1 nüfus kolonu bulundu: ['Nufus_Sayisi']...
2025-12-22 01:27:18 | INFO     | veri_cek | add_population_features:190 | 1 nüfus kolonu bulundu: ['Nufus_Sayisi']...
2025-12-22 01:27:18 | INFO     | veri_cek | add_population_features:190 | 1 nüfus kolonu bulundu: ['Nufus_Sayisi']...
2025-12-22 01:27:19 | INFO     | veri_cek | add_weather_features:149 | 2 hava durumu kolonu bulundu: ['windspeed_10m_max', 'windgusts_10m_max']...
2025-12-22 01:27:19 | INFO     | veri_cek | add_weather_features:149 | 2 hava durumu kolonu bulundu: ['windspeed_10m_max', 'windgusts_10m_max']...
2025-12-22 01:27:19 | INFO     | veri_cek | add_weather_features:149 | 2 hava durumu kolonu bulundu: ['windspeed_10m_max', 'windgusts_10m_max']...
2025-12-22 01:27:19 | INFO     | veri_cek | add_weather_features:149 | 2 hava durumu kolonu bulundu: ['windspeed_10m_max', 'windgusts_10m_max']...
2025-12-22 01:27:19 | INFO     | veri_cek | add_weather_features:149 | 2 hava durumu kolonu bulundu: ['windspeed_10m_max', 'windgusts_10m_max']...
2025-12-22 01:27:19 | INFO     | veri_cek | add_weather_features:149 | 2 hava durumu kolonu bulundu: ['windspeed_10m_max', 'windgusts_10m_max']...
2025-12-22 01:27:19 | INFO     | veri_cek | add_population_features:190 | 1 nüfus kolonu bulundu: ['Nufus_Sayisi']...
2025-12-22 01:27:19 | INFO     | veri_cek | add_population_features:190 | 1 nüfus kolonu bulundu: ['Nufus_Sayisi']...
2025-12-22 01:27:19 | INFO     | veri_cek | add_population_features:190 | 1 nüfus kolonu bulundu: ['Nufus_Sayisi']...
2025-12-22 01:27:19 | INFO     | veri_cek | add_population_features:190 | 1 nüfus kolonu bulundu: ['Nufus_Sayisi']...
2025-12-22 01:27:19 | INFO     | veri_cek | add_population_features:190 | 1 nüfus kolonu bulundu: ['Nufus_Sayisi']...
2025-12-22 01:27:20 | INFO     | veri_cek | add_population_features:190 | 1 nüfus kolonu bulundu: ['Nufus_Sayisi']...
2025-12-22 01:27:20 | INFO     | veri_cek | fetch_tables:455 | Tablolar cache'den alındı.
2025-12-22 01:27:20 | INFO     | veri_cek | fetch_tables:455 | Tablolar cache'den alındı.
2025-12-22 01:27:21 | INFO     | veri_cek | build_train_test_frames:504 | Merge bitti -> Train: (1886, 31), Test: (1722, 31)
2025-12-22 01:27:21 | INFO     | veri_cek | build_train_test_frames:504 | Merge bitti -> Train: (1886, 31), Test: (1722, 31)
2025-12-22 01:27:21 | INFO     | veri_cek | add_weather_features:149 | 2 hava durumu kolonu bulundu: ['windspeed_10m_max', 'windgusts_10m_max']...
2025-12-22 01:27:21 | INFO     | veri_cek | add_weather_features:149 | 2 hava durumu kolonu bulundu: ['windspeed_10m_max', 'windgusts_10m_max']...
2025-12-22 01:27:21 | INFO     | veri_cek | add_population_features:190 | 1 nüfus kolonu bulundu: ['Nufus_Sayisi']...
2025-12-22 01:27:21 | INFO     | veri_cek | add_population_features:190 | 1 nüfus kolonu bulundu: ['Nufus_Sayisi']...
2025-12-22 01:27:21 | INFO     | veri_cek | add_weather_features:149 | 2 hava durumu kolonu bulundu: ['windspeed_10m_max', 'windgusts_10m_max']...
2025-12-22 01:27:21 | INFO     | veri_cek | add_weather_features:149 | 2 hava durumu kolonu bulundu: ['windspeed_10m_max', 'windgusts_10m_max']...
2025-12-22 01:27:21 | INFO     | veri_cek | add_population_features:190 | 1 nüfus kolonu bulundu: ['Nufus_Sayisi']...
2025-12-22 01:27:21 | INFO     | veri_cek | add_population_features:190 | 1 nüfus kolonu bulundu: ['Nufus_Sayisi']...
2025-12-22 01:27:21 | INFO     | veri_cek | fetch_tables:455 | Tablolar cache'den alındı.
2025-12-22 01:27:21 | INFO     | veri_cek | fetch_tables:455 | Tablolar cache'den alındı.
2025-12-22 01:27:21 | INFO     | veri_cek | build_train_test_frames:504 | Merge bitti -> Train: (1886, 31), Test: (1722, 31)
2025-12-22 01:27:21 | INFO     | veri_cek | build_train_test_frames:504 | Merge bitti -> Train: (1886, 31), Test: (1722, 31)
2025-12-22 01:27:22 | INFO     | veri_cek | add_weather_features:149 | 2 hava durumu kolonu bulundu: ['windspeed_10m_max', 'windgusts_10m_max']...
2025-12-22 01:27:22 | INFO     | veri_cek | add_weather_features:149 | 2 hava durumu kolonu bulundu: ['windspeed_10m_max', 'windgusts_10m_max']...
2025-12-22 01:27:22 | INFO     | veri_cek | add_population_features:190 | 1 nüfus kolonu bulundu: ['Nufus_Sayisi']...
2025-12-22 01:27:22 | INFO     | veri_cek | add_population_features:190 | 1 nüfus kolonu bulundu: ['Nufus_Sayisi']...
2025-12-22 01:27:22 | INFO     | veri_cek | add_weather_features:149 | 2 hava durumu kolonu bulundu: ['windspeed_10m_max', 'windgusts_10m_max']...
2025-12-22 01:27:22 | INFO     | veri_cek | add_weather_features:149 | 2 hava durumu kolonu bulundu: ['windspeed_10m_max', 'windgusts_10m_max']...
2025-12-22 01:27:22 | INFO     | veri_cek | add_population_features:190 | 1 nüfus kolonu bulundu: ['Nufus_Sayisi']...
2025-12-22 01:27:22 | INFO     | veri_cek | add_population_features:190 | 1 nüfus kolonu bulundu: ['Nufus_Sayisi']...
2025-12-22 01:28:11 | INFO     | veri_cek | fetch_tables:455 | Tablolar cache'den alındı.
2025-12-22 01:28:11 | INFO     | veri_cek | fetch_tables:455 | Tablolar cache'den alındı.
2025-12-22 01:28:11 | INFO     | veri_cek | fetch_tables:455 | Tablolar cache'den alındı.
2025-12-22 01:28:11 | INFO     | veri_cek | fetch_tables:455 | Tablolar cache'den alındı.
2025-12-22 01:28:11 | INFO     | veri_cek | fetch_tables:455 | Tablolar cache'den alındı.
2025-12-22 01:28:11 | INFO     | veri_cek | fetch_tables:455 | Tablolar cache'den alındı.
2025-12-22 01:28:12 | INFO     | veri_cek | build_train_test_frames:504 | Merge bitti -> Train: (1886, 31), Test: (1722, 31)
2025-12-22 01:28:12 | INFO     | veri_cek | build_train_test_frames:504 | Merge bitti -> Train: (1886, 31), Test: (1722, 31)
2025-12-22 01:28:12 | INFO     | veri_cek | build_train_test_frames:504 | Merge bitti -> Train: (1886, 31), Test: (1722, 31)
2025-12-22 01:28:12 | INFO     | veri_cek | build_train_test_frames:504 | Merge bitti -> Train: (1886, 31), Test: (1722, 31)
2025-12-22 01:28:12 | INFO     | veri_cek | build_train_test_frames:504 | Merge bitti -> Train: (1886, 31), Test: (1722, 31)
2025-12-22 01:28:12 | INFO     | veri_cek | build_train_test_frames:504 | Merge bitti -> Train: (1886, 31), Test: (1722, 31)
2025-12-22 01:28:12 | INFO     | veri_cek | add_weather_features:149 | 2 hava durumu kolonu bulundu: ['windspeed_10m_max', 'windgusts_10m_max']...
2025-12-22 01:28:12 | INFO     | veri_cek | add_weather_features:149 | 2 hava durumu kolonu bulundu: ['windspeed_10m_max', 'windgusts_10m_max']...
2025-12-22 01:28:12 | INFO     | veri_cek | add_weather_features:149 | 2 hava durumu kolonu bulundu: ['windspeed_10m_max', 'windgusts_10m_max']...
2025-12-22 01:28:12 | INFO     | veri_cek | add_weather_features:149 | 2 hava durumu kolonu bulundu: ['windspeed_10m_max', 'windgusts_10m_max']...
2025-12-22 01:28:12 | INFO     | veri_cek | add_weather_features:149 | 2 hava durumu kolonu bulundu: ['windspeed_10m_max', 'windgusts_10m_max']...
2025-12-22 01:28:12 | INFO     | veri_cek | add_weather_features:149 | 2 hava durumu kolonu bulundu: ['windspeed_10m_max', 'windgusts_10m_max']...
2025-12-22 01:28:13 | INFO     | veri_cek | add_population_features:190 | 1 nüfus kolonu bulundu: ['Nufus_Sayisi']...
2025-12-22 01:28:13 | INFO     | veri_cek | add_population_features:190 | 1 nüfus kolonu bulundu: ['Nufus_Sayisi']...
2025-12-22 01:28:13 | INFO     | veri_cek | add_population_features:190 | 1 nüfus kolonu bulundu: ['Nufus_Sayisi']...
2025-12-22 01:28:13 | INFO     | veri_cek | add_population_features:190 | 1 nüfus kolonu bulundu: ['Nufus_Sayisi']...
2025-12-22 01:28:13 | INFO     | veri_cek | add_population_features:190 | 1 nüfus kolonu bulundu: ['Nufus_Sayisi']...
2025-12-22 01:28:13 | INFO     | veri_cek | add_population_features:190 | 1 nüfus kolonu bulundu: ['Nufus_Sayisi']...
2025-12-22 01:28:13 | INFO     | veri_cek | add_weather_features:149 | 2 hava durumu kolonu bulundu: ['windspeed_10m_max', 'windgusts_10m_max']...
2025-12-22 01:28:13 | INFO     | veri_cek | add_weather_features:149 | 2 hava durumu kolonu bulundu: ['windspeed_10m_max', 'windgusts_10m_max']...
2025-12-22 01:28:13 | INFO     | veri_cek | add_weather_features:149 | 2 hava durumu kolonu bulundu: ['windspeed_10m_max', 'windgusts_10m_max']...
2025-12-22 01:28:13 | INFO     | veri_cek | add_weather_features:149 | 2 hava durumu kolonu bulundu: ['windspeed_10m_max', 'windgusts_10m_max']...
2025-12-22 01:28:13 | INFO     | veri_cek | add_weather_features:149 | 2 hava durumu kolonu bulundu: ['windspeed_10m_max', 'windgusts_10m_max']...
2025-12-22 01:28:14 | INFO     | veri_cek | add_weather_features:149 | 2 hava durumu kolonu bulundu: ['windspeed_10m_max', 'windgusts_10m_max']...
2025-12-22 01:28:14 | INFO     | veri_cek | add_population_features:190 | 1 nüfus kolonu bulundu: ['Nufus_Sayisi']...
2025-12-22 01:28:14 | INFO     | veri_cek | add_population_features:190 | 1 nüfus kolonu bulundu: ['Nufus_Sayisi']...
2025-12-22 01:28:14 | INFO     | veri_cek | add_population_features:190 | 1 nüfus kolonu bulundu: ['Nufus_Sayisi']...
2025-12-22 01:28:14 | INFO     | veri_cek | add_population_features:190 | 1 nüfus kolonu bulundu: ['Nufus_Sayisi']...
2025-12-22 01:28:14 | INFO     | veri_cek | fetch_tables:455 | Tablolar cache'den alındı.
2025-12-22 01:28:14 | INFO     | veri_cek | add_population_features:190 | 1 nüfus kolonu bulundu: ['Nufus_Sayisi']...
2025-12-22 01:28:14 | INFO     | veri_cek | fetch_tables:455 | Tablolar cache'den alındı.
2025-12-22 01:28:14 | INFO     | veri_cek | add_population_features:190 | 1 nüfus kolonu bulundu: ['Nufus_Sayisi']...
2025-12-22 01:28:14 | INFO     | veri_cek | fetch_tables:455 | Tablolar cache'den alındı.
2025-12-22 01:28:14 | INFO     | veri_cek | fetch_tables:455 | Tablolar cache'den alındı.
2025-12-22 01:28:14 | INFO     | veri_cek | fetch_tables:455 | Tablolar cache'den alındı.
2025-12-22 01:28:14 | INFO     | veri_cek | fetch_tables:455 | Tablolar cache'den alındı.
2025-12-22 01:28:14 | INFO     | veri_cek | build_train_test_frames:504 | Merge bitti -> Train: (1886, 31), Test: (1722, 31)
2025-12-22 01:28:14 | INFO     | veri_cek | build_train_test_frames:504 | Merge bitti -> Train: (1886, 31), Test: (1722, 31)
2025-12-22 01:28:14 | INFO     | veri_cek | build_train_test_frames:504 | Merge bitti -> Train: (1886, 31), Test: (1722, 31)
2025-12-22 01:28:14 | INFO     | veri_cek | build_train_test_frames:504 | Merge bitti -> Train: (1886, 31), Test: (1722, 31)
2025-12-22 01:28:14 | INFO     | veri_cek | build_train_test_frames:504 | Merge bitti -> Train: (1886, 31), Test: (1722, 31)
2025-12-22 01:28:14 | INFO     | veri_cek | build_train_test_frames:504 | Merge bitti -> Train: (1886, 31), Test: (1722, 31)
2025-12-22 01:28:15 | INFO     | veri_cek | add_weather_features:149 | 2 hava durumu kolonu bulundu: ['windspeed_10m_max', 'windgusts_10m_max']...
2025-12-22 01:28:15 | INFO     | veri_cek | add_weather_features:149 | 2 hava durumu kolonu bulundu: ['windspeed_10m_max', 'windgusts_10m_max']...
2025-12-22 01:28:15 | INFO     | veri_cek | add_weather_features:149 | 2 hava durumu kolonu bulundu: ['windspeed_10m_max', 'windgusts_10m_max']...
2025-12-22 01:28:15 | INFO     | veri_cek | add_weather_features:149 | 2 hava durumu kolonu bulundu: ['windspeed_10m_max', 'windgusts_10m_max']...
2025-12-22 01:28:15 | INFO     | veri_cek | add_weather_features:149 | 2 hava durumu kolonu bulundu: ['windspeed_10m_max', 'windgusts_10m_max']...
2025-12-22 01:28:15 | INFO     | veri_cek | add_weather_features:149 | 2 hava durumu kolonu bulundu: ['windspeed_10m_max', 'windgusts_10m_max']...
2025-12-22 01:28:15 | INFO     | veri_cek | add_population_features:190 | 1 nüfus kolonu bulundu: ['Nufus_Sayisi']...
2025-12-22 01:28:15 | INFO     | veri_cek | add_population_features:190 | 1 nüfus kolonu bulundu: ['Nufus_Sayisi']...
2025-12-22 01:28:15 | INFO     | veri_cek | add_population_features:190 | 1 nüfus kolonu bulundu: ['Nufus_Sayisi']...
2025-12-22 01:28:15 | INFO     | veri_cek | add_population_features:190 | 1 nüfus kolonu bulundu: ['Nufus_Sayisi']...
2025-12-22 01:28:15 | INFO     | veri_cek | add_population_features:190 | 1 nüfus kolonu bulundu: ['Nufus_Sayisi']...
2025-12-22 01:28:15 | INFO     | veri_cek | add_population_features:190 | 1 nüfus kolonu bulundu: ['Nufus_Sayisi']...
2025-12-22 01:28:16 | INFO     | veri_cek | add_weather_features:149 | 2 hava durumu kolonu bulundu: ['windspeed_10m_max', 'windgusts_10m_max']...
2025-12-22 01:28:16 | INFO     | veri_cek | add_weather_features:149 | 2 hava durumu kolonu bulundu: ['windspeed_10m_max', 'windgusts_10m_max']...
2025-12-22 01:28:16 | INFO     | veri_cek | add_weather_features:149 | 2 hava durumu kolonu bulundu: ['windspeed_10m_max', 'windgusts_10m_max']...
2025-12-22 01:28:16 | INFO     | veri_cek | add_weather_features:149 | 2 hava durumu kolonu bulundu: ['windspeed_10m_max', 'windgusts_10m_max']...
2025-12-22 01:28:16 | INFO     | veri_cek | add_weather_features:149 | 2 hava durumu kolonu bulundu: ['windspeed_10m_max', 'windgusts_10m_max']...
2025-12-22 01:28:16 | INFO     | veri_cek | add_weather_features:149 | 2 hava durumu kolonu bulundu: ['windspeed_10m_max', 'windgusts_10m_max']...
2025-12-22 01:28:16 | INFO     | veri_cek | add_population_features:190 | 1 nüfus kolonu bulundu: ['Nufus_Sayisi']...
2025-12-22 01:28:16 | INFO     | veri_cek | add_population_features:190 | 1 nüfus kolonu bulundu: ['Nufus_Sayisi']...
2025-12-22 01:28:16 | INFO     | veri_cek | add_population_features:190 | 1 nüfus kolonu bulundu: ['Nufus_Sayisi']...
2025-12-22 01:28:16 | INFO     | veri_cek | add_population_features:190 | 1 nüfus kolonu bulundu: ['Nufus_Sayisi']...
2025-12-22 01:28:16 | INFO     | veri_cek | add_population_features:190 | 1 nüfus kolonu bulundu: ['Nufus_Sayisi']...
2025-12-22 01:28:16 | INFO     | veri_cek | add_population_features:190 | 1 nüfus kolonu bulundu: ['Nufus_Sayisi']...
2025-12-22 01:28:17 | INFO     | veri_cek | fetch_tables:455 | Tablolar cache'den alındı.
2025-12-22 01:28:17 | INFO     | veri_cek | fetch_tables:455 | Tablolar cache'den alındı.
2025-12-22 01:28:17 | INFO     | veri_cek | build_train_test_frames:504 | Merge bitti -> Train: (1886, 31), Test: (1722, 31)
2025-12-22 01:28:17 | INFO     | veri_cek | build_train_test_frames:504 | Merge bitti -> Train: (1886, 31), Test: (1722, 31)
2025-12-22 01:28:18 | INFO     | veri_cek | add_weather_features:149 | 2 hava durumu kolonu bulundu: ['windspeed_10m_max', 'windgusts_10m_max']...
2025-12-22 01:28:18 | INFO     | veri_cek | add_weather_features:149 | 2 hava durumu kolonu bulundu: ['windspeed_10m_max', 'windgusts_10m_max']...
2025-12-22 01:28:18 | INFO     | veri_cek | add_population_features:190 | 1 nüfus kolonu bulundu: ['Nufus_Sayisi']...
2025-12-22 01:28:18 | INFO     | veri_cek | add_population_features:190 | 1 nüfus kolonu bulundu: ['Nufus_Sayisi']...
2025-12-22 01:28:18 | INFO     | veri_cek | add_weather_features:149 | 2 hava durumu kolonu bulundu: ['windspeed_10m_max', 'windgusts_10m_max']...
2025-12-22 01:28:18 | INFO     | veri_cek | add_weather_features:149 | 2 hava durumu kolonu bulundu: ['windspeed_10m_max', 'windgusts_10m_max']...
2025-12-22 01:28:18 | INFO     | veri_cek | add_population_features:190 | 1 nüfus kolonu bulundu: ['Nufus_Sayisi']...
2025-12-22 01:28:18 | INFO     | veri_cek | add_population_features:190 | 1 nüfus kolonu bulundu: ['Nufus_Sayisi']...
2025-12-22 01:28:18 | INFO     | veri_cek | fetch_tables:455 | Tablolar cache'den alındı.
2025-12-22 01:28:18 | INFO     | veri_cek | fetch_tables:455 | Tablolar cache'den alındı.
2025-12-22 01:28:18 | INFO     | veri_cek | build_train_test_frames:504 | Merge bitti -> Train: (1886, 31), Test: (1722, 31)
2025-12-22 01:28:18 | INFO     | veri_cek | build_train_test_frames:504 | Merge bitti -> Train: (1886, 31), Test: (1722, 31)
2025-12-22 01:28:19 | INFO     | veri_cek | add_weather_features:149 | 2 hava durumu kolonu bulundu: ['windspeed_10m_max', 'windgusts_10m_max']...
2025-12-22 01:28:19 | INFO     | veri_cek | add_weather_features:149 | 2 hava durumu kolonu bulundu: ['windspeed_10m_max', 'windgusts_10m_max']...
2025-12-22 01:28:19 | INFO     | veri_cek | add_population_features:190 | 1 nüfus kolonu bulundu: ['Nufus_Sayisi']...
2025-12-22 01:28:19 | INFO     | veri_cek | add_population_features:190 | 1 nüfus kolonu bulundu: ['Nufus_Sayisi']...
2025-12-22 01:28:19 | INFO     | veri_cek | add_weather_features:149 | 2 hava durumu kolonu bulundu: ['windspeed_10m_max', 'windgusts_10m_max']...
2025-12-22 01:28:19 | INFO     | veri_cek | add_weather_features:149 | 2 hava durumu kolonu bulundu: ['windspeed_10m_max', 'windgusts_10m_max']...
2025-12-22 01:28:19 | INFO     | veri_cek | add_population_features:190 | 1 nüfus kolonu bulundu: ['Nufus_Sayisi']...
2025-12-22 01:28:19 | INFO     | veri_cek | add_population_features:190 | 1 nüfus kolonu bulundu: ['Nufus_Sayisi']...
