2025-12-22 01:54:55 | WARNING  | rate_limiter | <module>:57 | Redis bağlantısı başarısız, in-memory kullanılacak: Timeout connecting to server
2025-12-22 01:54:55 | INFO     | rate_limiter | setup_rate_limiter:104 | Rate limiting middleware aktif ✅
2025-12-22 01:54:55 | INFO     | __main__ | lifespan:30 | ElektrAize API baslatiliyor...
2025-12-22 01:54:55 | INFO     | __main__ | lifespan:31 | ============================================================
2025-12-22 01:54:55 | INFO     | __main__ | lifespan:32 | Tum modeller yukleniyor...
2025-12-22 01:54:55 | INFO     | __main__ | lifespan:33 | ============================================================
2025-12-22 01:54:55 | INFO     | veri_cek | _initialize:402 | Supabase bağlantısı başarılı (SupabaseManager).
2025-12-22 01:54:57 | INFO     | veri_cek | fetch_tables:470 | genel_elektrik tablosu yüklendi -> (45, 2)
2025-12-22 01:54:58 | INFO     | veri_cek | fetch_tables:470 | weather tablosu yüklendi -> (2997, 8)
2025-12-22 01:54:59 | INFO     | veri_cek | fetch_tables:470 | nufus tablosu yüklendi -> (3645, 3)
2025-12-22 01:54:59 | INFO     | veri_cek | fetch_tables:470 | hizmet tablosu yüklendi -> (44, 6)
2025-12-22 01:55:00 | INFO     | veri_cek | fetch_tables:470 | train_2022_2023 tablosu yüklendi -> (1886, 19)
2025-12-22 01:55:01 | INFO     | veri_cek | fetch_tables:470 | test_2024_2025 tablosu yüklendi -> (1722, 19)
2025-12-22 01:55:01 | INFO     | veri_cek | build_train_test_frames:504 | Merge bitti -> Train: (1886, 31), Test: (1722, 31)
2025-12-22 01:55:01 | INFO     | veri_cek | add_weather_features:149 | 2 hava durumu kolonu bulundu: ['windspeed_10m_max', 'windgusts_10m_max']...
2025-12-22 01:55:01 | INFO     | veri_cek | add_population_features:190 | 1 nüfus kolonu bulundu: ['Nufus_Sayisi']...
2025-12-22 01:55:01 | INFO     | veri_cek | add_weather_features:149 | 2 hava durumu kolonu bulundu: ['windspeed_10m_max', 'windgusts_10m_max']...
2025-12-22 01:55:01 | INFO     | veri_cek | add_population_features:190 | 1 nüfus kolonu bulundu: ['Nufus_Sayisi']...
2025-12-22 01:55:02 | INFO     | veri_cek | fetch_tables:455 | Tablolar cache'den alındı.
2025-12-22 01:55:02 | INFO     | veri_cek | build_train_test_frames:504 | Merge bitti -> Train: (1886, 31), Test: (1722, 31)
2025-12-22 01:55:02 | INFO     | veri_cek | add_weather_features:149 | 2 hava durumu kolonu bulundu: ['windspeed_10m_max', 'windgusts_10m_max']...
2025-12-22 01:55:02 | INFO     | veri_cek | add_population_features:190 | 1 nüfus kolonu bulundu: ['Nufus_Sayisi']...
2025-12-22 01:55:02 | INFO     | veri_cek | add_weather_features:149 | 2 hava durumu kolonu bulundu: ['windspeed_10m_max', 'windgusts_10m_max']...
2025-12-22 01:55:02 | INFO     | veri_cek | add_population_features:190 | 1 nüfus kolonu bulundu: ['Nufus_Sayisi']...
2025-12-22 01:55:03 | INFO     | veri_cek | fetch_tables:455 | Tablolar cache'den alındı.
2025-12-22 01:55:03 | INFO     | veri_cek | build_train_test_frames:504 | Merge bitti -> Train: (1886, 31), Test: (1722, 31)
2025-12-22 01:55:03 | INFO     | veri_cek | add_weather_features:149 | 2 hava durumu kolonu bulundu: ['windspeed_10m_max', 'windgusts_10m_max']...
2025-12-22 01:55:03 | INFO     | veri_cek | add_population_features:190 | 1 nüfus kolonu bulundu: ['Nufus_Sayisi']...
2025-12-22 01:55:03 | INFO     | veri_cek | add_weather_features:149 | 2 hava durumu kolonu bulundu: ['windspeed_10m_max', 'windgusts_10m_max']...
2025-12-22 01:55:03 | INFO     | veri_cek | add_population_features:190 | 1 nüfus kolonu bulundu: ['Nufus_Sayisi']...
2025-12-22 01:55:04 | INFO     | veri_cek | fetch_tables:455 | Tablolar cache'den alındı.
2025-12-22 01:55:04 | INFO     | veri_cek | build_train_test_frames:504 | Merge bitti -> Train: (1886, 31), Test: (1722, 31)
2025-12-22 01:55:04 | INFO     | veri_cek | add_weather_features:149 | 2 hava durumu kolonu bulundu: ['windspeed_10m_max', 'windgusts_10m_max']...
2025-12-22 01:55:04 | INFO     | veri_cek | add_population_features:190 | 1 nüfus kolonu bulundu: ['Nufus_Sayisi']...
2025-12-22 01:55:04 | INFO     | veri_cek | add_weather_features:149 | 2 hava durumu kolonu bulundu: ['windspeed_10m_max', 'windgusts_10m_max']...
2025-12-22 01:55:04 | INFO     | veri_cek | add_population_features:190 | 1 nüfus kolonu bulundu: ['Nufus_Sayisi']...
2025-12-22 01:55:05 | INFO     | veri_cek | fetch_tables:455 | Tablolar cache'den alındı.
2025-12-22 01:55:05 | INFO     | veri_cek | build_train_test_frames:504 | Merge bitti -> Train: (1886, 31), Test: (1722, 31)
2025-12-22 01:55:05 | INFO     | veri_cek | add_weather_features:149 | 2 hava durumu kolonu bulundu: ['windspeed_10m_max', 'windgusts_10m_max']...
2025-12-22 01:55:05 | INFO     | veri_cek | add_population_features:190 | 1 nüfus kolonu bulundu: ['Nufus_Sayisi']...
2025-12-22 01:55:06 | INFO     | veri_cek | add_weather_features:149 | 2 hava durumu kolonu bulundu: ['windspeed_10m_max', 'windgusts_10m_max']...
2025-12-22 01:55:06 | INFO     | veri_cek | add_population_features:190 | 1 nüfus kolonu bulundu: ['Nufus_Sayisi']...
2025-12-22 01:55:07 | INFO     | veri_cek | fetch_tables:455 | Tablolar cache'den alındı.
2025-12-22 01:55:07 | INFO     | veri_cek | build_train_test_frames:504 | Merge bitti -> Train: (1886, 31), Test: (1722, 31)
2025-12-22 01:55:07 | INFO     | veri_cek | add_weather_features:149 | 2 hava durumu kolonu bulundu: ['windspeed_10m_max', 'windgusts_10m_max']...
2025-12-22 01:55:07 | INFO     | veri_cek | add_population_features:190 | 1 nüfus kolonu bulundu: ['Nufus_Sayisi']...
2025-12-22 01:55:07 | INFO     | veri_cek | add_weather_features:149 | 2 hava durumu kolonu bulundu: ['windspeed_10m_max', 'windgusts_10m_max']...
2025-12-22 01:55:07 | INFO     | veri_cek | add_population_features:190 | 1 nüfus kolonu bulundu: ['Nufus_Sayisi']...
2025-12-22 01:55:09 | INFO     | veri_cek | fetch_tables:455 | Tablolar cache'den alındı.
2025-12-22 01:55:09 | INFO     | veri_cek | build_train_test_frames:504 | Merge bitti -> Train: (1886, 31), Test: (1722, 31)
2025-12-22 01:55:09 | INFO     | veri_cek | add_weather_features:149 | 2 hava durumu kolonu bulundu: ['windspeed_10m_max', 'windgusts_10m_max']...
2025-12-22 01:55:09 | INFO     | veri_cek | add_population_features:190 | 1 nüfus kolonu bulundu: ['Nufus_Sayisi']...
2025-12-22 01:55:09 | INFO     | veri_cek | add_weather_features:149 | 2 hava durumu kolonu bulundu: ['windspeed_10m_max', 'windgusts_10m_max']...
2025-12-22 01:55:09 | INFO     | veri_cek | add_population_features:190 | 1 nüfus kolonu bulundu: ['Nufus_Sayisi']...
2025-12-22 01:55:10 | INFO     | __main__ | lifespan:35 | ElektrAize API hazir!
2025-12-22 03:18:03 | INFO     | veri_cek | fetch_tables:455 | Tablolar cache'den alındı.
2025-12-22 03:18:03 | INFO     | veri_cek | fetch_tables:455 | Tablolar cache'den alındı.
2025-12-22 03:18:03 | INFO     | veri_cek | fetch_tables:455 | Tablolar cache'den alındı.
2025-12-22 03:18:03 | INFO     | veri_cek | fetch_tables:455 | Tablolar cache'den alındı.
2025-12-22 03:18:03 | INFO     | veri_cek | fetch_tables:455 | Tablolar cache'den alındı.
2025-12-22 03:18:03 | INFO     | veri_cek | fetch_tables:455 | Tablolar cache'den alındı.
2025-12-22 03:18:03 | INFO     | veri_cek | build_train_test_frames:504 | Merge bitti -> Train: (1886, 31), Test: (1722, 31)
2025-12-22 03:18:03 | INFO     | veri_cek | build_train_test_frames:504 | Merge bitti -> Train: (1886, 31), Test: (1722, 31)
2025-12-22 03:18:03 | INFO     | veri_cek | build_train_test_frames:504 | Merge bitti -> Train: (1886, 31), Test: (1722, 31)
2025-12-22 03:18:03 | INFO     | veri_cek | build_train_test_frames:504 | Merge bitti -> Train: (1886, 31), Test: (1722, 31)
2025-12-22 03:18:03 | INFO     | veri_cek | build_train_test_frames:504 | Merge bitti -> Train: (1886, 31), Test: (1722, 31)
2025-12-22 03:18:03 | INFO     | veri_cek | build_train_test_frames:504 | Merge bitti -> Train: (1886, 31), Test: (1722, 31)
2025-12-22 03:18:04 | INFO     | veri_cek | add_weather_features:149 | 2 hava durumu kolonu bulundu: ['windspeed_10m_max', 'windgusts_10m_max']...
2025-12-22 03:18:04 | INFO     | veri_cek | add_weather_features:149 | 2 hava durumu kolonu bulundu: ['windspeed_10m_max', 'windgusts_10m_max']...
2025-12-22 03:18:04 | INFO     | veri_cek | add_weather_features:149 | 2 hava durumu kolonu bulundu: ['windspeed_10m_max', 'windgusts_10m_max']...
2025-12-22 03:18:04 | INFO     | veri_cek | add_weather_features:149 | 2 hava durumu kolonu bulundu: ['windspeed_10m_max', 'windgusts_10m_max']...
2025-12-22 03:18:04 | INFO     | veri_cek | add_weather_features:149 | 2 hava durumu kolonu bulundu: ['windspeed_10m_max', 'windgusts_10m_max']...
2025-12-22 03:18:04 | INFO     | veri_cek | add_weather_features:149 | 2 hava durumu kolonu bulundu: ['windspeed_10m_max', 'windgusts_10m_max']...
2025-12-22 03:18:04 | INFO     | veri_cek | add_population_features:190 | 1 nüfus kolonu bulundu: ['Nufus_Sayisi']...
2025-12-22 03:18:04 | INFO     | veri_cek | add_population_features:190 | 1 nüfus kolonu bulundu: ['Nufus_Sayisi']...
2025-12-22 03:18:04 | INFO     | veri_cek | add_population_features:190 | 1 nüfus kolonu bulundu: ['Nufus_Sayisi']...
2025-12-22 03:18:04 | INFO     | veri_cek | add_population_features:190 | 1 nüfus kolonu bulundu: ['Nufus_Sayisi']...
2025-12-22 03:18:04 | INFO     | veri_cek | add_population_features:190 | 1 nüfus kolonu bulundu: ['Nufus_Sayisi']...
2025-12-22 03:18:04 | INFO     | veri_cek | add_population_features:190 | 1 nüfus kolonu bulundu: ['Nufus_Sayisi']...
2025-12-22 03:18:05 | INFO     | veri_cek | add_weather_features:149 | 2 hava durumu kolonu bulundu: ['windspeed_10m_max', 'windgusts_10m_max']...
2025-12-22 03:18:05 | INFO     | veri_cek | add_weather_features:149 | 2 hava durumu kolonu bulundu: ['windspeed_10m_max', 'windgusts_10m_max']...
2025-12-22 03:18:05 | INFO     | veri_cek | add_weather_features:149 | 2 hava durumu kolonu bulundu: ['windspeed_10m_max', 'windgusts_10m_max']...
2025-12-22 03:18:05 | INFO     | veri_cek | add_weather_features:149 | 2 hava durumu kolonu bulundu: ['windspeed_10m_max', 'windgusts_10m_max']...
2025-12-22 03:18:05 | INFO     | veri_cek | add_weather_features:149 | 2 hava durumu kolonu bulundu: ['windspeed_10m_max', 'windgusts_10m_max']...
2025-12-22 03:18:05 | INFO     | veri_cek | add_weather_features:149 | 2 hava durumu kolonu bulundu: ['windspeed_10m_max', 'windgusts_10m_max']...
2025-12-22 03:18:05 | INFO     | veri_cek | add_population_features:190 | 1 nüfus kolonu bulundu: ['Nufus_Sayisi']...
2025-12-22 03:18:05 | INFO     | veri_cek | add_population_features:190 | 1 nüfus kolonu bulundu: ['Nufus_Sayisi']...
2025-12-22 03:18:05 | INFO     | veri_cek | add_population_features:190 | 1 nüfus kolonu bulundu: ['Nufus_Sayisi']...
2025-12-22 03:18:05 | INFO     | veri_cek | add_population_features:190 | 1 nüfus kolonu bulundu: ['Nufus_Sayisi']...
2025-12-22 03:18:05 | INFO     | veri_cek | add_population_features:190 | 1 nüfus kolonu bulundu: ['Nufus_Sayisi']...
2025-12-22 03:18:05 | INFO     | veri_cek | add_population_features:190 | 1 nüfus kolonu bulundu: ['Nufus_Sayisi']...
2025-12-22 03:18:05 | INFO     | veri_cek | fetch_tables:455 | Tablolar cache'den alındı.
2025-12-22 03:18:05 | INFO     | veri_cek | fetch_tables:455 | Tablolar cache'den alındı.
2025-12-22 03:18:05 | INFO     | veri_cek | fetch_tables:455 | Tablolar cache'den alındı.
2025-12-22 03:18:05 | INFO     | veri_cek | fetch_tables:455 | Tablolar cache'den alındı.
2025-12-22 03:18:05 | INFO     | veri_cek | fetch_tables:455 | Tablolar cache'den alındı.
2025-12-22 03:18:05 | INFO     | veri_cek | fetch_tables:455 | Tablolar cache'den alındı.
2025-12-22 03:18:05 | INFO     | veri_cek | build_train_test_frames:504 | Merge bitti -> Train: (1886, 31), Test: (1722, 31)
2025-12-22 03:18:06 | INFO     | veri_cek | build_train_test_frames:504 | Merge bitti -> Train: (1886, 31), Test: (1722, 31)
2025-12-22 03:18:06 | INFO     | veri_cek | build_train_test_frames:504 | Merge bitti -> Train: (1886, 31), Test: (1722, 31)
2025-12-22 03:18:06 | INFO     | veri_cek | build_train_test_frames:504 | Merge bitti -> Train: (1886, 31), Test: (1722, 31)
2025-12-22 03:18:06 | INFO     | veri_cek | build_train_test_frames:504 | Merge bitti -> Train: (1886, 31), Test: (1722, 31)
2025-12-22 03:18:06 | INFO     | veri_cek | build_train_test_frames:504 | Merge bitti -> Train: (1886, 31), Test: (1722, 31)
2025-12-22 03:18:06 | INFO     | veri_cek | add_weather_features:149 | 2 hava durumu kolonu bulundu: ['windspeed_10m_max', 'windgusts_10m_max']...
2025-12-22 03:18:06 | INFO     | veri_cek | add_weather_features:149 | 2 hava durumu kolonu bulundu: ['windspeed_10m_max', 'windgusts_10m_max']...
2025-12-22 03:18:06 | INFO     | veri_cek | add_weather_features:149 | 2 hava durumu kolonu bulundu: ['windspeed_10m_max', 'windgusts_10m_max']...
2025-12-22 03:18:06 | INFO     | veri_cek | add_weather_features:149 | 2 hava durumu kolonu bulundu: ['windspeed_10m_max', 'windgusts_10m_max']...
2025-12-22 03:18:06 | INFO     | veri_cek | add_weather_features:149 | 2 hava durumu kolonu bulundu: ['windspeed_10m_max', 'windgusts_10m_max']...
2025-12-22 03:18:06 | INFO     | veri_cek | add_weather_features:149 | 2 hava durumu kolonu bulundu: ['windspeed_10m_max', 'windgusts_10m_max']...
2025-12-22 03:18:06 | INFO     | veri_cek | add_population_features:190 | 1 nüfus kolonu bulundu: ['Nufus_Sayisi']...
2025-12-22 03:18:06 | INFO     | veri_cek | add_population_features:190 | 1 nüfus kolonu bulundu: ['Nufus_Sayisi']...
2025-12-22 03:18:07 | INFO     | veri_cek | add_population_features:190 | 1 nüfus kolonu bulundu: ['Nufus_Sayisi']...
2025-12-22 03:18:07 | INFO     | veri_cek | add_population_features:190 | 1 nüfus kolonu bulundu: ['Nufus_Sayisi']...
2025-12-22 03:18:07 | INFO     | veri_cek | add_population_features:190 | 1 nüfus kolonu bulundu: ['Nufus_Sayisi']...
2025-12-22 03:18:07 | INFO     | veri_cek | add_population_features:190 | 1 nüfus kolonu bulundu: ['Nufus_Sayisi']...
2025-12-22 03:18:07 | INFO     | veri_cek | add_weather_features:149 | 2 hava durumu kolonu bulundu: ['windspeed_10m_max', 'windgusts_10m_max']...
2025-12-22 03:18:07 | INFO     | veri_cek | add_weather_features:149 | 2 hava durumu kolonu bulundu: ['windspeed_10m_max', 'windgusts_10m_max']...
2025-12-22 03:18:07 | INFO     | veri_cek | add_weather_features:149 | 2 hava durumu kolonu bulundu: ['windspeed_10m_max', 'windgusts_10m_max']...
2025-12-22 03:18:07 | INFO     | veri_cek | add_weather_features:149 | 2 hava durumu kolonu bulundu: ['windspeed_10m_max', 'windgusts_10m_max']...
2025-12-22 03:18:07 | INFO     | veri_cek | add_weather_features:149 | 2 hava durumu kolonu bulundu: ['windspeed_10m_max', 'windgusts_10m_max']...
2025-12-22 03:18:07 | INFO     | veri_cek | add_weather_features:149 | 2 hava durumu kolonu bulundu: ['windspeed_10m_max', 'windgusts_10m_max']...
2025-12-22 03:18:07 | INFO     | veri_cek | add_population_features:190 | 1 nüfus kolonu bulundu: ['Nufus_Sayisi']...
2025-12-22 03:18:08 | INFO     | veri_cek | add_population_features:190 | 1 nüfus kolonu bulundu: ['Nufus_Sayisi']...
2025-12-22 03:18:08 | INFO     | veri_cek | add_population_features:190 | 1 nüfus kolonu bulundu: ['Nufus_Sayisi']...
2025-12-22 03:18:08 | INFO     | veri_cek | add_population_features:190 | 1 nüfus kolonu bulundu: ['Nufus_Sayisi']...
2025-12-22 03:18:08 | INFO     | veri_cek | add_population_features:190 | 1 nüfus kolonu bulundu: ['Nufus_Sayisi']...
2025-12-22 03:18:08 | INFO     | veri_cek | add_population_features:190 | 1 nüfus kolonu bulundu: ['Nufus_Sayisi']...
2025-12-22 03:18:09 | INFO     | veri_cek | fetch_tables:455 | Tablolar cache'den alındı.
2025-12-22 03:18:09 | INFO     | veri_cek | fetch_tables:455 | Tablolar cache'den alındı.
2025-12-22 03:18:09 | INFO     | veri_cek | build_train_test_frames:504 | Merge bitti -> Train: (1886, 31), Test: (1722, 31)
2025-12-22 03:18:09 | INFO     | veri_cek | build_train_test_frames:504 | Merge bitti -> Train: (1886, 31), Test: (1722, 31)
2025-12-22 03:18:09 | INFO     | veri_cek | add_weather_features:149 | 2 hava durumu kolonu bulundu: ['windspeed_10m_max', 'windgusts_10m_max']...
2025-12-22 03:18:09 | INFO     | veri_cek | add_weather_features:149 | 2 hava durumu kolonu bulundu: ['windspeed_10m_max', 'windgusts_10m_max']...
2025-12-22 03:18:09 | INFO     | veri_cek | add_population_features:190 | 1 nüfus kolonu bulundu: ['Nufus_Sayisi']...
2025-12-22 03:18:09 | INFO     | veri_cek | add_population_features:190 | 1 nüfus kolonu bulundu: ['Nufus_Sayisi']...
2025-12-22 03:18:09 | INFO     | veri_cek | add_weather_features:149 | 2 hava durumu kolonu bulundu: ['windspeed_10m_max', 'windgusts_10m_max']...
2025-12-22 03:18:09 | INFO     | veri_cek | add_weather_features:149 | 2 hava durumu kolonu bulundu: ['windspeed_10m_max', 'windgusts_10m_max']...
2025-12-22 03:18:09 | INFO     | veri_cek | add_population_features:190 | 1 nüfus kolonu bulundu: ['Nufus_Sayisi']...
2025-12-22 03:18:09 | INFO     | veri_cek | add_population_features:190 | 1 nüfus kolonu bulundu: ['Nufus_Sayisi']...
2025-12-22 03:18:10 | INFO     | veri_cek | fetch_tables:455 | Tablolar cache'den alındı.
2025-12-22 03:18:10 | INFO     | veri_cek | fetch_tables:455 | Tablolar cache'den alındı.
2025-12-22 03:18:10 | INFO     | veri_cek | build_train_test_frames:504 | Merge bitti -> Train: (1886, 31), Test: (1722, 31)
2025-12-22 03:18:10 | INFO     | veri_cek | build_train_test_frames:504 | Merge bitti -> Train: (1886, 31), Test: (1722, 31)
2025-12-22 03:18:10 | INFO     | veri_cek | add_weather_features:149 | 2 hava durumu kolonu bulundu: ['windspeed_10m_max', 'windgusts_10m_max']...
2025-12-22 03:18:10 | INFO     | veri_cek | add_weather_features:149 | 2 hava durumu kolonu bulundu: ['windspeed_10m_max', 'windgusts_10m_max']...
2025-12-22 03:18:10 | INFO     | veri_cek | add_population_features:190 | 1 nüfus kolonu bulundu: ['Nufus_Sayisi']...
2025-12-22 03:18:10 | INFO     | veri_cek | add_population_features:190 | 1 nüfus kolonu bulundu: ['Nufus_Sayisi']...
2025-12-22 03:18:10 | INFO     | veri_cek | add_weather_features:149 | 2 hava durumu kolonu bulundu: ['windspeed_10m_max', 'windgusts_10m_max']...
2025-12-22 03:18:10 | INFO     | veri_cek | add_weather_features:149 | 2 hava durumu kolonu bulundu: ['windspeed_10m_max', 'windgusts_10m_max']...
2025-12-22 03:18:10 | INFO     | veri_cek | add_population_features:190 | 1 nüfus kolonu bulundu: ['Nufus_Sayisi']...
2025-12-22 03:18:10 | INFO     | veri_cek | add_population_features:190 | 1 nüfus kolonu bulundu: ['Nufus_Sayisi']...
2025-12-22 05:03:26 | INFO     | veri_cek | fetch_tables:455 | Tablolar cache'den alındı.
2025-12-22 05:03:26 | INFO     | veri_cek | fetch_tables:455 | Tablolar cache'den alındı.
2025-12-22 05:03:26 | INFO     | veri_cek | fetch_tables:455 | Tablolar cache'den alındı.
2025-12-22 05:03:26 | INFO     | veri_cek | fetch_tables:455 | Tablolar cache'den alındı.
2025-12-22 05:03:26 | INFO     | veri_cek | fetch_tables:455 | Tablolar cache'den alındı.
2025-12-22 05:03:26 | INFO     | veri_cek | fetch_tables:455 | Tablolar cache'den alındı.
2025-12-22 05:03:26 | INFO     | veri_cek | build_train_test_frames:504 | Merge bitti -> Train: (1886, 31), Test: (1722, 31)
2025-12-22 05:03:27 | INFO     | veri_cek | build_train_test_frames:504 | Merge bitti -> Train: (1886, 31), Test: (1722, 31)
2025-12-22 05:03:27 | INFO     | veri_cek | build_train_test_frames:504 | Merge bitti -> Train: (1886, 31), Test: (1722, 31)
2025-12-22 05:03:27 | INFO     | veri_cek | build_train_test_frames:504 | Merge bitti -> Train: (1886, 31), Test: (1722, 31)
2025-12-22 05:03:27 | INFO     | veri_cek | build_train_test_frames:504 | Merge bitti -> Train: (1886, 31), Test: (1722, 31)
2025-12-22 05:03:27 | INFO     | veri_cek | build_train_test_frames:504 | Merge bitti -> Train: (1886, 31), Test: (1722, 31)
2025-12-22 05:03:27 | INFO     | veri_cek | add_weather_features:149 | 2 hava durumu kolonu bulundu: ['windspeed_10m_max', 'windgusts_10m_max']...
2025-12-22 05:03:27 | INFO     | veri_cek | add_weather_features:149 | 2 hava durumu kolonu bulundu: ['windspeed_10m_max', 'windgusts_10m_max']...
2025-12-22 05:03:27 | INFO     | veri_cek | add_weather_features:149 | 2 hava durumu kolonu bulundu: ['windspeed_10m_max', 'windgusts_10m_max']...
2025-12-22 05:03:27 | INFO     | veri_cek | add_weather_features:149 | 2 hava durumu kolonu bulundu: ['windspeed_10m_max', 'windgusts_10m_max']...
2025-12-22 05:03:27 | INFO     | veri_cek | add_weather_features:149 | 2 hava durumu kolonu bulundu: ['windspeed_10m_max', 'windgusts_10m_max']...
2025-12-22 05:03:28 | INFO     | veri_cek | add_weather_features:149 | 2 hava durumu kolonu bulundu: ['windspeed_10m_max', 'windgusts_10m_max']...
2025-12-22 05:03:28 | INFO     | veri_cek | add_population_features:190 | 1 nüfus kolonu bulundu: ['Nufus_Sayisi']...
2025-12-22 05:03:28 | INFO     | veri_cek | add_population_features:190 | 1 nüfus kolonu bulundu: ['Nufus_Sayisi']...
2025-12-22 05:03:28 | INFO     | veri_cek | add_population_features:190 | 1 nüfus kolonu bulundu: ['Nufus_Sayisi']...
2025-12-22 05:03:28 | INFO     | veri_cek | add_population_features:190 | 1 nüfus kolonu bulundu: ['Nufus_Sayisi']...
2025-12-22 05:03:28 | INFO     | veri_cek | add_population_features:190 | 1 nüfus kolonu bulundu: ['Nufus_Sayisi']...
2025-12-22 05:03:28 | INFO     | veri_cek | add_population_features:190 | 1 nüfus kolonu bulundu: ['Nufus_Sayisi']...
2025-12-22 05:03:29 | INFO     | veri_cek | add_weather_features:149 | 2 hava durumu kolonu bulundu: ['windspeed_10m_max', 'windgusts_10m_max']...
2025-12-22 05:03:29 | INFO     | veri_cek | add_weather_features:149 | 2 hava durumu kolonu bulundu: ['windspeed_10m_max', 'windgusts_10m_max']...
2025-12-22 05:03:29 | INFO     | veri_cek | add_weather_features:149 | 2 hava durumu kolonu bulundu: ['windspeed_10m_max', 'windgusts_10m_max']...
2025-12-22 05:03:29 | INFO     | veri_cek | add_weather_features:149 | 2 hava durumu kolonu bulundu: ['windspeed_10m_max', 'windgusts_10m_max']...
2025-12-22 05:03:29 | INFO     | veri_cek | add_weather_features:149 | 2 hava durumu kolonu bulundu: ['windspeed_10m_max', 'windgusts_10m_max']...
2025-12-22 05:03:29 | INFO     | veri_cek | add_weather_features:149 | 2 hava durumu kolonu bulundu: ['windspeed_10m_max', 'windgusts_10m_max']...
2025-12-22 05:03:29 | INFO     | veri_cek | add_population_features:190 | 1 nüfus kolonu bulundu: ['Nufus_Sayisi']...
2025-12-22 05:03:29 | INFO     | veri_cek | add_population_features:190 | 1 nüfus kolonu bulundu: ['Nufus_Sayisi']...
2025-12-22 05:03:29 | INFO     | veri_cek | add_population_features:190 | 1 nüfus kolonu bulundu: ['Nufus_Sayisi']...
2025-12-22 05:03:29 | INFO     | veri_cek | add_population_features:190 | 1 nüfus kolonu bulundu: ['Nufus_Sayisi']...
2025-12-22 05:03:29 | INFO     | veri_cek | fetch_tables:455 | Tablolar cache'den alındı.
2025-12-22 05:03:29 | INFO     | veri_cek | add_population_features:190 | 1 nüfus kolonu bulundu: ['Nufus_Sayisi']...
2025-12-22 05:03:29 | INFO     | veri_cek | fetch_tables:455 | Tablolar cache'den alındı.
2025-12-22 05:03:29 | INFO     | veri_cek | add_population_features:190 | 1 nüfus kolonu bulundu: ['Nufus_Sayisi']...
2025-12-22 05:03:29 | INFO     | veri_cek | fetch_tables:455 | Tablolar cache'den alındı.
2025-12-22 05:03:29 | INFO     | veri_cek | fetch_tables:455 | Tablolar cache'den alındı.
2025-12-22 05:03:30 | INFO     | veri_cek | fetch_tables:455 | Tablolar cache'den alındı.
2025-12-22 05:03:30 | INFO     | veri_cek | fetch_tables:455 | Tablolar cache'den alındı.
2025-12-22 05:03:30 | INFO     | veri_cek | build_train_test_frames:504 | Merge bitti -> Train: (1886, 31), Test: (1722, 31)
2025-12-22 05:03:30 | INFO     | veri_cek | build_train_test_frames:504 | Merge bitti -> Train: (1886, 31), Test: (1722, 31)
2025-12-22 05:03:30 | INFO     | veri_cek | build_train_test_frames:504 | Merge bitti -> Train: (1886, 31), Test: (1722, 31)
2025-12-22 05:03:30 | INFO     | veri_cek | build_train_test_frames:504 | Merge bitti -> Train: (1886, 31), Test: (1722, 31)
2025-12-22 05:03:30 | INFO     | veri_cek | build_train_test_frames:504 | Merge bitti -> Train: (1886, 31), Test: (1722, 31)
2025-12-22 05:03:30 | INFO     | veri_cek | build_train_test_frames:504 | Merge bitti -> Train: (1886, 31), Test: (1722, 31)
2025-12-22 05:03:31 | INFO     | veri_cek | add_weather_features:149 | 2 hava durumu kolonu bulundu: ['windspeed_10m_max', 'windgusts_10m_max']...
2025-12-22 05:03:31 | INFO     | veri_cek | add_weather_features:149 | 2 hava durumu kolonu bulundu: ['windspeed_10m_max', 'windgusts_10m_max']...
2025-12-22 05:03:31 | INFO     | veri_cek | add_weather_features:149 | 2 hava durumu kolonu bulundu: ['windspeed_10m_max', 'windgusts_10m_max']...
2025-12-22 05:03:31 | INFO     | veri_cek | add_weather_features:149 | 2 hava durumu kolonu bulundu: ['windspeed_10m_max', 'windgusts_10m_max']...
2025-12-22 05:03:31 | INFO     | veri_cek | add_weather_features:149 | 2 hava durumu kolonu bulundu: ['windspeed_10m_max', 'windgusts_10m_max']...
2025-12-22 05:03:31 | INFO     | veri_cek | add_weather_features:149 | 2 hava durumu kolonu bulundu: ['windspeed_10m_max', 'windgusts_10m_max']...
2025-12-22 05:03:31 | INFO     | veri_cek | add_population_features:190 | 1 nüfus kolonu bulundu: ['Nufus_Sayisi']...
2025-12-22 05:03:31 | INFO     | veri_cek | add_population_features:190 | 1 nüfus kolonu bulundu: ['Nufus_Sayisi']...
2025-12-22 05:03:31 | INFO     | veri_cek | add_population_features:190 | 1 nüfus kolonu bulundu: ['Nufus_Sayisi']...
2025-12-22 05:03:31 | INFO     | veri_cek | add_population_features:190 | 1 nüfus kolonu bulundu: ['Nufus_Sayisi']...
2025-12-22 05:03:31 | INFO     | veri_cek | add_population_features:190 | 1 nüfus kolonu bulundu: ['Nufus_Sayisi']...
2025-12-22 05:03:31 | INFO     | veri_cek | add_population_features:190 | 1 nüfus kolonu bulundu: ['Nufus_Sayisi']...
2025-12-22 05:03:32 | INFO     | veri_cek | add_weather_features:149 | 2 hava durumu kolonu bulundu: ['windspeed_10m_max', 'windgusts_10m_max']...
2025-12-22 05:03:32 | INFO     | veri_cek | add_weather_features:149 | 2 hava durumu kolonu bulundu: ['windspeed_10m_max', 'windgusts_10m_max']...
2025-12-22 05:03:32 | INFO     | veri_cek | add_weather_features:149 | 2 hava durumu kolonu bulundu: ['windspeed_10m_max', 'windgusts_10m_max']...
2025-12-22 05:03:32 | INFO     | veri_cek | add_weather_features:149 | 2 hava durumu kolonu bulundu: ['windspeed_10m_max', 'windgusts_10m_max']...
2025-12-22 05:03:32 | INFO     | veri_cek | add_weather_features:149 | 2 hava durumu kolonu bulundu: ['windspeed_10m_max', 'windgusts_10m_max']...
2025-12-22 05:03:32 | INFO     | veri_cek | add_weather_features:149 | 2 hava durumu kolonu bulundu: ['windspeed_10m_max', 'windgusts_10m_max']...
2025-12-22 05:03:32 | INFO     | veri_cek | add_population_features:190 | 1 nüfus kolonu bulundu: ['Nufus_Sayisi']...
2025-12-22 05:03:32 | INFO     | veri_cek | add_population_features:190 | 1 nüfus kolonu bulundu: ['Nufus_Sayisi']...
2025-12-22 05:03:32 | INFO     | veri_cek | add_population_features:190 | 1 nüfus kolonu bulundu: ['Nufus_Sayisi']...
2025-12-22 05:03:32 | INFO     | veri_cek | add_population_features:190 | 1 nüfus kolonu bulundu: ['Nufus_Sayisi']...
2025-12-22 05:03:32 | INFO     | veri_cek | add_population_features:190 | 1 nüfus kolonu bulundu: ['Nufus_Sayisi']...
2025-12-22 05:03:33 | INFO     | veri_cek | add_population_features:190 | 1 nüfus kolonu bulundu: ['Nufus_Sayisi']...
2025-12-22 05:03:34 | INFO     | veri_cek | fetch_tables:455 | Tablolar cache'den alındı.
2025-12-22 05:03:34 | INFO     | veri_cek | fetch_tables:455 | Tablolar cache'den alındı.
2025-12-22 05:03:34 | INFO     | veri_cek | build_train_test_frames:504 | Merge bitti -> Train: (1886, 31), Test: (1722, 31)
2025-12-22 05:03:34 | INFO     | veri_cek | build_train_test_frames:504 | Merge bitti -> Train: (1886, 31), Test: (1722, 31)
2025-12-22 05:03:34 | INFO     | veri_cek | add_weather_features:149 | 2 hava durumu kolonu bulundu: ['windspeed_10m_max', 'windgusts_10m_max']...
2025-12-22 05:03:34 | INFO     | veri_cek | add_weather_features:149 | 2 hava durumu kolonu bulundu: ['windspeed_10m_max', 'windgusts_10m_max']...
2025-12-22 05:03:34 | INFO     | veri_cek | add_population_features:190 | 1 nüfus kolonu bulundu: ['Nufus_Sayisi']...
2025-12-22 05:03:34 | INFO     | veri_cek | add_population_features:190 | 1 nüfus kolonu bulundu: ['Nufus_Sayisi']...
2025-12-22 05:03:35 | INFO     | veri_cek | add_weather_features:149 | 2 hava durumu kolonu bulundu: ['windspeed_10m_max', 'windgusts_10m_max']...
2025-12-22 05:03:35 | INFO     | veri_cek | add_weather_features:149 | 2 hava durumu kolonu bulundu: ['windspeed_10m_max', 'windgusts_10m_max']...
2025-12-22 05:03:35 | INFO     | veri_cek | add_population_features:190 | 1 nüfus kolonu bulundu: ['Nufus_Sayisi']...
2025-12-22 05:03:35 | INFO     | veri_cek | add_population_features:190 | 1 nüfus kolonu bulundu: ['Nufus_Sayisi']...
2025-12-22 05:03:35 | INFO     | veri_cek | fetch_tables:455 | Tablolar cache'den alındı.
2025-12-22 05:03:35 | INFO     | veri_cek | fetch_tables:455 | Tablolar cache'den alındı.
2025-12-22 05:03:35 | INFO     | veri_cek | build_train_test_frames:504 | Merge bitti -> Train: (1886, 31), Test: (1722, 31)
2025-12-22 05:03:35 | INFO     | veri_cek | build_train_test_frames:504 | Merge bitti -> Train: (1886, 31), Test: (1722, 31)
2025-12-22 05:03:36 | INFO     | veri_cek | add_weather_features:149 | 2 hava durumu kolonu bulundu: ['windspeed_10m_max', 'windgusts_10m_max']...
2025-12-22 05:03:36 | INFO     | veri_cek | add_weather_features:149 | 2 hava durumu kolonu bulundu: ['windspeed_10m_max', 'windgusts_10m_max']...
2025-12-22 05:03:36 | INFO     | veri_cek | add_population_features:190 | 1 nüfus kolonu bulundu: ['Nufus_Sayisi']...
2025-12-22 05:03:36 | INFO     | veri_cek | add_population_features:190 | 1 nüfus kolonu bulundu: ['Nufus_Sayisi']...
2025-12-22 05:03:36 | INFO     | veri_cek | add_weather_features:149 | 2 hava durumu kolonu bulundu: ['windspeed_10m_max', 'windgusts_10m_max']...
2025-12-22 05:03:36 | INFO     | veri_cek | add_weather_features:149 | 2 hava durumu kolonu bulundu: ['windspeed_10m_max', 'windgusts_10m_max']...
2025-12-22 05:03:36 | INFO     | veri_cek | add_population_features:190 | 1 nüfus kolonu bulundu: ['Nufus_Sayisi']...
2025-12-22 05:03:36 | INFO     | veri_cek | add_population_features:190 | 1 nüfus kolonu bulundu: ['Nufus_Sayisi']...
2025-12-22 05:11:34 | INFO     | veri_cek | fetch_tables:455 | Tablolar cache'den alındı.
2025-12-22 05:11:34 | INFO     | veri_cek | fetch_tables:455 | Tablolar cache'den alındı.
2025-12-22 05:11:34 | INFO     | veri_cek | fetch_tables:455 | Tablolar cache'den alındı.
2025-12-22 05:11:34 | INFO     | veri_cek | fetch_tables:455 | Tablolar cache'den alındı.
2025-12-22 05:11:34 | INFO     | veri_cek | fetch_tables:455 | Tablolar cache'den alındı.
2025-12-22 05:11:34 | INFO     | veri_cek | fetch_tables:455 | Tablolar cache'den alındı.
2025-12-22 05:11:35 | INFO     | veri_cek | build_train_test_frames:504 | Merge bitti -> Train: (1886, 31), Test: (1722, 31)
2025-12-22 05:11:35 | INFO     | veri_cek | build_train_test_frames:504 | Merge bitti -> Train: (1886, 31), Test: (1722, 31)
2025-12-22 05:11:35 | INFO     | veri_cek | build_train_test_frames:504 | Merge bitti -> Train: (1886, 31), Test: (1722, 31)
2025-12-22 05:11:35 | INFO     | veri_cek | build_train_test_frames:504 | Merge bitti -> Train: (1886, 31), Test: (1722, 31)
2025-12-22 05:11:35 | INFO     | veri_cek | build_train_test_frames:504 | Merge bitti -> Train: (1886, 31), Test: (1722, 31)
2025-12-22 05:11:35 | INFO     | veri_cek | build_train_test_frames:504 | Merge bitti -> Train: (1886, 31), Test: (1722, 31)
2025-12-22 05:11:35 | INFO     | veri_cek | add_weather_features:149 | 2 hava durumu kolonu bulundu: ['windspeed_10m_max', 'windgusts_10m_max']...
2025-12-22 05:11:35 | INFO     | veri_cek | add_weather_features:149 | 2 hava durumu kolonu bulundu: ['windspeed_10m_max', 'windgusts_10m_max']...
2025-12-22 05:11:35 | INFO     | veri_cek | add_weather_features:149 | 2 hava durumu kolonu bulundu: ['windspeed_10m_max', 'windgusts_10m_max']...
2025-12-22 05:11:35 | INFO     | veri_cek | add_weather_features:149 | 2 hava durumu kolonu bulundu: ['windspeed_10m_max', 'windgusts_10m_max']...
2025-12-22 05:11:35 | INFO     | veri_cek | add_weather_features:149 | 2 hava durumu kolonu bulundu: ['windspeed_10m_max', 'windgusts_10m_max']...
2025-12-22 05:11:35 | INFO     | veri_cek | add_weather_features:149 | 2 hava durumu kolonu bulundu: ['windspeed_10m_max', 'windgusts_10m_max']...
2025-12-22 05:11:36 | INFO     | veri_cek | add_population_features:190 | 1 nüfus kolonu bulundu: ['Nufus_Sayisi']...
2025-12-22 05:11:36 | INFO     | veri_cek | add_population_features:190 | 1 nüfus kolonu bulundu: ['Nufus_Sayisi']...
2025-12-22 05:11:36 | INFO     | veri_cek | add_population_features:190 | 1 nüfus kolonu bulundu: ['Nufus_Sayisi']...
2025-12-22 05:11:36 | INFO     | veri_cek | add_population_features:190 | 1 nüfus kolonu bulundu: ['Nufus_Sayisi']...
2025-12-22 05:11:36 | INFO     | veri_cek | add_population_features:190 | 1 nüfus kolonu bulundu: ['Nufus_Sayisi']...
2025-12-22 05:11:36 | INFO     | veri_cek | add_population_features:190 | 1 nüfus kolonu bulundu: ['Nufus_Sayisi']...
2025-12-22 05:11:37 | INFO     | veri_cek | add_weather_features:149 | 2 hava durumu kolonu bulundu: ['windspeed_10m_max', 'windgusts_10m_max']...
2025-12-22 05:11:37 | INFO     | veri_cek | add_weather_features:149 | 2 hava durumu kolonu bulundu: ['windspeed_10m_max', 'windgusts_10m_max']...
2025-12-22 05:11:37 | INFO     | veri_cek | add_weather_features:149 | 2 hava durumu kolonu bulundu: ['windspeed_10m_max', 'windgusts_10m_max']...
2025-12-22 05:11:37 | INFO     | veri_cek | add_weather_features:149 | 2 hava durumu kolonu bulundu: ['windspeed_10m_max', 'windgusts_10m_max']...
2025-12-22 05:11:37 | INFO     | veri_cek | add_weather_features:149 | 2 hava durumu kolonu bulundu: ['windspeed_10m_max', 'windgusts_10m_max']...
2025-12-22 05:11:37 | INFO     | veri_cek | add_weather_features:149 | 2 hava durumu kolonu bulundu: ['windspeed_10m_max', 'windgusts_10m_max']...
2025-12-22 05:11:37 | INFO     | veri_cek | add_population_features:190 | 1 nüfus kolonu bulundu: ['Nufus_Sayisi']...
2025-12-22 05:11:37 | INFO     | veri_cek | add_population_features:190 | 1 nüfus kolonu bulundu: ['Nufus_Sayisi']...
2025-12-22 05:11:37 | INFO     | veri_cek | fetch_tables:455 | Tablolar cache'den alındı.
2025-12-22 05:11:37 | INFO     | veri_cek | add_population_features:190 | 1 nüfus kolonu bulundu: ['Nufus_Sayisi']...
2025-12-22 05:11:37 | INFO     | veri_cek | add_population_features:190 | 1 nüfus kolonu bulundu: ['Nufus_Sayisi']...
2025-12-22 05:11:37 | INFO     | veri_cek | add_population_features:190 | 1 nüfus kolonu bulundu: ['Nufus_Sayisi']...
2025-12-22 05:11:37 | INFO     | veri_cek | add_population_features:190 | 1 nüfus kolonu bulundu: ['Nufus_Sayisi']...
2025-12-22 05:11:37 | INFO     | veri_cek | fetch_tables:455 | Tablolar cache'den alındı.
2025-12-22 05:11:38 | INFO     | veri_cek | fetch_tables:455 | Tablolar cache'den alındı.
2025-12-22 05:11:38 | INFO     | veri_cek | fetch_tables:455 | Tablolar cache'den alındı.
2025-12-22 05:11:38 | INFO     | veri_cek | fetch_tables:455 | Tablolar cache'den alındı.
2025-12-22 05:11:38 | INFO     | veri_cek | fetch_tables:455 | Tablolar cache'den alındı.
2025-12-22 05:11:38 | INFO     | veri_cek | build_train_test_frames:504 | Merge bitti -> Train: (1886, 31), Test: (1722, 31)
2025-12-22 05:11:38 | INFO     | veri_cek | build_train_test_frames:504 | Merge bitti -> Train: (1886, 31), Test: (1722, 31)
2025-12-22 05:11:38 | INFO     | veri_cek | build_train_test_frames:504 | Merge bitti -> Train: (1886, 31), Test: (1722, 31)
2025-12-22 05:11:38 | INFO     | veri_cek | build_train_test_frames:504 | Merge bitti -> Train: (1886, 31), Test: (1722, 31)
2025-12-22 05:11:38 | INFO     | veri_cek | build_train_test_frames:504 | Merge bitti -> Train: (1886, 31), Test: (1722, 31)
2025-12-22 05:11:38 | INFO     | veri_cek | build_train_test_frames:504 | Merge bitti -> Train: (1886, 31), Test: (1722, 31)
2025-12-22 05:11:39 | INFO     | veri_cek | add_weather_features:149 | 2 hava durumu kolonu bulundu: ['windspeed_10m_max', 'windgusts_10m_max']...
2025-12-22 05:11:39 | INFO     | veri_cek | add_weather_features:149 | 2 hava durumu kolonu bulundu: ['windspeed_10m_max', 'windgusts_10m_max']...
2025-12-22 05:11:39 | INFO     | veri_cek | add_weather_features:149 | 2 hava durumu kolonu bulundu: ['windspeed_10m_max', 'windgusts_10m_max']...
2025-12-22 05:11:39 | INFO     | veri_cek | add_weather_features:149 | 2 hava durumu kolonu bulundu: ['windspeed_10m_max', 'windgusts_10m_max']...
2025-12-22 05:11:39 | INFO     | veri_cek | add_weather_features:149 | 2 hava durumu kolonu bulundu: ['windspeed_10m_max', 'windgusts_10m_max']...
2025-12-22 05:11:39 | INFO     | veri_cek | add_weather_features:149 | 2 hava durumu kolonu bulundu: ['windspeed_10m_max', 'windgusts_10m_max']...
2025-12-22 05:11:39 | INFO     | veri_cek | add_population_features:190 | 1 nüfus kolonu bulundu: ['Nufus_Sayisi']...
2025-12-22 05:11:39 | INFO     | veri_cek | add_population_features:190 | 1 nüfus kolonu bulundu: ['Nufus_Sayisi']...
2025-12-22 05:11:39 | INFO     | veri_cek | add_population_features:190 | 1 nüfus kolonu bulundu: ['Nufus_Sayisi']...
2025-12-22 05:11:39 | INFO     | veri_cek | add_population_features:190 | 1 nüfus kolonu bulundu: ['Nufus_Sayisi']...
2025-12-22 05:11:39 | INFO     | veri_cek | add_population_features:190 | 1 nüfus kolonu bulundu: ['Nufus_Sayisi']...
2025-12-22 05:11:40 | INFO     | veri_cek | add_population_features:190 | 1 nüfus kolonu bulundu: ['Nufus_Sayisi']...
2025-12-22 05:11:40 | INFO     | veri_cek | add_weather_features:149 | 2 hava durumu kolonu bulundu: ['windspeed_10m_max', 'windgusts_10m_max']...
2025-12-22 05:11:41 | INFO     | veri_cek | add_weather_features:149 | 2 hava durumu kolonu bulundu: ['windspeed_10m_max', 'windgusts_10m_max']...
2025-12-22 05:11:41 | INFO     | veri_cek | add_weather_features:149 | 2 hava durumu kolonu bulundu: ['windspeed_10m_max', 'windgusts_10m_max']...
2025-12-22 05:11:41 | INFO     | veri_cek | add_weather_features:149 | 2 hava durumu kolonu bulundu: ['windspeed_10m_max', 'windgusts_10m_max']...
2025-12-22 05:11:41 | INFO     | veri_cek | add_weather_features:149 | 2 hava durumu kolonu bulundu: ['windspeed_10m_max', 'windgusts_10m_max']...
2025-12-22 05:11:41 | INFO     | veri_cek | add_weather_features:149 | 2 hava durumu kolonu bulundu: ['windspeed_10m_max', 'windgusts_10m_max']...
2025-12-22 05:11:41 | INFO     | veri_cek | add_population_features:190 | 1 nüfus kolonu bulundu: ['Nufus_Sayisi']...
2025-12-22 05:11:41 | INFO     | veri_cek | add_population_features:190 | 1 nüfus kolonu bulundu: ['Nufus_Sayisi']...
2025-12-22 05:11:41 | INFO     | veri_cek | add_population_features:190 | 1 nüfus kolonu bulundu: ['Nufus_Sayisi']...
2025-12-22 05:11:41 | INFO     | veri_cek | add_population_features:190 | 1 nüfus kolonu bulundu: ['Nufus_Sayisi']...
2025-12-22 05:11:41 | INFO     | veri_cek | add_population_features:190 | 1 nüfus kolonu bulundu: ['Nufus_Sayisi']...
2025-12-22 05:11:41 | INFO     | veri_cek | add_population_features:190 | 1 nüfus kolonu bulundu: ['Nufus_Sayisi']...
2025-12-22 05:11:42 | INFO     | veri_cek | fetch_tables:455 | Tablolar cache'den alındı.
2025-12-22 05:11:42 | INFO     | veri_cek | fetch_tables:455 | Tablolar cache'den alındı.
2025-12-22 05:11:42 | INFO     | veri_cek | build_train_test_frames:504 | Merge bitti -> Train: (1886, 31), Test: (1722, 31)
2025-12-22 05:11:42 | INFO     | veri_cek | build_train_test_frames:504 | Merge bitti -> Train: (1886, 31), Test: (1722, 31)
2025-12-22 05:11:42 | INFO     | veri_cek | add_weather_features:149 | 2 hava durumu kolonu bulundu: ['windspeed_10m_max', 'windgusts_10m_max']...
2025-12-22 05:11:42 | INFO     | veri_cek | add_weather_features:149 | 2 hava durumu kolonu bulundu: ['windspeed_10m_max', 'windgusts_10m_max']...
2025-12-22 05:11:42 | INFO     | veri_cek | add_population_features:190 | 1 nüfus kolonu bulundu: ['Nufus_Sayisi']...
2025-12-22 05:11:42 | INFO     | veri_cek | add_population_features:190 | 1 nüfus kolonu bulundu: ['Nufus_Sayisi']...
2025-12-22 05:11:43 | INFO     | veri_cek | add_weather_features:149 | 2 hava durumu kolonu bulundu: ['windspeed_10m_max', 'windgusts_10m_max']...
2025-12-22 05:11:43 | INFO     | veri_cek | add_weather_features:149 | 2 hava durumu kolonu bulundu: ['windspeed_10m_max', 'windgusts_10m_max']...
2025-12-22 05:11:43 | INFO     | veri_cek | add_population_features:190 | 1 nüfus kolonu bulundu: ['Nufus_Sayisi']...
2025-12-22 05:11:43 | INFO     | veri_cek | add_population_features:190 | 1 nüfus kolonu bulundu: ['Nufus_Sayisi']...
2025-12-22 05:11:43 | INFO     | veri_cek | fetch_tables:455 | Tablolar cache'den alındı.
2025-12-22 05:11:43 | INFO     | veri_cek | fetch_tables:455 | Tablolar cache'den alındı.
2025-12-22 05:11:43 | INFO     | veri_cek | build_train_test_frames:504 | Merge bitti -> Train: (1886, 31), Test: (1722, 31)
2025-12-22 05:11:43 | INFO     | veri_cek | build_train_test_frames:504 | Merge bitti -> Train: (1886, 31), Test: (1722, 31)
2025-12-22 05:11:43 | INFO     | veri_cek | add_weather_features:149 | 2 hava durumu kolonu bulundu: ['windspeed_10m_max', 'windgusts_10m_max']...
2025-12-22 05:11:44 | INFO     | veri_cek | add_weather_features:149 | 2 hava durumu kolonu bulundu: ['windspeed_10m_max', 'windgusts_10m_max']...
2025-12-22 05:11:44 | INFO     | veri_cek | add_population_features:190 | 1 nüfus kolonu bulundu: ['Nufus_Sayisi']...
2025-12-22 05:11:44 | INFO     | veri_cek | add_population_features:190 | 1 nüfus kolonu bulundu: ['Nufus_Sayisi']...
2025-12-22 05:11:44 | INFO     | veri_cek | add_weather_features:149 | 2 hava durumu kolonu bulundu: ['windspeed_10m_max', 'windgusts_10m_max']...
2025-12-22 05:11:44 | INFO     | veri_cek | add_weather_features:149 | 2 hava durumu kolonu bulundu: ['windspeed_10m_max', 'windgusts_10m_max']...
2025-12-22 05:11:44 | INFO     | veri_cek | add_population_features:190 | 1 nüfus kolonu bulundu: ['Nufus_Sayisi']...
2025-12-22 05:11:44 | INFO     | veri_cek | add_population_features:190 | 1 nüfus kolonu bulundu: ['Nufus_Sayisi']...
2025-12-22 05:13:12 | INFO     | veri_cek | fetch_tables:455 | Tablolar cache'den alındı.
2025-12-22 05:13:12 | INFO     | veri_cek | fetch_tables:455 | Tablolar cache'den alındı.
2025-12-22 05:13:12 | INFO     | veri_cek | fetch_tables:455 | Tablolar cache'den alındı.
2025-12-22 05:13:12 | INFO     | veri_cek | fetch_tables:455 | Tablolar cache'den alındı.
2025-12-22 05:13:12 | INFO     | veri_cek | fetch_tables:455 | Tablolar cache'den alındı.
2025-12-22 05:13:12 | INFO     | veri_cek | fetch_tables:455 | Tablolar cache'den alındı.
2025-12-22 05:13:12 | INFO     | veri_cek | build_train_test_frames:504 | Merge bitti -> Train: (1886, 31), Test: (1722, 31)
2025-12-22 05:13:13 | INFO     | veri_cek | build_train_test_frames:504 | Merge bitti -> Train: (1886, 31), Test: (1722, 31)
2025-12-22 05:13:13 | INFO     | veri_cek | build_train_test_frames:504 | Merge bitti -> Train: (1886, 31), Test: (1722, 31)
2025-12-22 05:13:13 | INFO     | veri_cek | build_train_test_frames:504 | Merge bitti -> Train: (1886, 31), Test: (1722, 31)
2025-12-22 05:13:13 | INFO     | veri_cek | build_train_test_frames:504 | Merge bitti -> Train: (1886, 31), Test: (1722, 31)
2025-12-22 05:13:13 | INFO     | veri_cek | build_train_test_frames:504 | Merge bitti -> Train: (1886, 31), Test: (1722, 31)
2025-12-22 05:13:13 | INFO     | veri_cek | add_weather_features:149 | 2 hava durumu kolonu bulundu: ['windspeed_10m_max', 'windgusts_10m_max']...
2025-12-22 05:13:13 | INFO     | veri_cek | add_weather_features:149 | 2 hava durumu kolonu bulundu: ['windspeed_10m_max', 'windgusts_10m_max']...
2025-12-22 05:13:13 | INFO     | veri_cek | add_weather_features:149 | 2 hava durumu kolonu bulundu: ['windspeed_10m_max', 'windgusts_10m_max']...
2025-12-22 05:13:13 | INFO     | veri_cek | add_weather_features:149 | 2 hava durumu kolonu bulundu: ['windspeed_10m_max', 'windgusts_10m_max']...
2025-12-22 05:13:13 | INFO     | veri_cek | add_weather_features:149 | 2 hava durumu kolonu bulundu: ['windspeed_10m_max', 'windgusts_10m_max']...
2025-12-22 05:13:13 | INFO     | veri_cek | add_weather_features:149 | 2 hava durumu kolonu bulundu: ['windspeed_10m_max', 'windgusts_10m_max']...
2025-12-22 05:13:13 | INFO     | veri_cek | add_population_features:190 | 1 nüfus kolonu bulundu: ['Nufus_Sayisi']...
2025-12-22 05:13:13 | INFO     | veri_cek | add_population_features:190 | 1 nüfus kolonu bulundu: ['Nufus_Sayisi']...
2025-12-22 05:13:14 | INFO     | veri_cek | add_population_features:190 | 1 nüfus kolonu bulundu: ['Nufus_Sayisi']...
2025-12-22 05:13:14 | INFO     | veri_cek | add_population_features:190 | 1 nüfus kolonu bulundu: ['Nufus_Sayisi']...
2025-12-22 05:13:14 | INFO     | veri_cek | add_population_features:190 | 1 nüfus kolonu bulundu: ['Nufus_Sayisi']...
2025-12-22 05:13:14 | INFO     | veri_cek | add_population_features:190 | 1 nüfus kolonu bulundu: ['Nufus_Sayisi']...
2025-12-22 05:13:14 | INFO     | veri_cek | add_weather_features:149 | 2 hava durumu kolonu bulundu: ['windspeed_10m_max', 'windgusts_10m_max']...
2025-12-22 05:13:14 | INFO     | veri_cek | add_weather_features:149 | 2 hava durumu kolonu bulundu: ['windspeed_10m_max', 'windgusts_10m_max']...
2025-12-22 05:13:14 | INFO     | veri_cek | add_weather_features:149 | 2 hava durumu kolonu bulundu: ['windspeed_10m_max', 'windgusts_10m_max']...
2025-12-22 05:13:14 | INFO     | veri_cek | add_weather_features:149 | 2 hava durumu kolonu bulundu: ['windspeed_10m_max', 'windgusts_10m_max']...
2025-12-22 05:13:14 | INFO     | veri_cek | add_weather_features:149 | 2 hava durumu kolonu bulundu: ['windspeed_10m_max', 'windgusts_10m_max']...
2025-12-22 05:13:14 | INFO     | veri_cek | add_weather_features:149 | 2 hava durumu kolonu bulundu: ['windspeed_10m_max', 'windgusts_10m_max']...
2025-12-22 05:13:14 | INFO     | veri_cek | add_population_features:190 | 1 nüfus kolonu bulundu: ['Nufus_Sayisi']...
2025-12-22 05:13:14 | INFO     | veri_cek | fetch_tables:455 | Tablolar cache'den alındı.
2025-12-22 05:13:14 | INFO     | veri_cek | add_population_features:190 | 1 nüfus kolonu bulundu: ['Nufus_Sayisi']...
2025-12-22 05:13:14 | INFO     | veri_cek | add_population_features:190 | 1 nüfus kolonu bulundu: ['Nufus_Sayisi']...
2025-12-22 05:13:14 | INFO     | veri_cek | add_population_features:190 | 1 nüfus kolonu bulundu: ['Nufus_Sayisi']...
2025-12-22 05:13:14 | INFO     | veri_cek | add_population_features:190 | 1 nüfus kolonu bulundu: ['Nufus_Sayisi']...
2025-12-22 05:13:14 | INFO     | veri_cek | fetch_tables:455 | Tablolar cache'den alındı.
2025-12-22 05:13:14 | INFO     | veri_cek | add_population_features:190 | 1 nüfus kolonu bulundu: ['Nufus_Sayisi']...
2025-12-22 05:13:14 | INFO     | veri_cek | fetch_tables:455 | Tablolar cache'den alındı.
2025-12-22 05:13:14 | INFO     | veri_cek | fetch_tables:455 | Tablolar cache'den alındı.
2025-12-22 05:13:14 | INFO     | veri_cek | build_train_test_frames:504 | Merge bitti -> Train: (1886, 31), Test: (1722, 31)
2025-12-22 05:13:14 | INFO     | veri_cek | fetch_tables:455 | Tablolar cache'den alındı.
2025-12-22 05:13:15 | INFO     | veri_cek | fetch_tables:455 | Tablolar cache'den alındı.
2025-12-22 05:13:15 | INFO     | veri_cek | build_train_test_frames:504 | Merge bitti -> Train: (1886, 31), Test: (1722, 31)
2025-12-22 05:13:15 | INFO     | veri_cek | build_train_test_frames:504 | Merge bitti -> Train: (1886, 31), Test: (1722, 31)
2025-12-22 05:13:15 | INFO     | veri_cek | build_train_test_frames:504 | Merge bitti -> Train: (1886, 31), Test: (1722, 31)
2025-12-22 05:13:15 | INFO     | veri_cek | build_train_test_frames:504 | Merge bitti -> Train: (1886, 31), Test: (1722, 31)
2025-12-22 05:13:15 | INFO     | veri_cek | build_train_test_frames:504 | Merge bitti -> Train: (1886, 31), Test: (1722, 31)
2025-12-22 05:13:15 | INFO     | veri_cek | add_weather_features:149 | 2 hava durumu kolonu bulundu: ['windspeed_10m_max', 'windgusts_10m_max']...
2025-12-22 05:13:15 | INFO     | veri_cek | add_weather_features:149 | 2 hava durumu kolonu bulundu: ['windspeed_10m_max', 'windgusts_10m_max']...
2025-12-22 05:13:15 | INFO     | veri_cek | add_weather_features:149 | 2 hava durumu kolonu bulundu: ['windspeed_10m_max', 'windgusts_10m_max']...
2025-12-22 05:13:15 | INFO     | veri_cek | add_weather_features:149 | 2 hava durumu kolonu bulundu: ['windspeed_10m_max', 'windgusts_10m_max']...
2025-12-22 05:13:15 | INFO     | veri_cek | add_weather_features:149 | 2 hava durumu kolonu bulundu: ['windspeed_10m_max', 'windgusts_10m_max']...
2025-12-22 05:13:15 | INFO     | veri_cek | add_weather_features:149 | 2 hava durumu kolonu bulundu: ['windspeed_10m_max', 'windgusts_10m_max']...
2025-12-22 05:13:15 | INFO     | veri_cek | add_population_features:190 | 1 nüfus kolonu bulundu: ['Nufus_Sayisi']...
2025-12-22 05:13:15 | INFO     | veri_cek | add_population_features:190 | 1 nüfus kolonu bulundu: ['Nufus_Sayisi']...
2025-12-22 05:13:15 | INFO     | veri_cek | add_population_features:190 | 1 nüfus kolonu bulundu: ['Nufus_Sayisi']...
2025-12-22 05:13:15 | INFO     | veri_cek | add_population_features:190 | 1 nüfus kolonu bulundu: ['Nufus_Sayisi']...
2025-12-22 05:13:15 | INFO     | veri_cek | add_population_features:190 | 1 nüfus kolonu bulundu: ['Nufus_Sayisi']...
2025-12-22 05:13:15 | INFO     | veri_cek | add_population_features:190 | 1 nüfus kolonu bulundu: ['Nufus_Sayisi']...
2025-12-22 05:13:16 | INFO     | veri_cek | add_weather_features:149 | 2 hava durumu kolonu bulundu: ['windspeed_10m_max', 'windgusts_10m_max']...
2025-12-22 05:13:16 | INFO     | veri_cek | add_weather_features:149 | 2 hava durumu kolonu bulundu: ['windspeed_10m_max', 'windgusts_10m_max']...
2025-12-22 05:13:16 | INFO     | veri_cek | add_weather_features:149 | 2 hava durumu kolonu bulundu: ['windspeed_10m_max', 'windgusts_10m_max']...
2025-12-22 05:13:16 | INFO     | veri_cek | add_weather_features:149 | 2 hava durumu kolonu bulundu: ['windspeed_10m_max', 'windgusts_10m_max']...
2025-12-22 05:13:16 | INFO     | veri_cek | add_weather_features:149 | 2 hava durumu kolonu bulundu: ['windspeed_10m_max', 'windgusts_10m_max']...
2025-12-22 05:13:16 | INFO     | veri_cek | add_weather_features:149 | 2 hava durumu kolonu bulundu: ['windspeed_10m_max', 'windgusts_10m_max']...
2025-12-22 05:13:16 | INFO     | veri_cek | add_population_features:190 | 1 nüfus kolonu bulundu: ['Nufus_Sayisi']...
2025-12-22 05:13:16 | INFO     | veri_cek | add_population_features:190 | 1 nüfus kolonu bulundu: ['Nufus_Sayisi']...
2025-12-22 05:13:16 | INFO     | veri_cek | add_population_features:190 | 1 nüfus kolonu bulundu: ['Nufus_Sayisi']...
2025-12-22 05:13:16 | INFO     | veri_cek | add_population_features:190 | 1 nüfus kolonu bulundu: ['Nufus_Sayisi']...
2025-12-22 05:13:16 | INFO     | veri_cek | add_population_features:190 | 1 nüfus kolonu bulundu: ['Nufus_Sayisi']...
2025-12-22 05:13:16 | INFO     | veri_cek | add_population_features:190 | 1 nüfus kolonu bulundu: ['Nufus_Sayisi']...
2025-12-22 05:13:17 | INFO     | veri_cek | fetch_tables:455 | Tablolar cache'den alındı.
2025-12-22 05:13:17 | INFO     | veri_cek | fetch_tables:455 | Tablolar cache'den alındı.
2025-12-22 05:13:17 | INFO     | veri_cek | build_train_test_frames:504 | Merge bitti -> Train: (1886, 31), Test: (1722, 31)
2025-12-22 05:13:17 | INFO     | veri_cek | build_train_test_frames:504 | Merge bitti -> Train: (1886, 31), Test: (1722, 31)
2025-12-22 05:13:17 | INFO     | veri_cek | add_weather_features:149 | 2 hava durumu kolonu bulundu: ['windspeed_10m_max', 'windgusts_10m_max']...
2025-12-22 05:13:17 | INFO     | veri_cek | add_weather_features:149 | 2 hava durumu kolonu bulundu: ['windspeed_10m_max', 'windgusts_10m_max']...
2025-12-22 05:13:17 | INFO     | veri_cek | add_population_features:190 | 1 nüfus kolonu bulundu: ['Nufus_Sayisi']...
2025-12-22 05:13:17 | INFO     | veri_cek | add_population_features:190 | 1 nüfus kolonu bulundu: ['Nufus_Sayisi']...
2025-12-22 05:13:17 | INFO     | veri_cek | add_weather_features:149 | 2 hava durumu kolonu bulundu: ['windspeed_10m_max', 'windgusts_10m_max']...
2025-12-22 05:13:17 | INFO     | veri_cek | add_weather_features:149 | 2 hava durumu kolonu bulundu: ['windspeed_10m_max', 'windgusts_10m_max']...
2025-12-22 05:13:18 | INFO     | veri_cek | add_population_features:190 | 1 nüfus kolonu bulundu: ['Nufus_Sayisi']...
2025-12-22 05:13:18 | INFO     | veri_cek | fetch_tables:455 | Tablolar cache'den alındı.
2025-12-22 05:13:18 | INFO     | veri_cek | add_population_features:190 | 1 nüfus kolonu bulundu: ['Nufus_Sayisi']...
2025-12-22 05:13:18 | INFO     | veri_cek | build_train_test_frames:504 | Merge bitti -> Train: (1886, 31), Test: (1722, 31)
2025-12-22 05:13:18 | INFO     | veri_cek | fetch_tables:455 | Tablolar cache'den alındı.
2025-12-22 05:13:18 | INFO     | veri_cek | build_train_test_frames:504 | Merge bitti -> Train: (1886, 31), Test: (1722, 31)
2025-12-22 05:13:18 | INFO     | veri_cek | add_weather_features:149 | 2 hava durumu kolonu bulundu: ['windspeed_10m_max', 'windgusts_10m_max']...
2025-12-22 05:13:18 | INFO     | veri_cek | add_population_features:190 | 1 nüfus kolonu bulundu: ['Nufus_Sayisi']...
2025-12-22 05:13:18 | INFO     | veri_cek | add_weather_features:149 | 2 hava durumu kolonu bulundu: ['windspeed_10m_max', 'windgusts_10m_max']...
2025-12-22 05:13:18 | INFO     | veri_cek | add_population_features:190 | 1 nüfus kolonu bulundu: ['Nufus_Sayisi']...
2025-12-22 05:13:18 | INFO     | veri_cek | add_weather_features:149 | 2 hava durumu kolonu bulundu: ['windspeed_10m_max', 'windgusts_10m_max']...
2025-12-22 05:13:18 | INFO     | veri_cek | add_population_features:190 | 1 nüfus kolonu bulundu: ['Nufus_Sayisi']...
2025-12-22 05:13:18 | INFO     | veri_cek | add_weather_features:149 | 2 hava durumu kolonu bulundu: ['windspeed_10m_max', 'windgusts_10m_max']...
2025-12-22 05:13:18 | INFO     | veri_cek | add_population_features:190 | 1 nüfus kolonu bulundu: ['Nufus_Sayisi']...
2025-12-22 05:26:35 | INFO     | veri_cek | fetch_tables:455 | Tablolar cache'den alındı.
2025-12-22 05:26:35 | INFO     | veri_cek | fetch_tables:455 | Tablolar cache'den alındı.
2025-12-22 05:26:35 | INFO     | veri_cek | fetch_tables:455 | Tablolar cache'den alındı.
2025-12-22 05:26:35 | INFO     | veri_cek | fetch_tables:455 | Tablolar cache'den alındı.
2025-12-22 05:26:35 | INFO     | veri_cek | fetch_tables:455 | Tablolar cache'den alındı.
2025-12-22 05:26:35 | INFO     | veri_cek | fetch_tables:455 | Tablolar cache'den alındı.
2025-12-22 05:26:36 | INFO     | veri_cek | build_train_test_frames:504 | Merge bitti -> Train: (1886, 31), Test: (1722, 31)
2025-12-22 05:26:36 | INFO     | veri_cek | build_train_test_frames:504 | Merge bitti -> Train: (1886, 31), Test: (1722, 31)
2025-12-22 05:26:36 | INFO     | veri_cek | build_train_test_frames:504 | Merge bitti -> Train: (1886, 31), Test: (1722, 31)
2025-12-22 05:26:36 | INFO     | veri_cek | build_train_test_frames:504 | Merge bitti -> Train: (1886, 31), Test: (1722, 31)
2025-12-22 05:26:36 | INFO     | veri_cek | build_train_test_frames:504 | Merge bitti -> Train: (1886, 31), Test: (1722, 31)
2025-12-22 05:26:36 | INFO     | veri_cek | build_train_test_frames:504 | Merge bitti -> Train: (1886, 31), Test: (1722, 31)
2025-12-22 05:26:37 | INFO     | veri_cek | add_weather_features:149 | 2 hava durumu kolonu bulundu: ['windspeed_10m_max', 'windgusts_10m_max']...
2025-12-22 05:26:37 | INFO     | veri_cek | add_weather_features:149 | 2 hava durumu kolonu bulundu: ['windspeed_10m_max', 'windgusts_10m_max']...
2025-12-22 05:26:37 | INFO     | veri_cek | add_weather_features:149 | 2 hava durumu kolonu bulundu: ['windspeed_10m_max', 'windgusts_10m_max']...
2025-12-22 05:26:37 | INFO     | veri_cek | add_weather_features:149 | 2 hava durumu kolonu bulundu: ['windspeed_10m_max', 'windgusts_10m_max']...
2025-12-22 05:26:37 | INFO     | veri_cek | add_weather_features:149 | 2 hava durumu kolonu bulundu: ['windspeed_10m_max', 'windgusts_10m_max']...
2025-12-22 05:26:37 | INFO     | veri_cek | add_weather_features:149 | 2 hava durumu kolonu bulundu: ['windspeed_10m_max', 'windgusts_10m_max']...
2025-12-22 05:26:37 | INFO     | veri_cek | add_population_features:190 | 1 nüfus kolonu bulundu: ['Nufus_Sayisi']...
2025-12-22 05:26:37 | INFO     | veri_cek | add_population_features:190 | 1 nüfus kolonu bulundu: ['Nufus_Sayisi']...
2025-12-22 05:26:37 | INFO     | veri_cek | add_population_features:190 | 1 nüfus kolonu bulundu: ['Nufus_Sayisi']...
2025-12-22 05:26:37 | INFO     | veri_cek | add_population_features:190 | 1 nüfus kolonu bulundu: ['Nufus_Sayisi']...
2025-12-22 05:26:37 | INFO     | veri_cek | add_population_features:190 | 1 nüfus kolonu bulundu: ['Nufus_Sayisi']...
2025-12-22 05:26:37 | INFO     | veri_cek | add_population_features:190 | 1 nüfus kolonu bulundu: ['Nufus_Sayisi']...
2025-12-22 05:26:38 | INFO     | veri_cek | add_weather_features:149 | 2 hava durumu kolonu bulundu: ['windspeed_10m_max', 'windgusts_10m_max']...
2025-12-22 05:26:38 | INFO     | veri_cek | add_weather_features:149 | 2 hava durumu kolonu bulundu: ['windspeed_10m_max', 'windgusts_10m_max']...
2025-12-22 05:26:38 | INFO     | veri_cek | add_weather_features:149 | 2 hava durumu kolonu bulundu: ['windspeed_10m_max', 'windgusts_10m_max']...
2025-12-22 05:26:38 | INFO     | veri_cek | add_weather_features:149 | 2 hava durumu kolonu bulundu: ['windspeed_10m_max', 'windgusts_10m_max']...
2025-12-22 05:26:38 | INFO     | veri_cek | add_weather_features:149 | 2 hava durumu kolonu bulundu: ['windspeed_10m_max', 'windgusts_10m_max']...
2025-12-22 05:26:38 | INFO     | veri_cek | add_weather_features:149 | 2 hava durumu kolonu bulundu: ['windspeed_10m_max', 'windgusts_10m_max']...
2025-12-22 05:26:38 | INFO     | veri_cek | add_population_features:190 | 1 nüfus kolonu bulundu: ['Nufus_Sayisi']...
2025-12-22 05:26:38 | INFO     | veri_cek | add_population_features:190 | 1 nüfus kolonu bulundu: ['Nufus_Sayisi']...
2025-12-22 05:26:39 | INFO     | veri_cek | add_population_features:190 | 1 nüfus kolonu bulundu: ['Nufus_Sayisi']...
2025-12-22 05:26:39 | INFO     | veri_cek | add_population_features:190 | 1 nüfus kolonu bulundu: ['Nufus_Sayisi']...
2025-12-22 05:26:39 | INFO     | veri_cek | fetch_tables:455 | Tablolar cache'den alındı.
2025-12-22 05:26:39 | INFO     | veri_cek | add_population_features:190 | 1 nüfus kolonu bulundu: ['Nufus_Sayisi']...
2025-12-22 05:26:39 | INFO     | veri_cek | fetch_tables:455 | Tablolar cache'den alındı.
2025-12-22 05:26:39 | INFO     | veri_cek | add_population_features:190 | 1 nüfus kolonu bulundu: ['Nufus_Sayisi']...
2025-12-22 05:26:39 | INFO     | veri_cek | fetch_tables:455 | Tablolar cache'den alındı.
2025-12-22 05:26:39 | INFO     | veri_cek | fetch_tables:455 | Tablolar cache'den alındı.
2025-12-22 05:26:39 | INFO     | veri_cek | fetch_tables:455 | Tablolar cache'den alındı.
2025-12-22 05:26:39 | INFO     | veri_cek | fetch_tables:455 | Tablolar cache'den alındı.
2025-12-22 05:26:39 | INFO     | veri_cek | build_train_test_frames:504 | Merge bitti -> Train: (1886, 31), Test: (1722, 31)
2025-12-22 05:26:39 | INFO     | veri_cek | build_train_test_frames:504 | Merge bitti -> Train: (1886, 31), Test: (1722, 31)
2025-12-22 05:26:39 | INFO     | veri_cek | build_train_test_frames:504 | Merge bitti -> Train: (1886, 31), Test: (1722, 31)
2025-12-22 05:26:39 | INFO     | veri_cek | build_train_test_frames:504 | Merge bitti -> Train: (1886, 31), Test: (1722, 31)
2025-12-22 05:26:39 | INFO     | veri_cek | build_train_test_frames:504 | Merge bitti -> Train: (1886, 31), Test: (1722, 31)
2025-12-22 05:26:39 | INFO     | veri_cek | build_train_test_frames:504 | Merge bitti -> Train: (1886, 31), Test: (1722, 31)
2025-12-22 05:26:40 | INFO     | veri_cek | add_weather_features:149 | 2 hava durumu kolonu bulundu: ['windspeed_10m_max', 'windgusts_10m_max']...
2025-12-22 05:26:40 | INFO     | veri_cek | add_weather_features:149 | 2 hava durumu kolonu bulundu: ['windspeed_10m_max', 'windgusts_10m_max']...
2025-12-22 05:26:40 | INFO     | veri_cek | add_weather_features:149 | 2 hava durumu kolonu bulundu: ['windspeed_10m_max', 'windgusts_10m_max']...
2025-12-22 05:26:40 | INFO     | veri_cek | add_weather_features:149 | 2 hava durumu kolonu bulundu: ['windspeed_10m_max', 'windgusts_10m_max']...
2025-12-22 05:26:40 | INFO     | veri_cek | add_weather_features:149 | 2 hava durumu kolonu bulundu: ['windspeed_10m_max', 'windgusts_10m_max']...
2025-12-22 05:26:40 | INFO     | veri_cek | add_weather_features:149 | 2 hava durumu kolonu bulundu: ['windspeed_10m_max', 'windgusts_10m_max']...
2025-12-22 05:26:40 | INFO     | veri_cek | add_population_features:190 | 1 nüfus kolonu bulundu: ['Nufus_Sayisi']...
2025-12-22 05:26:40 | INFO     | veri_cek | add_population_features:190 | 1 nüfus kolonu bulundu: ['Nufus_Sayisi']...
2025-12-22 05:26:40 | INFO     | veri_cek | add_population_features:190 | 1 nüfus kolonu bulundu: ['Nufus_Sayisi']...
2025-12-22 05:26:40 | INFO     | veri_cek | add_population_features:190 | 1 nüfus kolonu bulundu: ['Nufus_Sayisi']...
2025-12-22 05:26:40 | INFO     | veri_cek | add_population_features:190 | 1 nüfus kolonu bulundu: ['Nufus_Sayisi']...
2025-12-22 05:26:40 | INFO     | veri_cek | add_population_features:190 | 1 nüfus kolonu bulundu: ['Nufus_Sayisi']...
2025-12-22 05:26:41 | INFO     | veri_cek | add_weather_features:149 | 2 hava durumu kolonu bulundu: ['windspeed_10m_max', 'windgusts_10m_max']...
2025-12-22 05:26:41 | INFO     | veri_cek | add_weather_features:149 | 2 hava durumu kolonu bulundu: ['windspeed_10m_max', 'windgusts_10m_max']...
2025-12-22 05:26:41 | INFO     | veri_cek | add_weather_features:149 | 2 hava durumu kolonu bulundu: ['windspeed_10m_max', 'windgusts_10m_max']...
2025-12-22 05:26:41 | INFO     | veri_cek | add_weather_features:149 | 2 hava durumu kolonu bulundu: ['windspeed_10m_max', 'windgusts_10m_max']...
2025-12-22 05:26:41 | INFO     | veri_cek | add_weather_features:149 | 2 hava durumu kolonu bulundu: ['windspeed_10m_max', 'windgusts_10m_max']...
2025-12-22 05:26:41 | INFO     | veri_cek | add_weather_features:149 | 2 hava durumu kolonu bulundu: ['windspeed_10m_max', 'windgusts_10m_max']...
2025-12-22 05:26:41 | INFO     | veri_cek | add_population_features:190 | 1 nüfus kolonu bulundu: ['Nufus_Sayisi']...
2025-12-22 05:26:41 | INFO     | veri_cek | add_population_features:190 | 1 nüfus kolonu bulundu: ['Nufus_Sayisi']...
2025-12-22 05:26:41 | INFO     | veri_cek | add_population_features:190 | 1 nüfus kolonu bulundu: ['Nufus_Sayisi']...
2025-12-22 05:26:41 | INFO     | veri_cek | add_population_features:190 | 1 nüfus kolonu bulundu: ['Nufus_Sayisi']...
2025-12-22 05:26:42 | INFO     | veri_cek | add_population_features:190 | 1 nüfus kolonu bulundu: ['Nufus_Sayisi']...
2025-12-22 05:26:42 | INFO     | veri_cek | add_population_features:190 | 1 nüfus kolonu bulundu: ['Nufus_Sayisi']...
2025-12-22 05:26:42 | INFO     | veri_cek | fetch_tables:455 | Tablolar cache'den alındı.
2025-12-22 05:26:42 | INFO     | veri_cek | fetch_tables:455 | Tablolar cache'den alındı.
2025-12-22 05:26:43 | INFO     | veri_cek | build_train_test_frames:504 | Merge bitti -> Train: (1886, 31), Test: (1722, 31)
2025-12-22 05:26:43 | INFO     | veri_cek | build_train_test_frames:504 | Merge bitti -> Train: (1886, 31), Test: (1722, 31)
2025-12-22 05:26:43 | INFO     | veri_cek | add_weather_features:149 | 2 hava durumu kolonu bulundu: ['windspeed_10m_max', 'windgusts_10m_max']...
2025-12-22 05:26:43 | INFO     | veri_cek | add_weather_features:149 | 2 hava durumu kolonu bulundu: ['windspeed_10m_max', 'windgusts_10m_max']...
2025-12-22 05:26:43 | INFO     | veri_cek | add_population_features:190 | 1 nüfus kolonu bulundu: ['Nufus_Sayisi']...
2025-12-22 05:26:43 | INFO     | veri_cek | add_population_features:190 | 1 nüfus kolonu bulundu: ['Nufus_Sayisi']...
2025-12-22 05:26:43 | INFO     | veri_cek | add_weather_features:149 | 2 hava durumu kolonu bulundu: ['windspeed_10m_max', 'windgusts_10m_max']...
2025-12-22 05:26:43 | INFO     | veri_cek | add_weather_features:149 | 2 hava durumu kolonu bulundu: ['windspeed_10m_max', 'windgusts_10m_max']...
2025-12-22 05:26:43 | INFO     | veri_cek | add_population_features:190 | 1 nüfus kolonu bulundu: ['Nufus_Sayisi']...
2025-12-22 05:26:43 | INFO     | veri_cek | add_population_features:190 | 1 nüfus kolonu bulundu: ['Nufus_Sayisi']...
2025-12-22 05:26:43 | INFO     | veri_cek | fetch_tables:455 | Tablolar cache'den alındı.
2025-12-22 05:26:43 | INFO     | veri_cek | fetch_tables:455 | Tablolar cache'den alındı.
2025-12-22 05:26:43 | INFO     | veri_cek | build_train_test_frames:504 | Merge bitti -> Train: (1886, 31), Test: (1722, 31)
2025-12-22 05:26:43 | INFO     | veri_cek | build_train_test_frames:504 | Merge bitti -> Train: (1886, 31), Test: (1722, 31)
2025-12-22 05:26:44 | INFO     | veri_cek | add_weather_features:149 | 2 hava durumu kolonu bulundu: ['windspeed_10m_max', 'windgusts_10m_max']...
2025-12-22 05:26:44 | INFO     | veri_cek | add_weather_features:149 | 2 hava durumu kolonu bulundu: ['windspeed_10m_max', 'windgusts_10m_max']...
2025-12-22 05:26:44 | INFO     | veri_cek | add_population_features:190 | 1 nüfus kolonu bulundu: ['Nufus_Sayisi']...
2025-12-22 05:26:44 | INFO     | veri_cek | add_population_features:190 | 1 nüfus kolonu bulundu: ['Nufus_Sayisi']...
2025-12-22 05:26:44 | INFO     | veri_cek | add_weather_features:149 | 2 hava durumu kolonu bulundu: ['windspeed_10m_max', 'windgusts_10m_max']...
2025-12-22 05:26:44 | INFO     | veri_cek | add_weather_features:149 | 2 hava durumu kolonu bulundu: ['windspeed_10m_max', 'windgusts_10m_max']...
2025-12-22 05:26:44 | INFO     | veri_cek | add_population_features:190 | 1 nüfus kolonu bulundu: ['Nufus_Sayisi']...
2025-12-22 05:26:44 | INFO     | veri_cek | add_population_features:190 | 1 nüfus kolonu bulundu: ['Nufus_Sayisi']...
2025-12-22 05:31:05 | INFO     | veri_cek | fetch_tables:455 | Tablolar cache'den alındı.
2025-12-22 05:31:05 | INFO     | veri_cek | fetch_tables:455 | Tablolar cache'den alındı.
2025-12-22 05:31:05 | INFO     | veri_cek | fetch_tables:455 | Tablolar cache'den alındı.
2025-12-22 05:31:05 | INFO     | veri_cek | fetch_tables:455 | Tablolar cache'den alındı.
2025-12-22 05:31:05 | INFO     | veri_cek | fetch_tables:455 | Tablolar cache'den alındı.
2025-12-22 05:31:05 | INFO     | veri_cek | fetch_tables:455 | Tablolar cache'den alındı.
2025-12-22 05:31:06 | INFO     | veri_cek | build_train_test_frames:504 | Merge bitti -> Train: (1886, 31), Test: (1722, 31)
2025-12-22 05:31:06 | INFO     | veri_cek | build_train_test_frames:504 | Merge bitti -> Train: (1886, 31), Test: (1722, 31)
2025-12-22 05:31:06 | INFO     | veri_cek | build_train_test_frames:504 | Merge bitti -> Train: (1886, 31), Test: (1722, 31)
2025-12-22 05:31:06 | INFO     | veri_cek | build_train_test_frames:504 | Merge bitti -> Train: (1886, 31), Test: (1722, 31)
2025-12-22 05:31:06 | INFO     | veri_cek | build_train_test_frames:504 | Merge bitti -> Train: (1886, 31), Test: (1722, 31)
2025-12-22 05:31:06 | INFO     | veri_cek | build_train_test_frames:504 | Merge bitti -> Train: (1886, 31), Test: (1722, 31)
2025-12-22 05:31:06 | INFO     | veri_cek | add_weather_features:149 | 2 hava durumu kolonu bulundu: ['windspeed_10m_max', 'windgusts_10m_max']...
2025-12-22 05:31:06 | INFO     | veri_cek | add_weather_features:149 | 2 hava durumu kolonu bulundu: ['windspeed_10m_max', 'windgusts_10m_max']...
2025-12-22 05:31:06 | INFO     | veri_cek | add_weather_features:149 | 2 hava durumu kolonu bulundu: ['windspeed_10m_max', 'windgusts_10m_max']...
2025-12-22 05:31:06 | INFO     | veri_cek | add_weather_features:149 | 2 hava durumu kolonu bulundu: ['windspeed_10m_max', 'windgusts_10m_max']...
2025-12-22 05:31:06 | INFO     | veri_cek | add_weather_features:149 | 2 hava durumu kolonu bulundu: ['windspeed_10m_max', 'windgusts_10m_max']...
2025-12-22 05:31:06 | INFO     | veri_cek | add_weather_features:149 | 2 hava durumu kolonu bulundu: ['windspeed_10m_max', 'windgusts_10m_max']...
2025-12-22 05:31:06 | INFO     | veri_cek | add_population_features:190 | 1 nüfus kolonu bulundu: ['Nufus_Sayisi']...
2025-12-22 05:31:06 | INFO     | veri_cek | add_population_features:190 | 1 nüfus kolonu bulundu: ['Nufus_Sayisi']...
2025-12-22 05:31:06 | INFO     | veri_cek | add_population_features:190 | 1 nüfus kolonu bulundu: ['Nufus_Sayisi']...
2025-12-22 05:31:06 | INFO     | veri_cek | add_population_features:190 | 1 nüfus kolonu bulundu: ['Nufus_Sayisi']...
2025-12-22 05:31:06 | INFO     | veri_cek | add_population_features:190 | 1 nüfus kolonu bulundu: ['Nufus_Sayisi']...
2025-12-22 05:31:06 | INFO     | veri_cek | add_population_features:190 | 1 nüfus kolonu bulundu: ['Nufus_Sayisi']...
2025-12-22 05:31:07 | INFO     | veri_cek | add_weather_features:149 | 2 hava durumu kolonu bulundu: ['windspeed_10m_max', 'windgusts_10m_max']...
2025-12-22 05:31:07 | INFO     | veri_cek | add_weather_features:149 | 2 hava durumu kolonu bulundu: ['windspeed_10m_max', 'windgusts_10m_max']...
2025-12-22 05:31:07 | INFO     | veri_cek | add_weather_features:149 | 2 hava durumu kolonu bulundu: ['windspeed_10m_max', 'windgusts_10m_max']...
2025-12-22 05:31:07 | INFO     | veri_cek | add_weather_features:149 | 2 hava durumu kolonu bulundu: ['windspeed_10m_max', 'windgusts_10m_max']...
2025-12-22 05:31:07 | INFO     | veri_cek | add_weather_features:149 | 2 hava durumu kolonu bulundu: ['windspeed_10m_max', 'windgusts_10m_max']...
2025-12-22 05:31:07 | INFO     | veri_cek | add_weather_features:149 | 2 hava durumu kolonu bulundu: ['windspeed_10m_max', 'windgusts_10m_max']...
2025-12-22 05:31:07 | INFO     | veri_cek | add_population_features:190 | 1 nüfus kolonu bulundu: ['Nufus_Sayisi']...
2025-12-22 05:31:07 | INFO     | veri_cek | add_population_features:190 | 1 nüfus kolonu bulundu: ['Nufus_Sayisi']...
2025-12-22 05:31:07 | INFO     | veri_cek | fetch_tables:455 | Tablolar cache'den alındı.
2025-12-22 05:31:07 | INFO     | veri_cek | add_population_features:190 | 1 nüfus kolonu bulundu: ['Nufus_Sayisi']...
2025-12-22 05:31:07 | INFO     | veri_cek | add_population_features:190 | 1 nüfus kolonu bulundu: ['Nufus_Sayisi']...
2025-12-22 05:31:07 | INFO     | veri_cek | add_population_features:190 | 1 nüfus kolonu bulundu: ['Nufus_Sayisi']...
2025-12-22 05:31:08 | INFO     | veri_cek | fetch_tables:455 | Tablolar cache'den alındı.
2025-12-22 05:31:08 | INFO     | veri_cek | add_population_features:190 | 1 nüfus kolonu bulundu: ['Nufus_Sayisi']...
2025-12-22 05:31:08 | INFO     | veri_cek | fetch_tables:455 | Tablolar cache'den alındı.
2025-12-22 05:31:08 | INFO     | veri_cek | fetch_tables:455 | Tablolar cache'den alındı.
2025-12-22 05:31:08 | INFO     | veri_cek | fetch_tables:455 | Tablolar cache'den alındı.
2025-12-22 05:31:08 | INFO     | veri_cek | fetch_tables:455 | Tablolar cache'den alındı.
2025-12-22 05:31:08 | INFO     | veri_cek | build_train_test_frames:504 | Merge bitti -> Train: (1886, 31), Test: (1722, 31)
2025-12-22 05:31:08 | INFO     | veri_cek | build_train_test_frames:504 | Merge bitti -> Train: (1886, 31), Test: (1722, 31)
2025-12-22 05:31:08 | INFO     | veri_cek | build_train_test_frames:504 | Merge bitti -> Train: (1886, 31), Test: (1722, 31)
2025-12-22 05:31:08 | INFO     | veri_cek | build_train_test_frames:504 | Merge bitti -> Train: (1886, 31), Test: (1722, 31)
2025-12-22 05:31:08 | INFO     | veri_cek | build_train_test_frames:504 | Merge bitti -> Train: (1886, 31), Test: (1722, 31)
2025-12-22 05:31:08 | INFO     | veri_cek | build_train_test_frames:504 | Merge bitti -> Train: (1886, 31), Test: (1722, 31)
2025-12-22 05:31:09 | INFO     | veri_cek | add_weather_features:149 | 2 hava durumu kolonu bulundu: ['windspeed_10m_max', 'windgusts_10m_max']...
2025-12-22 05:31:09 | INFO     | veri_cek | add_weather_features:149 | 2 hava durumu kolonu bulundu: ['windspeed_10m_max', 'windgusts_10m_max']...
2025-12-22 05:31:09 | INFO     | veri_cek | add_weather_features:149 | 2 hava durumu kolonu bulundu: ['windspeed_10m_max', 'windgusts_10m_max']...
2025-12-22 05:31:09 | INFO     | veri_cek | add_weather_features:149 | 2 hava durumu kolonu bulundu: ['windspeed_10m_max', 'windgusts_10m_max']...
2025-12-22 05:31:09 | INFO     | veri_cek | add_weather_features:149 | 2 hava durumu kolonu bulundu: ['windspeed_10m_max', 'windgusts_10m_max']...
2025-12-22 05:31:09 | INFO     | veri_cek | add_weather_features:149 | 2 hava durumu kolonu bulundu: ['windspeed_10m_max', 'windgusts_10m_max']...
2025-12-22 05:31:09 | INFO     | veri_cek | add_population_features:190 | 1 nüfus kolonu bulundu: ['Nufus_Sayisi']...
2025-12-22 05:31:09 | INFO     | veri_cek | add_population_features:190 | 1 nüfus kolonu bulundu: ['Nufus_Sayisi']...
2025-12-22 05:31:09 | INFO     | veri_cek | add_population_features:190 | 1 nüfus kolonu bulundu: ['Nufus_Sayisi']...
2025-12-22 05:31:09 | INFO     | veri_cek | add_population_features:190 | 1 nüfus kolonu bulundu: ['Nufus_Sayisi']...
2025-12-22 05:31:09 | INFO     | veri_cek | add_population_features:190 | 1 nüfus kolonu bulundu: ['Nufus_Sayisi']...
2025-12-22 05:31:09 | INFO     | veri_cek | add_population_features:190 | 1 nüfus kolonu bulundu: ['Nufus_Sayisi']...
2025-12-22 05:31:10 | INFO     | veri_cek | add_weather_features:149 | 2 hava durumu kolonu bulundu: ['windspeed_10m_max', 'windgusts_10m_max']...
2025-12-22 05:31:10 | INFO     | veri_cek | add_weather_features:149 | 2 hava durumu kolonu bulundu: ['windspeed_10m_max', 'windgusts_10m_max']...
2025-12-22 05:31:10 | INFO     | veri_cek | add_weather_features:149 | 2 hava durumu kolonu bulundu: ['windspeed_10m_max', 'windgusts_10m_max']...
2025-12-22 05:31:10 | INFO     | veri_cek | add_weather_features:149 | 2 hava durumu kolonu bulundu: ['windspeed_10m_max', 'windgusts_10m_max']...
2025-12-22 05:31:10 | INFO     | veri_cek | add_weather_features:149 | 2 hava durumu kolonu bulundu: ['windspeed_10m_max', 'windgusts_10m_max']...
2025-12-22 05:31:10 | INFO     | veri_cek | add_weather_features:149 | 2 hava durumu kolonu bulundu: ['windspeed_10m_max', 'windgusts_10m_max']...
2025-12-22 05:31:10 | INFO     | veri_cek | add_population_features:190 | 1 nüfus kolonu bulundu: ['Nufus_Sayisi']...
2025-12-22 05:31:10 | INFO     | veri_cek | add_population_features:190 | 1 nüfus kolonu bulundu: ['Nufus_Sayisi']...
2025-12-22 05:31:10 | INFO     | veri_cek | add_population_features:190 | 1 nüfus kolonu bulundu: ['Nufus_Sayisi']...
2025-12-22 05:31:10 | INFO     | veri_cek | add_population_features:190 | 1 nüfus kolonu bulundu: ['Nufus_Sayisi']...
2025-12-22 05:31:10 | INFO     | veri_cek | add_population_features:190 | 1 nüfus kolonu bulundu: ['Nufus_Sayisi']...
2025-12-22 05:31:10 | INFO     | veri_cek | add_population_features:190 | 1 nüfus kolonu bulundu: ['Nufus_Sayisi']...
2025-12-22 05:31:11 | INFO     | veri_cek | fetch_tables:455 | Tablolar cache'den alındı.
2025-12-22 05:31:11 | INFO     | veri_cek | fetch_tables:455 | Tablolar cache'den alındı.
2025-12-22 05:31:11 | INFO     | veri_cek | build_train_test_frames:504 | Merge bitti -> Train: (1886, 31), Test: (1722, 31)
2025-12-22 05:31:11 | INFO     | veri_cek | build_train_test_frames:504 | Merge bitti -> Train: (1886, 31), Test: (1722, 31)
2025-12-22 05:31:11 | INFO     | veri_cek | add_weather_features:149 | 2 hava durumu kolonu bulundu: ['windspeed_10m_max', 'windgusts_10m_max']...
2025-12-22 05:31:11 | INFO     | veri_cek | add_weather_features:149 | 2 hava durumu kolonu bulundu: ['windspeed_10m_max', 'windgusts_10m_max']...
2025-12-22 05:31:11 | INFO     | veri_cek | add_population_features:190 | 1 nüfus kolonu bulundu: ['Nufus_Sayisi']...
2025-12-22 05:31:11 | INFO     | veri_cek | add_population_features:190 | 1 nüfus kolonu bulundu: ['Nufus_Sayisi']...
2025-12-22 05:31:11 | INFO     | veri_cek | add_weather_features:149 | 2 hava durumu kolonu bulundu: ['windspeed_10m_max', 'windgusts_10m_max']...
2025-12-22 05:31:11 | INFO     | veri_cek | add_weather_features:149 | 2 hava durumu kolonu bulundu: ['windspeed_10m_max', 'windgusts_10m_max']...
2025-12-22 05:31:11 | INFO     | veri_cek | add_population_features:190 | 1 nüfus kolonu bulundu: ['Nufus_Sayisi']...
2025-12-22 05:31:11 | INFO     | veri_cek | add_population_features:190 | 1 nüfus kolonu bulundu: ['Nufus_Sayisi']...
2025-12-22 05:31:11 | INFO     | veri_cek | fetch_tables:455 | Tablolar cache'den alındı.
2025-12-22 05:31:12 | INFO     | veri_cek | fetch_tables:455 | Tablolar cache'den alındı.
2025-12-22 05:31:12 | INFO     | veri_cek | build_train_test_frames:504 | Merge bitti -> Train: (1886, 31), Test: (1722, 31)
2025-12-22 05:31:12 | INFO     | veri_cek | build_train_test_frames:504 | Merge bitti -> Train: (1886, 31), Test: (1722, 31)
2025-12-22 05:31:12 | INFO     | veri_cek | add_weather_features:149 | 2 hava durumu kolonu bulundu: ['windspeed_10m_max', 'windgusts_10m_max']...
2025-12-22 05:31:12 | INFO     | veri_cek | add_weather_features:149 | 2 hava durumu kolonu bulundu: ['windspeed_10m_max', 'windgusts_10m_max']...
2025-12-22 05:31:12 | INFO     | veri_cek | add_population_features:190 | 1 nüfus kolonu bulundu: ['Nufus_Sayisi']...
2025-12-22 05:31:12 | INFO     | veri_cek | add_population_features:190 | 1 nüfus kolonu bulundu: ['Nufus_Sayisi']...
2025-12-22 05:31:12 | INFO     | veri_cek | add_weather_features:149 | 2 hava durumu kolonu bulundu: ['windspeed_10m_max', 'windgusts_10m_max']...
2025-12-22 05:31:12 | INFO     | veri_cek | add_weather_features:149 | 2 hava durumu kolonu bulundu: ['windspeed_10m_max', 'windgusts_10m_max']...
2025-12-22 05:31:12 | INFO     | veri_cek | add_population_features:190 | 1 nüfus kolonu bulundu: ['Nufus_Sayisi']...
2025-12-22 05:31:12 | INFO     | veri_cek | add_population_features:190 | 1 nüfus kolonu bulundu: ['Nufus_Sayisi']...
2025-12-22 05:32:19 | INFO     | veri_cek | fetch_tables:455 | Tablolar cache'den alındı.
2025-12-22 05:32:19 | INFO     | veri_cek | fetch_tables:455 | Tablolar cache'den alındı.
2025-12-22 05:32:19 | INFO     | veri_cek | fetch_tables:455 | Tablolar cache'den alındı.
2025-12-22 05:32:19 | INFO     | veri_cek | fetch_tables:455 | Tablolar cache'den alındı.
2025-12-22 05:32:19 | INFO     | veri_cek | fetch_tables:455 | Tablolar cache'den alındı.
2025-12-22 05:32:19 | INFO     | veri_cek | fetch_tables:455 | Tablolar cache'den alındı.
2025-12-22 05:32:20 | INFO     | veri_cek | build_train_test_frames:504 | Merge bitti -> Train: (1886, 31), Test: (1722, 31)
2025-12-22 05:32:20 | INFO     | veri_cek | build_train_test_frames:504 | Merge bitti -> Train: (1886, 31), Test: (1722, 31)
2025-12-22 05:32:20 | INFO     | veri_cek | build_train_test_frames:504 | Merge bitti -> Train: (1886, 31), Test: (1722, 31)
2025-12-22 05:32:20 | INFO     | veri_cek | build_train_test_frames:504 | Merge bitti -> Train: (1886, 31), Test: (1722, 31)
2025-12-22 05:32:20 | INFO     | veri_cek | build_train_test_frames:504 | Merge bitti -> Train: (1886, 31), Test: (1722, 31)
2025-12-22 05:32:20 | INFO     | veri_cek | build_train_test_frames:504 | Merge bitti -> Train: (1886, 31), Test: (1722, 31)
2025-12-22 05:32:21 | INFO     | veri_cek | add_weather_features:149 | 2 hava durumu kolonu bulundu: ['windspeed_10m_max', 'windgusts_10m_max']...
2025-12-22 05:32:21 | INFO     | veri_cek | add_weather_features:149 | 2 hava durumu kolonu bulundu: ['windspeed_10m_max', 'windgusts_10m_max']...
2025-12-22 05:32:21 | INFO     | veri_cek | add_weather_features:149 | 2 hava durumu kolonu bulundu: ['windspeed_10m_max', 'windgusts_10m_max']...
2025-12-22 05:32:21 | INFO     | veri_cek | add_weather_features:149 | 2 hava durumu kolonu bulundu: ['windspeed_10m_max', 'windgusts_10m_max']...
2025-12-22 05:32:21 | INFO     | veri_cek | add_weather_features:149 | 2 hava durumu kolonu bulundu: ['windspeed_10m_max', 'windgusts_10m_max']...
2025-12-22 05:32:21 | INFO     | veri_cek | add_weather_features:149 | 2 hava durumu kolonu bulundu: ['windspeed_10m_max', 'windgusts_10m_max']...
2025-12-22 05:32:21 | INFO     | veri_cek | add_population_features:190 | 1 nüfus kolonu bulundu: ['Nufus_Sayisi']...
2025-12-22 05:32:21 | INFO     | veri_cek | add_population_features:190 | 1 nüfus kolonu bulundu: ['Nufus_Sayisi']...
2025-12-22 05:32:22 | INFO     | veri_cek | add_population_features:190 | 1 nüfus kolonu bulundu: ['Nufus_Sayisi']...
2025-12-22 05:32:22 | INFO     | veri_cek | add_population_features:190 | 1 nüfus kolonu bulundu: ['Nufus_Sayisi']...
2025-12-22 05:32:22 | INFO     | veri_cek | add_population_features:190 | 1 nüfus kolonu bulundu: ['Nufus_Sayisi']...
2025-12-22 05:32:22 | INFO     | veri_cek | add_population_features:190 | 1 nüfus kolonu bulundu: ['Nufus_Sayisi']...
2025-12-22 05:32:23 | INFO     | veri_cek | add_weather_features:149 | 2 hava durumu kolonu bulundu: ['windspeed_10m_max', 'windgusts_10m_max']...
2025-12-22 05:32:23 | INFO     | veri_cek | add_weather_features:149 | 2 hava durumu kolonu bulundu: ['windspeed_10m_max', 'windgusts_10m_max']...
2025-12-22 05:32:23 | INFO     | veri_cek | add_weather_features:149 | 2 hava durumu kolonu bulundu: ['windspeed_10m_max', 'windgusts_10m_max']...
2025-12-22 05:32:23 | INFO     | veri_cek | add_weather_features:149 | 2 hava durumu kolonu bulundu: ['windspeed_10m_max', 'windgusts_10m_max']...
2025-12-22 05:32:23 | INFO     | veri_cek | add_weather_features:149 | 2 hava durumu kolonu bulundu: ['windspeed_10m_max', 'windgusts_10m_max']...
2025-12-22 05:32:23 | INFO     | veri_cek | add_weather_features:149 | 2 hava durumu kolonu bulundu: ['windspeed_10m_max', 'windgusts_10m_max']...
2025-12-22 05:32:23 | INFO     | veri_cek | add_population_features:190 | 1 nüfus kolonu bulundu: ['Nufus_Sayisi']...
2025-12-22 05:32:23 | INFO     | veri_cek | add_population_features:190 | 1 nüfus kolonu bulundu: ['Nufus_Sayisi']...
2025-12-22 05:32:23 | INFO     | veri_cek | add_population_features:190 | 1 nüfus kolonu bulundu: ['Nufus_Sayisi']...
2025-12-22 05:32:23 | INFO     | veri_cek | add_population_features:190 | 1 nüfus kolonu bulundu: ['Nufus_Sayisi']...
2025-12-22 05:32:23 | INFO     | veri_cek | add_population_features:190 | 1 nüfus kolonu bulundu: ['Nufus_Sayisi']...
2025-12-22 05:32:23 | INFO     | veri_cek | add_population_features:190 | 1 nüfus kolonu bulundu: ['Nufus_Sayisi']...
2025-12-22 05:32:23 | INFO     | veri_cek | fetch_tables:455 | Tablolar cache'den alındı.
2025-12-22 05:32:23 | INFO     | veri_cek | fetch_tables:455 | Tablolar cache'den alındı.
2025-12-22 05:32:23 | INFO     | veri_cek | fetch_tables:455 | Tablolar cache'den alındı.
2025-12-22 05:32:24 | INFO     | veri_cek | fetch_tables:455 | Tablolar cache'den alındı.
2025-12-22 05:32:24 | INFO     | veri_cek | fetch_tables:455 | Tablolar cache'den alındı.
2025-12-22 05:32:24 | INFO     | veri_cek | fetch_tables:455 | Tablolar cache'den alındı.
2025-12-22 05:32:24 | INFO     | veri_cek | build_train_test_frames:504 | Merge bitti -> Train: (1886, 31), Test: (1722, 31)
2025-12-22 05:32:24 | INFO     | veri_cek | build_train_test_frames:504 | Merge bitti -> Train: (1886, 31), Test: (1722, 31)
2025-12-22 05:32:24 | INFO     | veri_cek | build_train_test_frames:504 | Merge bitti -> Train: (1886, 31), Test: (1722, 31)
2025-12-22 05:32:24 | INFO     | veri_cek | build_train_test_frames:504 | Merge bitti -> Train: (1886, 31), Test: (1722, 31)
2025-12-22 05:32:24 | INFO     | veri_cek | build_train_test_frames:504 | Merge bitti -> Train: (1886, 31), Test: (1722, 31)
2025-12-22 05:32:24 | INFO     | veri_cek | build_train_test_frames:504 | Merge bitti -> Train: (1886, 31), Test: (1722, 31)
2025-12-22 05:32:25 | INFO     | veri_cek | add_weather_features:149 | 2 hava durumu kolonu bulundu: ['windspeed_10m_max', 'windgusts_10m_max']...
2025-12-22 05:32:25 | INFO     | veri_cek | add_weather_features:149 | 2 hava durumu kolonu bulundu: ['windspeed_10m_max', 'windgusts_10m_max']...
2025-12-22 05:32:25 | INFO     | veri_cek | add_weather_features:149 | 2 hava durumu kolonu bulundu: ['windspeed_10m_max', 'windgusts_10m_max']...
2025-12-22 05:32:25 | INFO     | veri_cek | add_weather_features:149 | 2 hava durumu kolonu bulundu: ['windspeed_10m_max', 'windgusts_10m_max']...
2025-12-22 05:32:25 | INFO     | veri_cek | add_weather_features:149 | 2 hava durumu kolonu bulundu: ['windspeed_10m_max', 'windgusts_10m_max']...
2025-12-22 05:32:25 | INFO     | veri_cek | add_weather_features:149 | 2 hava durumu kolonu bulundu: ['windspeed_10m_max', 'windgusts_10m_max']...
2025-12-22 05:32:25 | INFO     | veri_cek | add_population_features:190 | 1 nüfus kolonu bulundu: ['Nufus_Sayisi']...
2025-12-22 05:32:25 | INFO     | veri_cek | add_population_features:190 | 1 nüfus kolonu bulundu: ['Nufus_Sayisi']...
2025-12-22 05:32:25 | INFO     | veri_cek | add_population_features:190 | 1 nüfus kolonu bulundu: ['Nufus_Sayisi']...
2025-12-22 05:32:25 | INFO     | veri_cek | add_population_features:190 | 1 nüfus kolonu bulundu: ['Nufus_Sayisi']...
2025-12-22 05:32:25 | INFO     | veri_cek | add_population_features:190 | 1 nüfus kolonu bulundu: ['Nufus_Sayisi']...
2025-12-22 05:32:25 | INFO     | veri_cek | add_population_features:190 | 1 nüfus kolonu bulundu: ['Nufus_Sayisi']...
2025-12-22 05:32:27 | INFO     | veri_cek | add_weather_features:149 | 2 hava durumu kolonu bulundu: ['windspeed_10m_max', 'windgusts_10m_max']...
2025-12-22 05:32:27 | INFO     | veri_cek | add_weather_features:149 | 2 hava durumu kolonu bulundu: ['windspeed_10m_max', 'windgusts_10m_max']...
2025-12-22 05:32:27 | INFO     | veri_cek | add_weather_features:149 | 2 hava durumu kolonu bulundu: ['windspeed_10m_max', 'windgusts_10m_max']...
2025-12-22 05:32:27 | INFO     | veri_cek | add_weather_features:149 | 2 hava durumu kolonu bulundu: ['windspeed_10m_max', 'windgusts_10m_max']...
2025-12-22 05:32:27 | INFO     | veri_cek | add_weather_features:149 | 2 hava durumu kolonu bulundu: ['windspeed_10m_max', 'windgusts_10m_max']...
2025-12-22 05:32:27 | INFO     | veri_cek | add_weather_features:149 | 2 hava durumu kolonu bulundu: ['windspeed_10m_max', 'windgusts_10m_max']...
2025-12-22 05:32:27 | INFO     | veri_cek | add_population_features:190 | 1 nüfus kolonu bulundu: ['Nufus_Sayisi']...
2025-12-22 05:32:27 | INFO     | veri_cek | add_population_features:190 | 1 nüfus kolonu bulundu: ['Nufus_Sayisi']...
2025-12-22 05:32:27 | INFO     | veri_cek | add_population_features:190 | 1 nüfus kolonu bulundu: ['Nufus_Sayisi']...
2025-12-22 05:32:27 | INFO     | veri_cek | add_population_features:190 | 1 nüfus kolonu bulundu: ['Nufus_Sayisi']...
2025-12-22 05:32:27 | INFO     | veri_cek | add_population_features:190 | 1 nüfus kolonu bulundu: ['Nufus_Sayisi']...
2025-12-22 05:32:27 | INFO     | veri_cek | add_population_features:190 | 1 nüfus kolonu bulundu: ['Nufus_Sayisi']...
2025-12-22 05:32:29 | INFO     | veri_cek | fetch_tables:455 | Tablolar cache'den alındı.
2025-12-22 05:32:29 | INFO     | veri_cek | fetch_tables:455 | Tablolar cache'den alındı.
2025-12-22 05:32:29 | INFO     | veri_cek | build_train_test_frames:504 | Merge bitti -> Train: (1886, 31), Test: (1722, 31)
2025-12-22 05:32:29 | INFO     | veri_cek | build_train_test_frames:504 | Merge bitti -> Train: (1886, 31), Test: (1722, 31)
2025-12-22 05:32:29 | INFO     | veri_cek | add_weather_features:149 | 2 hava durumu kolonu bulundu: ['windspeed_10m_max', 'windgusts_10m_max']...
2025-12-22 05:32:29 | INFO     | veri_cek | add_weather_features:149 | 2 hava durumu kolonu bulundu: ['windspeed_10m_max', 'windgusts_10m_max']...
2025-12-22 05:32:29 | INFO     | veri_cek | add_population_features:190 | 1 nüfus kolonu bulundu: ['Nufus_Sayisi']...
2025-12-22 05:32:29 | INFO     | veri_cek | add_population_features:190 | 1 nüfus kolonu bulundu: ['Nufus_Sayisi']...
2025-12-22 05:32:29 | INFO     | veri_cek | add_weather_features:149 | 2 hava durumu kolonu bulundu: ['windspeed_10m_max', 'windgusts_10m_max']...
2025-12-22 05:32:29 | INFO     | veri_cek | add_weather_features:149 | 2 hava durumu kolonu bulundu: ['windspeed_10m_max', 'windgusts_10m_max']...
2025-12-22 05:32:30 | INFO     | veri_cek | add_population_features:190 | 1 nüfus kolonu bulundu: ['Nufus_Sayisi']...
2025-12-22 05:32:30 | INFO     | veri_cek | add_population_features:190 | 1 nüfus kolonu bulundu: ['Nufus_Sayisi']...
2025-12-22 05:32:30 | INFO     | veri_cek | fetch_tables:455 | Tablolar cache'den alındı.
2025-12-22 05:32:30 | INFO     | veri_cek | fetch_tables:455 | Tablolar cache'den alındı.
2025-12-22 05:32:30 | INFO     | veri_cek | build_train_test_frames:504 | Merge bitti -> Train: (1886, 31), Test: (1722, 31)
2025-12-22 05:32:30 | INFO     | veri_cek | build_train_test_frames:504 | Merge bitti -> Train: (1886, 31), Test: (1722, 31)
2025-12-22 05:32:30 | INFO     | veri_cek | add_weather_features:149 | 2 hava durumu kolonu bulundu: ['windspeed_10m_max', 'windgusts_10m_max']...
2025-12-22 05:32:30 | INFO     | veri_cek | add_weather_features:149 | 2 hava durumu kolonu bulundu: ['windspeed_10m_max', 'windgusts_10m_max']...
2025-12-22 05:32:30 | INFO     | veri_cek | add_population_features:190 | 1 nüfus kolonu bulundu: ['Nufus_Sayisi']...
2025-12-22 05:32:30 | INFO     | veri_cek | add_population_features:190 | 1 nüfus kolonu bulundu: ['Nufus_Sayisi']...
2025-12-22 05:32:31 | INFO     | veri_cek | add_weather_features:149 | 2 hava durumu kolonu bulundu: ['windspeed_10m_max', 'windgusts_10m_max']...
2025-12-22 05:32:31 | INFO     | veri_cek | add_weather_features:149 | 2 hava durumu kolonu bulundu: ['windspeed_10m_max', 'windgusts_10m_max']...
2025-12-22 05:32:31 | INFO     | veri_cek | add_population_features:190 | 1 nüfus kolonu bulundu: ['Nufus_Sayisi']...
2025-12-22 05:32:31 | INFO     | veri_cek | add_population_features:190 | 1 nüfus kolonu bulundu: ['Nufus_Sayisi']...
2025-12-22 05:33:35 | INFO     | veri_cek | fetch_tables:455 | Tablolar cache'den alındı.
2025-12-22 05:33:35 | INFO     | veri_cek | fetch_tables:455 | Tablolar cache'den alındı.
2025-12-22 05:33:35 | INFO     | veri_cek | fetch_tables:455 | Tablolar cache'den alındı.
2025-12-22 05:33:35 | INFO     | veri_cek | fetch_tables:455 | Tablolar cache'den alındı.
2025-12-22 05:33:35 | INFO     | veri_cek | fetch_tables:455 | Tablolar cache'den alındı.
2025-12-22 05:33:35 | INFO     | veri_cek | fetch_tables:455 | Tablolar cache'den alındı.
2025-12-22 05:33:36 | INFO     | veri_cek | build_train_test_frames:504 | Merge bitti -> Train: (1886, 31), Test: (1722, 31)
2025-12-22 05:33:36 | INFO     | veri_cek | build_train_test_frames:504 | Merge bitti -> Train: (1886, 31), Test: (1722, 31)
2025-12-22 05:33:36 | INFO     | veri_cek | build_train_test_frames:504 | Merge bitti -> Train: (1886, 31), Test: (1722, 31)
2025-12-22 05:33:36 | INFO     | veri_cek | build_train_test_frames:504 | Merge bitti -> Train: (1886, 31), Test: (1722, 31)
2025-12-22 05:33:36 | INFO     | veri_cek | build_train_test_frames:504 | Merge bitti -> Train: (1886, 31), Test: (1722, 31)
2025-12-22 05:33:36 | INFO     | veri_cek | build_train_test_frames:504 | Merge bitti -> Train: (1886, 31), Test: (1722, 31)
2025-12-22 05:33:36 | INFO     | veri_cek | add_weather_features:149 | 2 hava durumu kolonu bulundu: ['windspeed_10m_max', 'windgusts_10m_max']...
2025-12-22 05:33:36 | INFO     | veri_cek | add_weather_features:149 | 2 hava durumu kolonu bulundu: ['windspeed_10m_max', 'windgusts_10m_max']...
2025-12-22 05:33:36 | INFO     | veri_cek | add_weather_features:149 | 2 hava durumu kolonu bulundu: ['windspeed_10m_max', 'windgusts_10m_max']...
2025-12-22 05:33:36 | INFO     | veri_cek | add_weather_features:149 | 2 hava durumu kolonu bulundu: ['windspeed_10m_max', 'windgusts_10m_max']...
2025-12-22 05:33:36 | INFO     | veri_cek | add_weather_features:149 | 2 hava durumu kolonu bulundu: ['windspeed_10m_max', 'windgusts_10m_max']...
2025-12-22 05:33:36 | INFO     | veri_cek | add_weather_features:149 | 2 hava durumu kolonu bulundu: ['windspeed_10m_max', 'windgusts_10m_max']...
2025-12-22 05:33:36 | INFO     | veri_cek | add_population_features:190 | 1 nüfus kolonu bulundu: ['Nufus_Sayisi']...
2025-12-22 05:33:36 | INFO     | veri_cek | add_population_features:190 | 1 nüfus kolonu bulundu: ['Nufus_Sayisi']...
2025-12-22 05:33:36 | INFO     | veri_cek | add_population_features:190 | 1 nüfus kolonu bulundu: ['Nufus_Sayisi']...
2025-12-22 05:33:36 | INFO     | veri_cek | add_population_features:190 | 1 nüfus kolonu bulundu: ['Nufus_Sayisi']...
2025-12-22 05:33:36 | INFO     | veri_cek | add_population_features:190 | 1 nüfus kolonu bulundu: ['Nufus_Sayisi']...
2025-12-22 05:33:36 | INFO     | veri_cek | add_population_features:190 | 1 nüfus kolonu bulundu: ['Nufus_Sayisi']...
2025-12-22 05:33:37 | INFO     | veri_cek | add_weather_features:149 | 2 hava durumu kolonu bulundu: ['windspeed_10m_max', 'windgusts_10m_max']...
2025-12-22 05:33:37 | INFO     | veri_cek | add_weather_features:149 | 2 hava durumu kolonu bulundu: ['windspeed_10m_max', 'windgusts_10m_max']...
2025-12-22 05:33:37 | INFO     | veri_cek | add_weather_features:149 | 2 hava durumu kolonu bulundu: ['windspeed_10m_max', 'windgusts_10m_max']...
2025-12-22 05:33:37 | INFO     | veri_cek | add_weather_features:149 | 2 hava durumu kolonu bulundu: ['windspeed_10m_max', 'windgusts_10m_max']...
2025-12-22 05:33:37 | INFO     | veri_cek | add_weather_features:149 | 2 hava durumu kolonu bulundu: ['windspeed_10m_max', 'windgusts_10m_max']...
2025-12-22 05:33:37 | INFO     | veri_cek | add_weather_features:149 | 2 hava durumu kolonu bulundu: ['windspeed_10m_max', 'windgusts_10m_max']...
2025-12-22 05:33:37 | INFO     | veri_cek | add_population_features:190 | 1 nüfus kolonu bulundu: ['Nufus_Sayisi']...
2025-12-22 05:33:37 | INFO     | veri_cek | add_population_features:190 | 1 nüfus kolonu bulundu: ['Nufus_Sayisi']...
2025-12-22 05:33:37 | INFO     | veri_cek | add_population_features:190 | 1 nüfus kolonu bulundu: ['Nufus_Sayisi']...
2025-12-22 05:33:37 | INFO     | veri_cek | add_population_features:190 | 1 nüfus kolonu bulundu: ['Nufus_Sayisi']...
2025-12-22 05:33:37 | INFO     | veri_cek | add_population_features:190 | 1 nüfus kolonu bulundu: ['Nufus_Sayisi']...
2025-12-22 05:33:37 | INFO     | veri_cek | fetch_tables:455 | Tablolar cache'den alındı.
2025-12-22 05:33:37 | INFO     | veri_cek | add_population_features:190 | 1 nüfus kolonu bulundu: ['Nufus_Sayisi']...
2025-12-22 05:33:37 | INFO     | veri_cek | fetch_tables:455 | Tablolar cache'den alındı.
2025-12-22 05:33:37 | INFO     | veri_cek | fetch_tables:455 | Tablolar cache'den alındı.
2025-12-22 05:33:37 | INFO     | veri_cek | fetch_tables:455 | Tablolar cache'den alındı.
2025-12-22 05:33:37 | INFO     | veri_cek | fetch_tables:455 | Tablolar cache'den alındı.
2025-12-22 05:33:37 | INFO     | veri_cek | fetch_tables:455 | Tablolar cache'den alındı.
2025-12-22 05:33:38 | INFO     | veri_cek | build_train_test_frames:504 | Merge bitti -> Train: (1886, 31), Test: (1722, 31)
2025-12-22 05:33:38 | INFO     | veri_cek | build_train_test_frames:504 | Merge bitti -> Train: (1886, 31), Test: (1722, 31)
2025-12-22 05:33:38 | INFO     | veri_cek | build_train_test_frames:504 | Merge bitti -> Train: (1886, 31), Test: (1722, 31)
2025-12-22 05:33:38 | INFO     | veri_cek | build_train_test_frames:504 | Merge bitti -> Train: (1886, 31), Test: (1722, 31)
2025-12-22 05:33:38 | INFO     | veri_cek | build_train_test_frames:504 | Merge bitti -> Train: (1886, 31), Test: (1722, 31)
2025-12-22 05:33:38 | INFO     | veri_cek | build_train_test_frames:504 | Merge bitti -> Train: (1886, 31), Test: (1722, 31)
2025-12-22 05:33:38 | INFO     | veri_cek | add_weather_features:149 | 2 hava durumu kolonu bulundu: ['windspeed_10m_max', 'windgusts_10m_max']...
2025-12-22 05:33:38 | INFO     | veri_cek | add_weather_features:149 | 2 hava durumu kolonu bulundu: ['windspeed_10m_max', 'windgusts_10m_max']...
2025-12-22 05:33:38 | INFO     | veri_cek | add_weather_features:149 | 2 hava durumu kolonu bulundu: ['windspeed_10m_max', 'windgusts_10m_max']...
2025-12-22 05:33:38 | INFO     | veri_cek | add_weather_features:149 | 2 hava durumu kolonu bulundu: ['windspeed_10m_max', 'windgusts_10m_max']...
2025-12-22 05:33:38 | INFO     | veri_cek | add_weather_features:149 | 2 hava durumu kolonu bulundu: ['windspeed_10m_max', 'windgusts_10m_max']...
2025-12-22 05:33:38 | INFO     | veri_cek | add_weather_features:149 | 2 hava durumu kolonu bulundu: ['windspeed_10m_max', 'windgusts_10m_max']...
2025-12-22 05:33:38 | INFO     | veri_cek | add_population_features:190 | 1 nüfus kolonu bulundu: ['Nufus_Sayisi']...
2025-12-22 05:33:38 | INFO     | veri_cek | add_population_features:190 | 1 nüfus kolonu bulundu: ['Nufus_Sayisi']...
2025-12-22 05:33:38 | INFO     | veri_cek | add_population_features:190 | 1 nüfus kolonu bulundu: ['Nufus_Sayisi']...
2025-12-22 05:33:38 | INFO     | veri_cek | add_population_features:190 | 1 nüfus kolonu bulundu: ['Nufus_Sayisi']...
2025-12-22 05:33:38 | INFO     | veri_cek | add_population_features:190 | 1 nüfus kolonu bulundu: ['Nufus_Sayisi']...
2025-12-22 05:33:38 | INFO     | veri_cek | add_population_features:190 | 1 nüfus kolonu bulundu: ['Nufus_Sayisi']...
2025-12-22 05:33:39 | INFO     | veri_cek | add_weather_features:149 | 2 hava durumu kolonu bulundu: ['windspeed_10m_max', 'windgusts_10m_max']...
2025-12-22 05:33:39 | INFO     | veri_cek | add_weather_features:149 | 2 hava durumu kolonu bulundu: ['windspeed_10m_max', 'windgusts_10m_max']...
2025-12-22 05:33:39 | INFO     | veri_cek | add_weather_features:149 | 2 hava durumu kolonu bulundu: ['windspeed_10m_max', 'windgusts_10m_max']...
2025-12-22 05:33:39 | INFO     | veri_cek | add_weather_features:149 | 2 hava durumu kolonu bulundu: ['windspeed_10m_max', 'windgusts_10m_max']...
2025-12-22 05:33:39 | INFO     | veri_cek | add_weather_features:149 | 2 hava durumu kolonu bulundu: ['windspeed_10m_max', 'windgusts_10m_max']...
2025-12-22 05:33:39 | INFO     | veri_cek | add_weather_features:149 | 2 hava durumu kolonu bulundu: ['windspeed_10m_max', 'windgusts_10m_max']...
2025-12-22 05:33:39 | INFO     | veri_cek | add_population_features:190 | 1 nüfus kolonu bulundu: ['Nufus_Sayisi']...
2025-12-22 05:33:39 | INFO     | veri_cek | add_population_features:190 | 1 nüfus kolonu bulundu: ['Nufus_Sayisi']...
2025-12-22 05:33:39 | INFO     | veri_cek | add_population_features:190 | 1 nüfus kolonu bulundu: ['Nufus_Sayisi']...
2025-12-22 05:33:39 | INFO     | veri_cek | add_population_features:190 | 1 nüfus kolonu bulundu: ['Nufus_Sayisi']...
2025-12-22 05:33:39 | INFO     | veri_cek | add_population_features:190 | 1 nüfus kolonu bulundu: ['Nufus_Sayisi']...
2025-12-22 05:33:39 | INFO     | veri_cek | add_population_features:190 | 1 nüfus kolonu bulundu: ['Nufus_Sayisi']...
2025-12-22 05:33:40 | INFO     | veri_cek | fetch_tables:455 | Tablolar cache'den alındı.
2025-12-22 05:33:40 | INFO     | veri_cek | build_train_test_frames:504 | Merge bitti -> Train: (1886, 31), Test: (1722, 31)
2025-12-22 05:33:40 | INFO     | veri_cek | add_weather_features:149 | 2 hava durumu kolonu bulundu: ['windspeed_10m_max', 'windgusts_10m_max']...
2025-12-22 05:33:40 | INFO     | veri_cek | add_population_features:190 | 1 nüfus kolonu bulundu: ['Nufus_Sayisi']...
2025-12-22 05:33:40 | INFO     | veri_cek | add_weather_features:149 | 2 hava durumu kolonu bulundu: ['windspeed_10m_max', 'windgusts_10m_max']...
2025-12-22 05:33:40 | INFO     | veri_cek | add_population_features:190 | 1 nüfus kolonu bulundu: ['Nufus_Sayisi']...
2025-12-22 05:33:40 | INFO     | veri_cek | fetch_tables:455 | Tablolar cache'den alındı.
2025-12-22 05:33:40 | INFO     | veri_cek | build_train_test_frames:504 | Merge bitti -> Train: (1886, 31), Test: (1722, 31)
2025-12-22 05:33:40 | INFO     | veri_cek | add_weather_features:149 | 2 hava durumu kolonu bulundu: ['windspeed_10m_max', 'windgusts_10m_max']...
2025-12-22 05:33:40 | INFO     | veri_cek | fetch_tables:455 | Tablolar cache'den alındı.
2025-12-22 05:33:40 | INFO     | veri_cek | add_population_features:190 | 1 nüfus kolonu bulundu: ['Nufus_Sayisi']...
2025-12-22 05:33:40 | INFO     | veri_cek | build_train_test_frames:504 | Merge bitti -> Train: (1886, 31), Test: (1722, 31)
2025-12-22 05:33:40 | INFO     | veri_cek | add_weather_features:149 | 2 hava durumu kolonu bulundu: ['windspeed_10m_max', 'windgusts_10m_max']...
2025-12-22 05:33:40 | INFO     | veri_cek | add_weather_features:149 | 2 hava durumu kolonu bulundu: ['windspeed_10m_max', 'windgusts_10m_max']...
2025-12-22 05:33:40 | INFO     | veri_cek | add_population_features:190 | 1 nüfus kolonu bulundu: ['Nufus_Sayisi']...
2025-12-22 05:33:40 | INFO     | veri_cek | add_population_features:190 | 1 nüfus kolonu bulundu: ['Nufus_Sayisi']...
2025-12-22 05:33:41 | INFO     | veri_cek | add_weather_features:149 | 2 hava durumu kolonu bulundu: ['windspeed_10m_max', 'windgusts_10m_max']...
2025-12-22 05:33:41 | INFO     | veri_cek | add_population_features:190 | 1 nüfus kolonu bulundu: ['Nufus_Sayisi']...
2025-12-22 05:33:41 | INFO     | veri_cek | fetch_tables:455 | Tablolar cache'den alındı.
2025-12-22 05:33:41 | INFO     | veri_cek | build_train_test_frames:504 | Merge bitti -> Train: (1886, 31), Test: (1722, 31)
2025-12-22 05:33:41 | INFO     | veri_cek | add_weather_features:149 | 2 hava durumu kolonu bulundu: ['windspeed_10m_max', 'windgusts_10m_max']...
2025-12-22 05:33:41 | INFO     | veri_cek | add_population_features:190 | 1 nüfus kolonu bulundu: ['Nufus_Sayisi']...
2025-12-22 05:33:41 | INFO     | veri_cek | add_weather_features:149 | 2 hava durumu kolonu bulundu: ['windspeed_10m_max', 'windgusts_10m_max']...
2025-12-22 05:33:41 | INFO     | veri_cek | add_population_features:190 | 1 nüfus kolonu bulundu: ['Nufus_Sayisi']...
2025-12-22 05:43:46 | INFO     | veri_cek | fetch_tables:455 | Tablolar cache'den alındı.
2025-12-22 05:43:46 | INFO     | veri_cek | fetch_tables:455 | Tablolar cache'den alındı.
2025-12-22 05:43:46 | INFO     | veri_cek | fetch_tables:455 | Tablolar cache'den alındı.
2025-12-22 05:43:46 | INFO     | veri_cek | fetch_tables:455 | Tablolar cache'den alındı.
2025-12-22 05:43:46 | INFO     | veri_cek | fetch_tables:455 | Tablolar cache'den alındı.
2025-12-22 05:43:46 | INFO     | veri_cek | fetch_tables:455 | Tablolar cache'den alındı.
2025-12-22 05:43:46 | INFO     | veri_cek | build_train_test_frames:504 | Merge bitti -> Train: (1886, 31), Test: (1722, 31)
2025-12-22 05:43:46 | INFO     | veri_cek | build_train_test_frames:504 | Merge bitti -> Train: (1886, 31), Test: (1722, 31)
2025-12-22 05:43:46 | INFO     | veri_cek | build_train_test_frames:504 | Merge bitti -> Train: (1886, 31), Test: (1722, 31)
2025-12-22 05:43:46 | INFO     | veri_cek | build_train_test_frames:504 | Merge bitti -> Train: (1886, 31), Test: (1722, 31)
2025-12-22 05:43:46 | INFO     | veri_cek | build_train_test_frames:504 | Merge bitti -> Train: (1886, 31), Test: (1722, 31)
2025-12-22 05:43:46 | INFO     | veri_cek | build_train_test_frames:504 | Merge bitti -> Train: (1886, 31), Test: (1722, 31)
2025-12-22 05:43:47 | INFO     | veri_cek | add_weather_features:149 | 2 hava durumu kolonu bulundu: ['windspeed_10m_max', 'windgusts_10m_max']...
2025-12-22 05:43:47 | INFO     | veri_cek | add_weather_features:149 | 2 hava durumu kolonu bulundu: ['windspeed_10m_max', 'windgusts_10m_max']...
2025-12-22 05:43:47 | INFO     | veri_cek | add_weather_features:149 | 2 hava durumu kolonu bulundu: ['windspeed_10m_max', 'windgusts_10m_max']...
2025-12-22 05:43:47 | INFO     | veri_cek | add_weather_features:149 | 2 hava durumu kolonu bulundu: ['windspeed_10m_max', 'windgusts_10m_max']...
2025-12-22 05:43:47 | INFO     | veri_cek | add_weather_features:149 | 2 hava durumu kolonu bulundu: ['windspeed_10m_max', 'windgusts_10m_max']...
2025-12-22 05:43:47 | INFO     | veri_cek | add_weather_features:149 | 2 hava durumu kolonu bulundu: ['windspeed_10m_max', 'windgusts_10m_max']...
2025-12-22 05:43:47 | INFO     | veri_cek | add_population_features:190 | 1 nüfus kolonu bulundu: ['Nufus_Sayisi']...
2025-12-22 05:43:47 | INFO     | veri_cek | add_population_features:190 | 1 nüfus kolonu bulundu: ['Nufus_Sayisi']...
2025-12-22 05:43:47 | INFO     | veri_cek | add_population_features:190 | 1 nüfus kolonu bulundu: ['Nufus_Sayisi']...
2025-12-22 05:43:47 | INFO     | veri_cek | add_population_features:190 | 1 nüfus kolonu bulundu: ['Nufus_Sayisi']...
2025-12-22 05:43:47 | INFO     | veri_cek | add_population_features:190 | 1 nüfus kolonu bulundu: ['Nufus_Sayisi']...
2025-12-22 05:43:47 | INFO     | veri_cek | add_population_features:190 | 1 nüfus kolonu bulundu: ['Nufus_Sayisi']...
2025-12-22 05:43:48 | INFO     | veri_cek | add_weather_features:149 | 2 hava durumu kolonu bulundu: ['windspeed_10m_max', 'windgusts_10m_max']...
2025-12-22 05:43:48 | INFO     | veri_cek | add_weather_features:149 | 2 hava durumu kolonu bulundu: ['windspeed_10m_max', 'windgusts_10m_max']...
2025-12-22 05:43:48 | INFO     | veri_cek | add_weather_features:149 | 2 hava durumu kolonu bulundu: ['windspeed_10m_max', 'windgusts_10m_max']...
2025-12-22 05:43:48 | INFO     | veri_cek | add_weather_features:149 | 2 hava durumu kolonu bulundu: ['windspeed_10m_max', 'windgusts_10m_max']...
2025-12-22 05:43:48 | INFO     | veri_cek | add_weather_features:149 | 2 hava durumu kolonu bulundu: ['windspeed_10m_max', 'windgusts_10m_max']...
2025-12-22 05:43:48 | INFO     | veri_cek | add_weather_features:149 | 2 hava durumu kolonu bulundu: ['windspeed_10m_max', 'windgusts_10m_max']...
2025-12-22 05:43:48 | INFO     | veri_cek | add_population_features:190 | 1 nüfus kolonu bulundu: ['Nufus_Sayisi']...
2025-12-22 05:43:49 | INFO     | veri_cek | add_population_features:190 | 1 nüfus kolonu bulundu: ['Nufus_Sayisi']...
2025-12-22 05:43:49 | INFO     | veri_cek | add_population_features:190 | 1 nüfus kolonu bulundu: ['Nufus_Sayisi']...
2025-12-22 05:43:49 | INFO     | veri_cek | add_population_features:190 | 1 nüfus kolonu bulundu: ['Nufus_Sayisi']...
2025-12-22 05:43:49 | INFO     | veri_cek | add_population_features:190 | 1 nüfus kolonu bulundu: ['Nufus_Sayisi']...
2025-12-22 05:43:49 | INFO     | veri_cek | fetch_tables:455 | Tablolar cache'den alındı.
2025-12-22 05:43:49 | INFO     | veri_cek | fetch_tables:455 | Tablolar cache'den alındı.
2025-12-22 05:43:49 | INFO     | veri_cek | fetch_tables:455 | Tablolar cache'den alındı.
2025-12-22 05:43:49 | INFO     | veri_cek | add_population_features:190 | 1 nüfus kolonu bulundu: ['Nufus_Sayisi']...
2025-12-22 05:43:49 | INFO     | veri_cek | fetch_tables:455 | Tablolar cache'den alındı.
2025-12-22 05:43:49 | INFO     | veri_cek | fetch_tables:455 | Tablolar cache'den alındı.
2025-12-22 05:43:49 | INFO     | veri_cek | build_train_test_frames:504 | Merge bitti -> Train: (1886, 31), Test: (1722, 31)
2025-12-22 05:43:49 | INFO     | veri_cek | fetch_tables:455 | Tablolar cache'den alındı.
2025-12-22 05:43:49 | INFO     | veri_cek | build_train_test_frames:504 | Merge bitti -> Train: (1886, 31), Test: (1722, 31)
2025-12-22 05:43:49 | INFO     | veri_cek | build_train_test_frames:504 | Merge bitti -> Train: (1886, 31), Test: (1722, 31)
2025-12-22 05:43:49 | INFO     | veri_cek | build_train_test_frames:504 | Merge bitti -> Train: (1886, 31), Test: (1722, 31)
2025-12-22 05:43:49 | INFO     | veri_cek | build_train_test_frames:504 | Merge bitti -> Train: (1886, 31), Test: (1722, 31)
2025-12-22 05:43:49 | INFO     | veri_cek | build_train_test_frames:504 | Merge bitti -> Train: (1886, 31), Test: (1722, 31)
2025-12-22 05:43:50 | INFO     | veri_cek | add_weather_features:149 | 2 hava durumu kolonu bulundu: ['windspeed_10m_max', 'windgusts_10m_max']...
2025-12-22 05:43:50 | INFO     | veri_cek | add_weather_features:149 | 2 hava durumu kolonu bulundu: ['windspeed_10m_max', 'windgusts_10m_max']...
2025-12-22 05:43:50 | INFO     | veri_cek | add_weather_features:149 | 2 hava durumu kolonu bulundu: ['windspeed_10m_max', 'windgusts_10m_max']...
2025-12-22 05:43:50 | INFO     | veri_cek | add_weather_features:149 | 2 hava durumu kolonu bulundu: ['windspeed_10m_max', 'windgusts_10m_max']...
2025-12-22 05:43:50 | INFO     | veri_cek | add_weather_features:149 | 2 hava durumu kolonu bulundu: ['windspeed_10m_max', 'windgusts_10m_max']...
2025-12-22 05:43:50 | INFO     | veri_cek | add_weather_features:149 | 2 hava durumu kolonu bulundu: ['windspeed_10m_max', 'windgusts_10m_max']...
2025-12-22 05:43:50 | INFO     | veri_cek | add_population_features:190 | 1 nüfus kolonu bulundu: ['Nufus_Sayisi']...
2025-12-22 05:43:50 | INFO     | veri_cek | add_population_features:190 | 1 nüfus kolonu bulundu: ['Nufus_Sayisi']...
2025-12-22 05:43:50 | INFO     | veri_cek | add_population_features:190 | 1 nüfus kolonu bulundu: ['Nufus_Sayisi']...
2025-12-22 05:43:50 | INFO     | veri_cek | add_population_features:190 | 1 nüfus kolonu bulundu: ['Nufus_Sayisi']...
2025-12-22 05:43:50 | INFO     | veri_cek | add_population_features:190 | 1 nüfus kolonu bulundu: ['Nufus_Sayisi']...
2025-12-22 05:43:50 | INFO     | veri_cek | add_population_features:190 | 1 nüfus kolonu bulundu: ['Nufus_Sayisi']...
2025-12-22 05:43:51 | INFO     | veri_cek | add_weather_features:149 | 2 hava durumu kolonu bulundu: ['windspeed_10m_max', 'windgusts_10m_max']...
2025-12-22 05:43:51 | INFO     | veri_cek | add_weather_features:149 | 2 hava durumu kolonu bulundu: ['windspeed_10m_max', 'windgusts_10m_max']...
2025-12-22 05:43:51 | INFO     | veri_cek | add_weather_features:149 | 2 hava durumu kolonu bulundu: ['windspeed_10m_max', 'windgusts_10m_max']...
2025-12-22 05:43:51 | INFO     | veri_cek | add_weather_features:149 | 2 hava durumu kolonu bulundu: ['windspeed_10m_max', 'windgusts_10m_max']...
2025-12-22 05:43:51 | INFO     | veri_cek | add_weather_features:149 | 2 hava durumu kolonu bulundu: ['windspeed_10m_max', 'windgusts_10m_max']...
2025-12-22 05:43:51 | INFO     | veri_cek | add_weather_features:149 | 2 hava durumu kolonu bulundu: ['windspeed_10m_max', 'windgusts_10m_max']...
2025-12-22 05:43:51 | INFO     | veri_cek | add_population_features:190 | 1 nüfus kolonu bulundu: ['Nufus_Sayisi']...
2025-12-22 05:43:51 | INFO     | veri_cek | add_population_features:190 | 1 nüfus kolonu bulundu: ['Nufus_Sayisi']...
2025-12-22 05:43:51 | INFO     | veri_cek | add_population_features:190 | 1 nüfus kolonu bulundu: ['Nufus_Sayisi']...
2025-12-22 05:43:51 | INFO     | veri_cek | add_population_features:190 | 1 nüfus kolonu bulundu: ['Nufus_Sayisi']...
2025-12-22 05:43:51 | INFO     | veri_cek | add_population_features:190 | 1 nüfus kolonu bulundu: ['Nufus_Sayisi']...
2025-12-22 05:43:51 | INFO     | veri_cek | add_population_features:190 | 1 nüfus kolonu bulundu: ['Nufus_Sayisi']...
2025-12-22 05:43:52 | INFO     | veri_cek | fetch_tables:455 | Tablolar cache'den alındı.
2025-12-22 05:43:52 | INFO     | veri_cek | fetch_tables:455 | Tablolar cache'den alındı.
2025-12-22 05:43:52 | INFO     | veri_cek | build_train_test_frames:504 | Merge bitti -> Train: (1886, 31), Test: (1722, 31)
2025-12-22 05:43:52 | INFO     | veri_cek | build_train_test_frames:504 | Merge bitti -> Train: (1886, 31), Test: (1722, 31)
2025-12-22 05:43:52 | INFO     | veri_cek | add_weather_features:149 | 2 hava durumu kolonu bulundu: ['windspeed_10m_max', 'windgusts_10m_max']...
2025-12-22 05:43:52 | INFO     | veri_cek | add_weather_features:149 | 2 hava durumu kolonu bulundu: ['windspeed_10m_max', 'windgusts_10m_max']...
2025-12-22 05:43:53 | INFO     | veri_cek | add_population_features:190 | 1 nüfus kolonu bulundu: ['Nufus_Sayisi']...
2025-12-22 05:43:53 | INFO     | veri_cek | add_population_features:190 | 1 nüfus kolonu bulundu: ['Nufus_Sayisi']...
2025-12-22 05:43:53 | INFO     | veri_cek | add_weather_features:149 | 2 hava durumu kolonu bulundu: ['windspeed_10m_max', 'windgusts_10m_max']...
2025-12-22 05:43:53 | INFO     | veri_cek | add_weather_features:149 | 2 hava durumu kolonu bulundu: ['windspeed_10m_max', 'windgusts_10m_max']...
2025-12-22 05:43:53 | INFO     | veri_cek | add_population_features:190 | 1 nüfus kolonu bulundu: ['Nufus_Sayisi']...
2025-12-22 05:43:53 | INFO     | veri_cek | add_population_features:190 | 1 nüfus kolonu bulundu: ['Nufus_Sayisi']...
2025-12-22 05:43:53 | INFO     | veri_cek | fetch_tables:455 | Tablolar cache'den alındı.
2025-12-22 05:43:53 | INFO     | veri_cek | fetch_tables:455 | Tablolar cache'den alındı.
2025-12-22 05:43:53 | INFO     | veri_cek | build_train_test_frames:504 | Merge bitti -> Train: (1886, 31), Test: (1722, 31)
2025-12-22 05:43:53 | INFO     | veri_cek | build_train_test_frames:504 | Merge bitti -> Train: (1886, 31), Test: (1722, 31)
2025-12-22 05:43:53 | INFO     | veri_cek | add_weather_features:149 | 2 hava durumu kolonu bulundu: ['windspeed_10m_max', 'windgusts_10m_max']...
2025-12-22 05:43:53 | INFO     | veri_cek | add_weather_features:149 | 2 hava durumu kolonu bulundu: ['windspeed_10m_max', 'windgusts_10m_max']...
2025-12-22 05:43:53 | INFO     | veri_cek | add_population_features:190 | 1 nüfus kolonu bulundu: ['Nufus_Sayisi']...
2025-12-22 05:43:53 | INFO     | veri_cek | add_population_features:190 | 1 nüfus kolonu bulundu: ['Nufus_Sayisi']...
2025-12-22 05:43:54 | INFO     | veri_cek | add_weather_features:149 | 2 hava durumu kolonu bulundu: ['windspeed_10m_max', 'windgusts_10m_max']...
2025-12-22 05:43:54 | INFO     | veri_cek | add_weather_features:149 | 2 hava durumu kolonu bulundu: ['windspeed_10m_max', 'windgusts_10m_max']...
2025-12-22 05:43:54 | INFO     | veri_cek | add_population_features:190 | 1 nüfus kolonu bulundu: ['Nufus_Sayisi']...
2025-12-22 05:43:54 | INFO     | veri_cek | add_population_features:190 | 1 nüfus kolonu bulundu: ['Nufus_Sayisi']...
2025-12-22 05:45:08 | INFO     | veri_cek | fetch_tables:455 | Tablolar cache'den alındı.
2025-12-22 05:45:08 | INFO     | veri_cek | fetch_tables:455 | Tablolar cache'den alındı.
2025-12-22 05:45:08 | INFO     | veri_cek | fetch_tables:455 | Tablolar cache'den alındı.
2025-12-22 05:45:08 | INFO     | veri_cek | fetch_tables:455 | Tablolar cache'den alındı.
2025-12-22 05:45:08 | INFO     | veri_cek | fetch_tables:455 | Tablolar cache'den alındı.
2025-12-22 05:45:08 | INFO     | veri_cek | fetch_tables:455 | Tablolar cache'den alındı.
2025-12-22 05:45:09 | INFO     | veri_cek | build_train_test_frames:504 | Merge bitti -> Train: (1886, 31), Test: (1722, 31)
2025-12-22 05:45:09 | INFO     | veri_cek | build_train_test_frames:504 | Merge bitti -> Train: (1886, 31), Test: (1722, 31)
2025-12-22 05:45:09 | INFO     | veri_cek | build_train_test_frames:504 | Merge bitti -> Train: (1886, 31), Test: (1722, 31)
2025-12-22 05:45:09 | INFO     | veri_cek | build_train_test_frames:504 | Merge bitti -> Train: (1886, 31), Test: (1722, 31)
2025-12-22 05:45:09 | INFO     | veri_cek | build_train_test_frames:504 | Merge bitti -> Train: (1886, 31), Test: (1722, 31)
2025-12-22 05:45:09 | INFO     | veri_cek | build_train_test_frames:504 | Merge bitti -> Train: (1886, 31), Test: (1722, 31)
2025-12-22 05:45:09 | INFO     | veri_cek | add_weather_features:149 | 2 hava durumu kolonu bulundu: ['windspeed_10m_max', 'windgusts_10m_max']...
2025-12-22 05:45:09 | INFO     | veri_cek | add_weather_features:149 | 2 hava durumu kolonu bulundu: ['windspeed_10m_max', 'windgusts_10m_max']...
2025-12-22 05:45:09 | INFO     | veri_cek | add_weather_features:149 | 2 hava durumu kolonu bulundu: ['windspeed_10m_max', 'windgusts_10m_max']...
2025-12-22 05:45:09 | INFO     | veri_cek | add_weather_features:149 | 2 hava durumu kolonu bulundu: ['windspeed_10m_max', 'windgusts_10m_max']...
2025-12-22 05:45:09 | INFO     | veri_cek | add_weather_features:149 | 2 hava durumu kolonu bulundu: ['windspeed_10m_max', 'windgusts_10m_max']...
2025-12-22 05:45:09 | INFO     | veri_cek | add_weather_features:149 | 2 hava durumu kolonu bulundu: ['windspeed_10m_max', 'windgusts_10m_max']...
2025-12-22 05:45:09 | INFO     | veri_cek | add_population_features:190 | 1 nüfus kolonu bulundu: ['Nufus_Sayisi']...
2025-12-22 05:45:09 | INFO     | veri_cek | add_population_features:190 | 1 nüfus kolonu bulundu: ['Nufus_Sayisi']...
2025-12-22 05:45:09 | INFO     | veri_cek | add_population_features:190 | 1 nüfus kolonu bulundu: ['Nufus_Sayisi']...
2025-12-22 05:45:09 | INFO     | veri_cek | add_population_features:190 | 1 nüfus kolonu bulundu: ['Nufus_Sayisi']...
2025-12-22 05:45:09 | INFO     | veri_cek | add_population_features:190 | 1 nüfus kolonu bulundu: ['Nufus_Sayisi']...
2025-12-22 05:45:09 | INFO     | veri_cek | add_population_features:190 | 1 nüfus kolonu bulundu: ['Nufus_Sayisi']...
2025-12-22 05:45:10 | INFO     | veri_cek | add_weather_features:149 | 2 hava durumu kolonu bulundu: ['windspeed_10m_max', 'windgusts_10m_max']...
2025-12-22 05:45:10 | INFO     | veri_cek | add_weather_features:149 | 2 hava durumu kolonu bulundu: ['windspeed_10m_max', 'windgusts_10m_max']...
2025-12-22 05:45:10 | INFO     | veri_cek | add_weather_features:149 | 2 hava durumu kolonu bulundu: ['windspeed_10m_max', 'windgusts_10m_max']...
2025-12-22 05:45:10 | INFO     | veri_cek | add_weather_features:149 | 2 hava durumu kolonu bulundu: ['windspeed_10m_max', 'windgusts_10m_max']...
2025-12-22 05:45:10 | INFO     | veri_cek | add_weather_features:149 | 2 hava durumu kolonu bulundu: ['windspeed_10m_max', 'windgusts_10m_max']...
2025-12-22 05:45:10 | INFO     | veri_cek | add_weather_features:149 | 2 hava durumu kolonu bulundu: ['windspeed_10m_max', 'windgusts_10m_max']...
2025-12-22 05:45:10 | INFO     | veri_cek | add_population_features:190 | 1 nüfus kolonu bulundu: ['Nufus_Sayisi']...
2025-12-22 05:45:10 | INFO     | veri_cek | add_population_features:190 | 1 nüfus kolonu bulundu: ['Nufus_Sayisi']...
2025-12-22 05:45:10 | INFO     | veri_cek | add_population_features:190 | 1 nüfus kolonu bulundu: ['Nufus_Sayisi']...
2025-12-22 05:45:10 | INFO     | veri_cek | add_population_features:190 | 1 nüfus kolonu bulundu: ['Nufus_Sayisi']...
2025-12-22 05:45:10 | INFO     | veri_cek | add_population_features:190 | 1 nüfus kolonu bulundu: ['Nufus_Sayisi']...
2025-12-22 05:45:10 | INFO     | veri_cek | add_population_features:190 | 1 nüfus kolonu bulundu: ['Nufus_Sayisi']...
2025-12-22 05:45:10 | INFO     | veri_cek | fetch_tables:455 | Tablolar cache'den alındı.
2025-12-22 05:45:10 | INFO     | veri_cek | fetch_tables:455 | Tablolar cache'den alındı.
2025-12-22 05:45:10 | INFO     | veri_cek | fetch_tables:455 | Tablolar cache'den alındı.
2025-12-22 05:45:10 | INFO     | veri_cek | fetch_tables:455 | Tablolar cache'den alındı.
2025-12-22 05:45:10 | INFO     | veri_cek | fetch_tables:455 | Tablolar cache'den alındı.
2025-12-22 05:45:10 | INFO     | veri_cek | fetch_tables:455 | Tablolar cache'den alındı.
2025-12-22 05:45:10 | INFO     | veri_cek | build_train_test_frames:504 | Merge bitti -> Train: (1886, 31), Test: (1722, 31)
2025-12-22 05:45:11 | INFO     | veri_cek | build_train_test_frames:504 | Merge bitti -> Train: (1886, 31), Test: (1722, 31)
2025-12-22 05:45:11 | INFO     | veri_cek | build_train_test_frames:504 | Merge bitti -> Train: (1886, 31), Test: (1722, 31)
2025-12-22 05:45:11 | INFO     | veri_cek | build_train_test_frames:504 | Merge bitti -> Train: (1886, 31), Test: (1722, 31)
2025-12-22 05:45:11 | INFO     | veri_cek | build_train_test_frames:504 | Merge bitti -> Train: (1886, 31), Test: (1722, 31)
2025-12-22 05:45:11 | INFO     | veri_cek | build_train_test_frames:504 | Merge bitti -> Train: (1886, 31), Test: (1722, 31)
2025-12-22 05:45:11 | INFO     | veri_cek | add_weather_features:149 | 2 hava durumu kolonu bulundu: ['windspeed_10m_max', 'windgusts_10m_max']...
2025-12-22 05:45:11 | INFO     | veri_cek | add_weather_features:149 | 2 hava durumu kolonu bulundu: ['windspeed_10m_max', 'windgusts_10m_max']...
2025-12-22 05:45:11 | INFO     | veri_cek | add_weather_features:149 | 2 hava durumu kolonu bulundu: ['windspeed_10m_max', 'windgusts_10m_max']...
2025-12-22 05:45:11 | INFO     | veri_cek | add_weather_features:149 | 2 hava durumu kolonu bulundu: ['windspeed_10m_max', 'windgusts_10m_max']...
2025-12-22 05:45:11 | INFO     | veri_cek | add_weather_features:149 | 2 hava durumu kolonu bulundu: ['windspeed_10m_max', 'windgusts_10m_max']...
2025-12-22 05:45:11 | INFO     | veri_cek | add_weather_features:149 | 2 hava durumu kolonu bulundu: ['windspeed_10m_max', 'windgusts_10m_max']...
2025-12-22 05:45:11 | INFO     | veri_cek | add_population_features:190 | 1 nüfus kolonu bulundu: ['Nufus_Sayisi']...
2025-12-22 05:45:11 | INFO     | veri_cek | add_population_features:190 | 1 nüfus kolonu bulundu: ['Nufus_Sayisi']...
2025-12-22 05:45:11 | INFO     | veri_cek | add_population_features:190 | 1 nüfus kolonu bulundu: ['Nufus_Sayisi']...
2025-12-22 05:45:11 | INFO     | veri_cek | add_population_features:190 | 1 nüfus kolonu bulundu: ['Nufus_Sayisi']...
2025-12-22 05:45:11 | INFO     | veri_cek | add_population_features:190 | 1 nüfus kolonu bulundu: ['Nufus_Sayisi']...
2025-12-22 05:45:11 | INFO     | veri_cek | add_population_features:190 | 1 nüfus kolonu bulundu: ['Nufus_Sayisi']...
2025-12-22 05:45:12 | INFO     | veri_cek | add_weather_features:149 | 2 hava durumu kolonu bulundu: ['windspeed_10m_max', 'windgusts_10m_max']...
2025-12-22 05:45:12 | INFO     | veri_cek | add_weather_features:149 | 2 hava durumu kolonu bulundu: ['windspeed_10m_max', 'windgusts_10m_max']...
2025-12-22 05:45:12 | INFO     | veri_cek | add_weather_features:149 | 2 hava durumu kolonu bulundu: ['windspeed_10m_max', 'windgusts_10m_max']...
2025-12-22 05:45:12 | INFO     | veri_cek | add_weather_features:149 | 2 hava durumu kolonu bulundu: ['windspeed_10m_max', 'windgusts_10m_max']...
2025-12-22 05:45:12 | INFO     | veri_cek | add_weather_features:149 | 2 hava durumu kolonu bulundu: ['windspeed_10m_max', 'windgusts_10m_max']...
2025-12-22 05:45:12 | INFO     | veri_cek | add_weather_features:149 | 2 hava durumu kolonu bulundu: ['windspeed_10m_max', 'windgusts_10m_max']...
2025-12-22 05:45:12 | INFO     | veri_cek | add_population_features:190 | 1 nüfus kolonu bulundu: ['Nufus_Sayisi']...
2025-12-22 05:45:12 | INFO     | veri_cek | add_population_features:190 | 1 nüfus kolonu bulundu: ['Nufus_Sayisi']...
2025-12-22 05:45:12 | INFO     | veri_cek | add_population_features:190 | 1 nüfus kolonu bulundu: ['Nufus_Sayisi']...
2025-12-22 05:45:12 | INFO     | veri_cek | add_population_features:190 | 1 nüfus kolonu bulundu: ['Nufus_Sayisi']...
2025-12-22 05:45:12 | INFO     | veri_cek | add_population_features:190 | 1 nüfus kolonu bulundu: ['Nufus_Sayisi']...
2025-12-22 05:45:12 | INFO     | veri_cek | add_population_features:190 | 1 nüfus kolonu bulundu: ['Nufus_Sayisi']...
2025-12-22 05:45:13 | INFO     | veri_cek | fetch_tables:455 | Tablolar cache'den alındı.
2025-12-22 05:45:13 | INFO     | veri_cek | fetch_tables:455 | Tablolar cache'den alındı.
2025-12-22 05:45:13 | INFO     | veri_cek | build_train_test_frames:504 | Merge bitti -> Train: (1886, 31), Test: (1722, 31)
2025-12-22 05:45:13 | INFO     | veri_cek | build_train_test_frames:504 | Merge bitti -> Train: (1886, 31), Test: (1722, 31)
2025-12-22 05:45:13 | INFO     | veri_cek | add_weather_features:149 | 2 hava durumu kolonu bulundu: ['windspeed_10m_max', 'windgusts_10m_max']...
2025-12-22 05:45:13 | INFO     | veri_cek | add_weather_features:149 | 2 hava durumu kolonu bulundu: ['windspeed_10m_max', 'windgusts_10m_max']...
2025-12-22 05:45:13 | INFO     | veri_cek | add_population_features:190 | 1 nüfus kolonu bulundu: ['Nufus_Sayisi']...
2025-12-22 05:45:13 | INFO     | veri_cek | add_population_features:190 | 1 nüfus kolonu bulundu: ['Nufus_Sayisi']...
2025-12-22 05:45:13 | INFO     | veri_cek | add_weather_features:149 | 2 hava durumu kolonu bulundu: ['windspeed_10m_max', 'windgusts_10m_max']...
2025-12-22 05:45:13 | INFO     | veri_cek | add_weather_features:149 | 2 hava durumu kolonu bulundu: ['windspeed_10m_max', 'windgusts_10m_max']...
2025-12-22 05:45:13 | INFO     | veri_cek | add_population_features:190 | 1 nüfus kolonu bulundu: ['Nufus_Sayisi']...
2025-12-22 05:45:13 | INFO     | veri_cek | add_population_features:190 | 1 nüfus kolonu bulundu: ['Nufus_Sayisi']...
2025-12-22 05:45:13 | INFO     | veri_cek | fetch_tables:455 | Tablolar cache'den alındı.
2025-12-22 05:45:13 | INFO     | veri_cek | fetch_tables:455 | Tablolar cache'den alındı.
2025-12-22 05:45:13 | INFO     | veri_cek | build_train_test_frames:504 | Merge bitti -> Train: (1886, 31), Test: (1722, 31)
2025-12-22 05:45:13 | INFO     | veri_cek | build_train_test_frames:504 | Merge bitti -> Train: (1886, 31), Test: (1722, 31)
2025-12-22 05:45:14 | INFO     | veri_cek | add_weather_features:149 | 2 hava durumu kolonu bulundu: ['windspeed_10m_max', 'windgusts_10m_max']...
2025-12-22 05:45:14 | INFO     | veri_cek | add_weather_features:149 | 2 hava durumu kolonu bulundu: ['windspeed_10m_max', 'windgusts_10m_max']...
2025-12-22 05:45:14 | INFO     | veri_cek | add_population_features:190 | 1 nüfus kolonu bulundu: ['Nufus_Sayisi']...
2025-12-22 05:45:14 | INFO     | veri_cek | add_population_features:190 | 1 nüfus kolonu bulundu: ['Nufus_Sayisi']...
2025-12-22 05:45:14 | INFO     | veri_cek | add_weather_features:149 | 2 hava durumu kolonu bulundu: ['windspeed_10m_max', 'windgusts_10m_max']...
2025-12-22 05:45:14 | INFO     | veri_cek | add_weather_features:149 | 2 hava durumu kolonu bulundu: ['windspeed_10m_max', 'windgusts_10m_max']...
2025-12-22 05:45:14 | INFO     | veri_cek | add_population_features:190 | 1 nüfus kolonu bulundu: ['Nufus_Sayisi']...
2025-12-22 05:45:14 | INFO     | veri_cek | add_population_features:190 | 1 nüfus kolonu bulundu: ['Nufus_Sayisi']...
2025-12-22 05:46:33 | INFO     | veri_cek | fetch_tables:455 | Tablolar cache'den alındı.
2025-12-22 05:46:33 | INFO     | veri_cek | fetch_tables:455 | Tablolar cache'den alındı.
2025-12-22 05:46:33 | INFO     | veri_cek | fetch_tables:455 | Tablolar cache'den alındı.
2025-12-22 05:46:33 | INFO     | veri_cek | fetch_tables:455 | Tablolar cache'den alındı.
2025-12-22 05:46:33 | INFO     | veri_cek | fetch_tables:455 | Tablolar cache'den alındı.
2025-12-22 05:46:33 | INFO     | veri_cek | fetch_tables:455 | Tablolar cache'den alındı.
2025-12-22 05:46:34 | INFO     | veri_cek | build_train_test_frames:504 | Merge bitti -> Train: (1886, 31), Test: (1722, 31)
2025-12-22 05:46:34 | INFO     | veri_cek | build_train_test_frames:504 | Merge bitti -> Train: (1886, 31), Test: (1722, 31)
2025-12-22 05:46:34 | INFO     | veri_cek | build_train_test_frames:504 | Merge bitti -> Train: (1886, 31), Test: (1722, 31)
2025-12-22 05:46:34 | INFO     | veri_cek | build_train_test_frames:504 | Merge bitti -> Train: (1886, 31), Test: (1722, 31)
2025-12-22 05:46:34 | INFO     | veri_cek | build_train_test_frames:504 | Merge bitti -> Train: (1886, 31), Test: (1722, 31)
2025-12-22 05:46:34 | INFO     | veri_cek | build_train_test_frames:504 | Merge bitti -> Train: (1886, 31), Test: (1722, 31)
2025-12-22 05:46:34 | INFO     | veri_cek | add_weather_features:149 | 2 hava durumu kolonu bulundu: ['windspeed_10m_max', 'windgusts_10m_max']...
2025-12-22 05:46:34 | INFO     | veri_cek | add_weather_features:149 | 2 hava durumu kolonu bulundu: ['windspeed_10m_max', 'windgusts_10m_max']...
2025-12-22 05:46:34 | INFO     | veri_cek | add_weather_features:149 | 2 hava durumu kolonu bulundu: ['windspeed_10m_max', 'windgusts_10m_max']...
2025-12-22 05:46:34 | INFO     | veri_cek | add_weather_features:149 | 2 hava durumu kolonu bulundu: ['windspeed_10m_max', 'windgusts_10m_max']...
2025-12-22 05:46:34 | INFO     | veri_cek | add_weather_features:149 | 2 hava durumu kolonu bulundu: ['windspeed_10m_max', 'windgusts_10m_max']...
2025-12-22 05:46:34 | INFO     | veri_cek | add_weather_features:149 | 2 hava durumu kolonu bulundu: ['windspeed_10m_max', 'windgusts_10m_max']...
2025-12-22 05:46:34 | INFO     | veri_cek | add_population_features:190 | 1 nüfus kolonu bulundu: ['Nufus_Sayisi']...
2025-12-22 05:46:34 | INFO     | veri_cek | add_population_features:190 | 1 nüfus kolonu bulundu: ['Nufus_Sayisi']...
2025-12-22 05:46:34 | INFO     | veri_cek | add_population_features:190 | 1 nüfus kolonu bulundu: ['Nufus_Sayisi']...
2025-12-22 05:46:34 | INFO     | veri_cek | add_population_features:190 | 1 nüfus kolonu bulundu: ['Nufus_Sayisi']...
2025-12-22 05:46:34 | INFO     | veri_cek | add_population_features:190 | 1 nüfus kolonu bulundu: ['Nufus_Sayisi']...
2025-12-22 05:46:34 | INFO     | veri_cek | add_population_features:190 | 1 nüfus kolonu bulundu: ['Nufus_Sayisi']...
2025-12-22 05:46:35 | INFO     | veri_cek | add_weather_features:149 | 2 hava durumu kolonu bulundu: ['windspeed_10m_max', 'windgusts_10m_max']...
2025-12-22 05:46:35 | INFO     | veri_cek | add_weather_features:149 | 2 hava durumu kolonu bulundu: ['windspeed_10m_max', 'windgusts_10m_max']...
2025-12-22 05:46:35 | INFO     | veri_cek | add_weather_features:149 | 2 hava durumu kolonu bulundu: ['windspeed_10m_max', 'windgusts_10m_max']...
2025-12-22 05:46:35 | INFO     | veri_cek | add_weather_features:149 | 2 hava durumu kolonu bulundu: ['windspeed_10m_max', 'windgusts_10m_max']...
2025-12-22 05:46:35 | INFO     | veri_cek | add_weather_features:149 | 2 hava durumu kolonu bulundu: ['windspeed_10m_max', 'windgusts_10m_max']...
2025-12-22 05:46:35 | INFO     | veri_cek | add_weather_features:149 | 2 hava durumu kolonu bulundu: ['windspeed_10m_max', 'windgusts_10m_max']...
2025-12-22 05:46:35 | INFO     | veri_cek | add_population_features:190 | 1 nüfus kolonu bulundu: ['Nufus_Sayisi']...
2025-12-22 05:46:35 | INFO     | veri_cek | add_population_features:190 | 1 nüfus kolonu bulundu: ['Nufus_Sayisi']...
2025-12-22 05:46:35 | INFO     | veri_cek | add_population_features:190 | 1 nüfus kolonu bulundu: ['Nufus_Sayisi']...
2025-12-22 05:46:35 | INFO     | veri_cek | add_population_features:190 | 1 nüfus kolonu bulundu: ['Nufus_Sayisi']...
2025-12-22 05:46:35 | INFO     | veri_cek | add_population_features:190 | 1 nüfus kolonu bulundu: ['Nufus_Sayisi']...
2025-12-22 05:46:35 | INFO     | veri_cek | add_population_features:190 | 1 nüfus kolonu bulundu: ['Nufus_Sayisi']...
2025-12-22 05:46:36 | INFO     | veri_cek | fetch_tables:455 | Tablolar cache'den alındı.
2025-12-22 05:46:36 | INFO     | veri_cek | fetch_tables:455 | Tablolar cache'den alındı.
2025-12-22 05:46:36 | INFO     | veri_cek | fetch_tables:455 | Tablolar cache'den alındı.
2025-12-22 05:46:36 | INFO     | veri_cek | fetch_tables:455 | Tablolar cache'den alındı.
2025-12-22 05:46:36 | INFO     | veri_cek | fetch_tables:455 | Tablolar cache'den alındı.
2025-12-22 05:46:36 | INFO     | veri_cek | fetch_tables:455 | Tablolar cache'den alındı.
2025-12-22 05:46:36 | INFO     | veri_cek | build_train_test_frames:504 | Merge bitti -> Train: (1886, 31), Test: (1722, 31)
2025-12-22 05:46:36 | INFO     | veri_cek | build_train_test_frames:504 | Merge bitti -> Train: (1886, 31), Test: (1722, 31)
2025-12-22 05:46:36 | INFO     | veri_cek | build_train_test_frames:504 | Merge bitti -> Train: (1886, 31), Test: (1722, 31)
2025-12-22 05:46:36 | INFO     | veri_cek | build_train_test_frames:504 | Merge bitti -> Train: (1886, 31), Test: (1722, 31)
2025-12-22 05:46:36 | INFO     | veri_cek | build_train_test_frames:504 | Merge bitti -> Train: (1886, 31), Test: (1722, 31)
2025-12-22 05:46:36 | INFO     | veri_cek | build_train_test_frames:504 | Merge bitti -> Train: (1886, 31), Test: (1722, 31)
2025-12-22 05:46:36 | INFO     | veri_cek | add_weather_features:149 | 2 hava durumu kolonu bulundu: ['windspeed_10m_max', 'windgusts_10m_max']...
2025-12-22 05:46:36 | INFO     | veri_cek | add_weather_features:149 | 2 hava durumu kolonu bulundu: ['windspeed_10m_max', 'windgusts_10m_max']...
2025-12-22 05:46:36 | INFO     | veri_cek | add_weather_features:149 | 2 hava durumu kolonu bulundu: ['windspeed_10m_max', 'windgusts_10m_max']...
2025-12-22 05:46:36 | INFO     | veri_cek | add_weather_features:149 | 2 hava durumu kolonu bulundu: ['windspeed_10m_max', 'windgusts_10m_max']...
2025-12-22 05:46:36 | INFO     | veri_cek | add_weather_features:149 | 2 hava durumu kolonu bulundu: ['windspeed_10m_max', 'windgusts_10m_max']...
2025-12-22 05:46:36 | INFO     | veri_cek | add_weather_features:149 | 2 hava durumu kolonu bulundu: ['windspeed_10m_max', 'windgusts_10m_max']...
2025-12-22 05:46:37 | INFO     | veri_cek | add_population_features:190 | 1 nüfus kolonu bulundu: ['Nufus_Sayisi']...
2025-12-22 05:46:37 | INFO     | veri_cek | add_population_features:190 | 1 nüfus kolonu bulundu: ['Nufus_Sayisi']...
2025-12-22 05:46:37 | INFO     | veri_cek | add_population_features:190 | 1 nüfus kolonu bulundu: ['Nufus_Sayisi']...
2025-12-22 05:46:37 | INFO     | veri_cek | add_population_features:190 | 1 nüfus kolonu bulundu: ['Nufus_Sayisi']...
2025-12-22 05:46:37 | INFO     | veri_cek | add_population_features:190 | 1 nüfus kolonu bulundu: ['Nufus_Sayisi']...
2025-12-22 05:46:37 | INFO     | veri_cek | add_population_features:190 | 1 nüfus kolonu bulundu: ['Nufus_Sayisi']...
2025-12-22 05:46:38 | INFO     | veri_cek | add_weather_features:149 | 2 hava durumu kolonu bulundu: ['windspeed_10m_max', 'windgusts_10m_max']...
2025-12-22 05:46:38 | INFO     | veri_cek | add_weather_features:149 | 2 hava durumu kolonu bulundu: ['windspeed_10m_max', 'windgusts_10m_max']...
2025-12-22 05:46:38 | INFO     | veri_cek | add_weather_features:149 | 2 hava durumu kolonu bulundu: ['windspeed_10m_max', 'windgusts_10m_max']...
2025-12-22 05:46:38 | INFO     | veri_cek | add_weather_features:149 | 2 hava durumu kolonu bulundu: ['windspeed_10m_max', 'windgusts_10m_max']...
2025-12-22 05:46:38 | INFO     | veri_cek | add_weather_features:149 | 2 hava durumu kolonu bulundu: ['windspeed_10m_max', 'windgusts_10m_max']...
2025-12-22 05:46:38 | INFO     | veri_cek | add_weather_features:149 | 2 hava durumu kolonu bulundu: ['windspeed_10m_max', 'windgusts_10m_max']...
2025-12-22 05:46:39 | INFO     | veri_cek | add_population_features:190 | 1 nüfus kolonu bulundu: ['Nufus_Sayisi']...
2025-12-22 05:46:39 | INFO     | veri_cek | add_population_features:190 | 1 nüfus kolonu bulundu: ['Nufus_Sayisi']...
2025-12-22 05:46:39 | INFO     | veri_cek | add_population_features:190 | 1 nüfus kolonu bulundu: ['Nufus_Sayisi']...
2025-12-22 05:46:39 | INFO     | veri_cek | add_population_features:190 | 1 nüfus kolonu bulundu: ['Nufus_Sayisi']...
2025-12-22 05:46:39 | INFO     | veri_cek | add_population_features:190 | 1 nüfus kolonu bulundu: ['Nufus_Sayisi']...
2025-12-22 05:46:39 | INFO     | veri_cek | add_population_features:190 | 1 nüfus kolonu bulundu: ['Nufus_Sayisi']...
2025-12-22 05:46:40 | INFO     | veri_cek | fetch_tables:455 | Tablolar cache'den alındı.
2025-12-22 05:46:40 | INFO     | veri_cek | fetch_tables:455 | Tablolar cache'den alındı.
2025-12-22 05:46:41 | INFO     | veri_cek | build_train_test_frames:504 | Merge bitti -> Train: (1886, 31), Test: (1722, 31)
2025-12-22 05:46:41 | INFO     | veri_cek | build_train_test_frames:504 | Merge bitti -> Train: (1886, 31), Test: (1722, 31)
2025-12-22 05:46:41 | INFO     | veri_cek | add_weather_features:149 | 2 hava durumu kolonu bulundu: ['windspeed_10m_max', 'windgusts_10m_max']...
2025-12-22 05:46:41 | INFO     | veri_cek | add_weather_features:149 | 2 hava durumu kolonu bulundu: ['windspeed_10m_max', 'windgusts_10m_max']...
2025-12-22 05:46:41 | INFO     | veri_cek | add_population_features:190 | 1 nüfus kolonu bulundu: ['Nufus_Sayisi']...
2025-12-22 05:46:41 | INFO     | veri_cek | add_population_features:190 | 1 nüfus kolonu bulundu: ['Nufus_Sayisi']...
2025-12-22 05:46:42 | INFO     | veri_cek | add_weather_features:149 | 2 hava durumu kolonu bulundu: ['windspeed_10m_max', 'windgusts_10m_max']...
2025-12-22 05:46:42 | INFO     | veri_cek | add_weather_features:149 | 2 hava durumu kolonu bulundu: ['windspeed_10m_max', 'windgusts_10m_max']...
2025-12-22 05:46:42 | INFO     | veri_cek | add_population_features:190 | 1 nüfus kolonu bulundu: ['Nufus_Sayisi']...
2025-12-22 05:46:42 | INFO     | veri_cek | add_population_features:190 | 1 nüfus kolonu bulundu: ['Nufus_Sayisi']...
2025-12-22 05:46:42 | INFO     | veri_cek | fetch_tables:455 | Tablolar cache'den alındı.
2025-12-22 05:46:42 | INFO     | veri_cek | fetch_tables:455 | Tablolar cache'den alındı.
2025-12-22 05:46:42 | INFO     | veri_cek | build_train_test_frames:504 | Merge bitti -> Train: (1886, 31), Test: (1722, 31)
2025-12-22 05:46:42 | INFO     | veri_cek | build_train_test_frames:504 | Merge bitti -> Train: (1886, 31), Test: (1722, 31)
2025-12-22 05:46:43 | INFO     | veri_cek | add_weather_features:149 | 2 hava durumu kolonu bulundu: ['windspeed_10m_max', 'windgusts_10m_max']...
2025-12-22 05:46:43 | INFO     | veri_cek | add_weather_features:149 | 2 hava durumu kolonu bulundu: ['windspeed_10m_max', 'windgusts_10m_max']...
2025-12-22 05:46:43 | INFO     | veri_cek | add_population_features:190 | 1 nüfus kolonu bulundu: ['Nufus_Sayisi']...
2025-12-22 05:46:43 | INFO     | veri_cek | add_population_features:190 | 1 nüfus kolonu bulundu: ['Nufus_Sayisi']...
2025-12-22 05:46:43 | INFO     | veri_cek | add_weather_features:149 | 2 hava durumu kolonu bulundu: ['windspeed_10m_max', 'windgusts_10m_max']...
2025-12-22 05:46:43 | INFO     | veri_cek | add_weather_features:149 | 2 hava durumu kolonu bulundu: ['windspeed_10m_max', 'windgusts_10m_max']...
2025-12-22 05:46:43 | INFO     | veri_cek | add_population_features:190 | 1 nüfus kolonu bulundu: ['Nufus_Sayisi']...
2025-12-22 05:46:44 | INFO     | veri_cek | add_population_features:190 | 1 nüfus kolonu bulundu: ['Nufus_Sayisi']...
2025-12-22 05:47:05 | INFO     | veri_cek | fetch_tables:455 | Tablolar cache'den alındı.
2025-12-22 05:47:05 | INFO     | veri_cek | fetch_tables:455 | Tablolar cache'den alındı.
2025-12-22 05:47:05 | INFO     | veri_cek | fetch_tables:455 | Tablolar cache'den alındı.
2025-12-22 05:47:05 | INFO     | veri_cek | fetch_tables:455 | Tablolar cache'den alındı.
2025-12-22 05:47:05 | INFO     | veri_cek | fetch_tables:455 | Tablolar cache'den alındı.
2025-12-22 05:47:05 | INFO     | veri_cek | fetch_tables:455 | Tablolar cache'den alındı.
2025-12-22 05:47:06 | INFO     | veri_cek | build_train_test_frames:504 | Merge bitti -> Train: (1886, 31), Test: (1722, 31)
2025-12-22 05:47:06 | INFO     | veri_cek | build_train_test_frames:504 | Merge bitti -> Train: (1886, 31), Test: (1722, 31)
2025-12-22 05:47:06 | INFO     | veri_cek | build_train_test_frames:504 | Merge bitti -> Train: (1886, 31), Test: (1722, 31)
2025-12-22 05:47:06 | INFO     | veri_cek | build_train_test_frames:504 | Merge bitti -> Train: (1886, 31), Test: (1722, 31)
2025-12-22 05:47:06 | INFO     | veri_cek | build_train_test_frames:504 | Merge bitti -> Train: (1886, 31), Test: (1722, 31)
2025-12-22 05:47:06 | INFO     | veri_cek | build_train_test_frames:504 | Merge bitti -> Train: (1886, 31), Test: (1722, 31)
2025-12-22 05:47:07 | INFO     | veri_cek | add_weather_features:149 | 2 hava durumu kolonu bulundu: ['windspeed_10m_max', 'windgusts_10m_max']...
2025-12-22 05:47:07 | INFO     | veri_cek | add_weather_features:149 | 2 hava durumu kolonu bulundu: ['windspeed_10m_max', 'windgusts_10m_max']...
2025-12-22 05:47:07 | INFO     | veri_cek | add_weather_features:149 | 2 hava durumu kolonu bulundu: ['windspeed_10m_max', 'windgusts_10m_max']...
2025-12-22 05:47:07 | INFO     | veri_cek | add_weather_features:149 | 2 hava durumu kolonu bulundu: ['windspeed_10m_max', 'windgusts_10m_max']...
2025-12-22 05:47:07 | INFO     | veri_cek | add_weather_features:149 | 2 hava durumu kolonu bulundu: ['windspeed_10m_max', 'windgusts_10m_max']...
2025-12-22 05:47:07 | INFO     | veri_cek | add_weather_features:149 | 2 hava durumu kolonu bulundu: ['windspeed_10m_max', 'windgusts_10m_max']...
2025-12-22 05:47:08 | INFO     | veri_cek | add_population_features:190 | 1 nüfus kolonu bulundu: ['Nufus_Sayisi']...
2025-12-22 05:47:08 | INFO     | veri_cek | add_population_features:190 | 1 nüfus kolonu bulundu: ['Nufus_Sayisi']...
2025-12-22 05:47:08 | INFO     | veri_cek | add_population_features:190 | 1 nüfus kolonu bulundu: ['Nufus_Sayisi']...
2025-12-22 05:47:08 | INFO     | veri_cek | add_population_features:190 | 1 nüfus kolonu bulundu: ['Nufus_Sayisi']...
2025-12-22 05:47:08 | INFO     | veri_cek | add_population_features:190 | 1 nüfus kolonu bulundu: ['Nufus_Sayisi']...
2025-12-22 05:47:08 | INFO     | veri_cek | add_population_features:190 | 1 nüfus kolonu bulundu: ['Nufus_Sayisi']...
2025-12-22 05:47:09 | INFO     | veri_cek | add_weather_features:149 | 2 hava durumu kolonu bulundu: ['windspeed_10m_max', 'windgusts_10m_max']...
2025-12-22 05:47:09 | INFO     | veri_cek | add_weather_features:149 | 2 hava durumu kolonu bulundu: ['windspeed_10m_max', 'windgusts_10m_max']...
2025-12-22 05:47:09 | INFO     | veri_cek | add_weather_features:149 | 2 hava durumu kolonu bulundu: ['windspeed_10m_max', 'windgusts_10m_max']...
2025-12-22 05:47:09 | INFO     | veri_cek | add_weather_features:149 | 2 hava durumu kolonu bulundu: ['windspeed_10m_max', 'windgusts_10m_max']...
2025-12-22 05:47:09 | INFO     | veri_cek | add_weather_features:149 | 2 hava durumu kolonu bulundu: ['windspeed_10m_max', 'windgusts_10m_max']...
2025-12-22 05:47:09 | INFO     | veri_cek | add_weather_features:149 | 2 hava durumu kolonu bulundu: ['windspeed_10m_max', 'windgusts_10m_max']...
2025-12-22 05:47:09 | INFO     | veri_cek | add_population_features:190 | 1 nüfus kolonu bulundu: ['Nufus_Sayisi']...
2025-12-22 05:47:09 | INFO     | veri_cek | add_population_features:190 | 1 nüfus kolonu bulundu: ['Nufus_Sayisi']...
2025-12-22 05:47:09 | INFO     | veri_cek | add_population_features:190 | 1 nüfus kolonu bulundu: ['Nufus_Sayisi']...
2025-12-22 05:47:09 | INFO     | veri_cek | fetch_tables:455 | Tablolar cache'den alındı.
2025-12-22 05:47:09 | INFO     | veri_cek | add_population_features:190 | 1 nüfus kolonu bulundu: ['Nufus_Sayisi']...
2025-12-22 05:47:09 | INFO     | veri_cek | add_population_features:190 | 1 nüfus kolonu bulundu: ['Nufus_Sayisi']...
2025-12-22 05:47:09 | INFO     | veri_cek | add_population_features:190 | 1 nüfus kolonu bulundu: ['Nufus_Sayisi']...
2025-12-22 05:47:09 | INFO     | veri_cek | fetch_tables:455 | Tablolar cache'den alındı.
2025-12-22 05:47:09 | INFO     | veri_cek | fetch_tables:455 | Tablolar cache'den alındı.
2025-12-22 05:47:10 | INFO     | veri_cek | fetch_tables:455 | Tablolar cache'den alındı.
2025-12-22 05:47:10 | INFO     | veri_cek | fetch_tables:455 | Tablolar cache'den alındı.
2025-12-22 05:47:10 | INFO     | veri_cek | fetch_tables:455 | Tablolar cache'den alındı.
2025-12-22 05:47:10 | INFO     | veri_cek | build_train_test_frames:504 | Merge bitti -> Train: (1886, 31), Test: (1722, 31)
2025-12-22 05:47:10 | INFO     | veri_cek | build_train_test_frames:504 | Merge bitti -> Train: (1886, 31), Test: (1722, 31)
2025-12-22 05:47:10 | INFO     | veri_cek | build_train_test_frames:504 | Merge bitti -> Train: (1886, 31), Test: (1722, 31)
2025-12-22 05:47:10 | INFO     | veri_cek | build_train_test_frames:504 | Merge bitti -> Train: (1886, 31), Test: (1722, 31)
2025-12-22 05:47:10 | INFO     | veri_cek | build_train_test_frames:504 | Merge bitti -> Train: (1886, 31), Test: (1722, 31)
2025-12-22 05:47:10 | INFO     | veri_cek | build_train_test_frames:504 | Merge bitti -> Train: (1886, 31), Test: (1722, 31)
2025-12-22 05:47:11 | INFO     | veri_cek | add_weather_features:149 | 2 hava durumu kolonu bulundu: ['windspeed_10m_max', 'windgusts_10m_max']...
2025-12-22 05:47:11 | INFO     | veri_cek | add_weather_features:149 | 2 hava durumu kolonu bulundu: ['windspeed_10m_max', 'windgusts_10m_max']...
2025-12-22 05:47:11 | INFO     | veri_cek | add_weather_features:149 | 2 hava durumu kolonu bulundu: ['windspeed_10m_max', 'windgusts_10m_max']...
2025-12-22 05:47:11 | INFO     | veri_cek | add_weather_features:149 | 2 hava durumu kolonu bulundu: ['windspeed_10m_max', 'windgusts_10m_max']...
2025-12-22 05:47:11 | INFO     | veri_cek | add_weather_features:149 | 2 hava durumu kolonu bulundu: ['windspeed_10m_max', 'windgusts_10m_max']...
2025-12-22 05:47:11 | INFO     | veri_cek | add_weather_features:149 | 2 hava durumu kolonu bulundu: ['windspeed_10m_max', 'windgusts_10m_max']...
2025-12-22 05:47:11 | INFO     | veri_cek | add_population_features:190 | 1 nüfus kolonu bulundu: ['Nufus_Sayisi']...
2025-12-22 05:47:11 | INFO     | veri_cek | add_population_features:190 | 1 nüfus kolonu bulundu: ['Nufus_Sayisi']...
2025-12-22 05:47:11 | INFO     | veri_cek | add_population_features:190 | 1 nüfus kolonu bulundu: ['Nufus_Sayisi']...
2025-12-22 05:47:11 | INFO     | veri_cek | add_population_features:190 | 1 nüfus kolonu bulundu: ['Nufus_Sayisi']...
2025-12-22 05:47:11 | INFO     | veri_cek | add_population_features:190 | 1 nüfus kolonu bulundu: ['Nufus_Sayisi']...
2025-12-22 05:47:12 | INFO     | veri_cek | add_population_features:190 | 1 nüfus kolonu bulundu: ['Nufus_Sayisi']...
2025-12-22 05:47:13 | INFO     | veri_cek | add_weather_features:149 | 2 hava durumu kolonu bulundu: ['windspeed_10m_max', 'windgusts_10m_max']...
2025-12-22 05:47:13 | INFO     | veri_cek | add_weather_features:149 | 2 hava durumu kolonu bulundu: ['windspeed_10m_max', 'windgusts_10m_max']...
2025-12-22 05:47:13 | INFO     | veri_cek | add_weather_features:149 | 2 hava durumu kolonu bulundu: ['windspeed_10m_max', 'windgusts_10m_max']...
2025-12-22 05:47:13 | INFO     | veri_cek | add_weather_features:149 | 2 hava durumu kolonu bulundu: ['windspeed_10m_max', 'windgusts_10m_max']...
2025-12-22 05:47:13 | INFO     | veri_cek | add_weather_features:149 | 2 hava durumu kolonu bulundu: ['windspeed_10m_max', 'windgusts_10m_max']...
2025-12-22 05:47:13 | INFO     | veri_cek | add_weather_features:149 | 2 hava durumu kolonu bulundu: ['windspeed_10m_max', 'windgusts_10m_max']...
2025-12-22 05:47:13 | INFO     | veri_cek | add_population_features:190 | 1 nüfus kolonu bulundu: ['Nufus_Sayisi']...
2025-12-22 05:47:13 | INFO     | veri_cek | add_population_features:190 | 1 nüfus kolonu bulundu: ['Nufus_Sayisi']...
2025-12-22 05:47:13 | INFO     | veri_cek | add_population_features:190 | 1 nüfus kolonu bulundu: ['Nufus_Sayisi']...
2025-12-22 05:47:13 | INFO     | veri_cek | add_population_features:190 | 1 nüfus kolonu bulundu: ['Nufus_Sayisi']...
2025-12-22 05:47:13 | INFO     | veri_cek | add_population_features:190 | 1 nüfus kolonu bulundu: ['Nufus_Sayisi']...
2025-12-22 05:47:14 | INFO     | veri_cek | add_population_features:190 | 1 nüfus kolonu bulundu: ['Nufus_Sayisi']...
2025-12-22 05:47:14 | INFO     | veri_cek | fetch_tables:455 | Tablolar cache'den alındı.
2025-12-22 05:47:14 | INFO     | veri_cek | fetch_tables:455 | Tablolar cache'den alındı.
2025-12-22 05:47:15 | INFO     | veri_cek | build_train_test_frames:504 | Merge bitti -> Train: (1886, 31), Test: (1722, 31)
2025-12-22 05:47:15 | INFO     | veri_cek | build_train_test_frames:504 | Merge bitti -> Train: (1886, 31), Test: (1722, 31)
2025-12-22 05:47:15 | INFO     | veri_cek | add_weather_features:149 | 2 hava durumu kolonu bulundu: ['windspeed_10m_max', 'windgusts_10m_max']...
2025-12-22 05:47:15 | INFO     | veri_cek | add_weather_features:149 | 2 hava durumu kolonu bulundu: ['windspeed_10m_max', 'windgusts_10m_max']...
2025-12-22 05:47:15 | INFO     | veri_cek | add_population_features:190 | 1 nüfus kolonu bulundu: ['Nufus_Sayisi']...
2025-12-22 05:47:15 | INFO     | veri_cek | add_population_features:190 | 1 nüfus kolonu bulundu: ['Nufus_Sayisi']...
2025-12-22 05:47:15 | INFO     | veri_cek | add_weather_features:149 | 2 hava durumu kolonu bulundu: ['windspeed_10m_max', 'windgusts_10m_max']...
2025-12-22 05:47:15 | INFO     | veri_cek | add_weather_features:149 | 2 hava durumu kolonu bulundu: ['windspeed_10m_max', 'windgusts_10m_max']...
2025-12-22 05:47:15 | INFO     | veri_cek | add_population_features:190 | 1 nüfus kolonu bulundu: ['Nufus_Sayisi']...
2025-12-22 05:47:15 | INFO     | veri_cek | add_population_features:190 | 1 nüfus kolonu bulundu: ['Nufus_Sayisi']...
2025-12-22 05:47:16 | INFO     | veri_cek | fetch_tables:455 | Tablolar cache'den alındı.
2025-12-22 05:47:16 | INFO     | veri_cek | fetch_tables:455 | Tablolar cache'den alındı.
2025-12-22 05:47:16 | INFO     | veri_cek | build_train_test_frames:504 | Merge bitti -> Train: (1886, 31), Test: (1722, 31)
2025-12-22 05:47:16 | INFO     | veri_cek | build_train_test_frames:504 | Merge bitti -> Train: (1886, 31), Test: (1722, 31)
2025-12-22 05:47:16 | INFO     | veri_cek | add_weather_features:149 | 2 hava durumu kolonu bulundu: ['windspeed_10m_max', 'windgusts_10m_max']...
2025-12-22 05:47:16 | INFO     | veri_cek | add_weather_features:149 | 2 hava durumu kolonu bulundu: ['windspeed_10m_max', 'windgusts_10m_max']...
2025-12-22 05:47:16 | INFO     | veri_cek | add_population_features:190 | 1 nüfus kolonu bulundu: ['Nufus_Sayisi']...
2025-12-22 05:47:16 | INFO     | veri_cek | add_population_features:190 | 1 nüfus kolonu bulundu: ['Nufus_Sayisi']...
2025-12-22 05:47:17 | INFO     | veri_cek | add_weather_features:149 | 2 hava durumu kolonu bulundu: ['windspeed_10m_max', 'windgusts_10m_max']...
2025-12-22 05:47:17 | INFO     | veri_cek | add_weather_features:149 | 2 hava durumu kolonu bulundu: ['windspeed_10m_max', 'windgusts_10m_max']...
2025-12-22 05:47:17 | INFO     | veri_cek | add_population_features:190 | 1 nüfus kolonu bulundu: ['Nufus_Sayisi']...
2025-12-22 05:47:17 | INFO     | veri_cek | add_population_features:190 | 1 nüfus kolonu bulundu: ['Nufus_Sayisi']...
2025-12-22 05:48:47 | INFO     | veri_cek | fetch_tables:455 | Tablolar cache'den alındı.
2025-12-22 05:48:47 | INFO     | veri_cek | fetch_tables:455 | Tablolar cache'den alındı.
2025-12-22 05:48:47 | INFO     | veri_cek | fetch_tables:455 | Tablolar cache'den alındı.
2025-12-22 05:48:47 | INFO     | veri_cek | fetch_tables:455 | Tablolar cache'den alındı.
2025-12-22 05:48:47 | INFO     | veri_cek | fetch_tables:455 | Tablolar cache'den alındı.
2025-12-22 05:48:47 | INFO     | veri_cek | fetch_tables:455 | Tablolar cache'den alındı.
2025-12-22 05:48:48 | INFO     | veri_cek | build_train_test_frames:504 | Merge bitti -> Train: (1886, 31), Test: (1722, 31)
2025-12-22 05:48:48 | INFO     | veri_cek | build_train_test_frames:504 | Merge bitti -> Train: (1886, 31), Test: (1722, 31)
2025-12-22 05:48:48 | INFO     | veri_cek | build_train_test_frames:504 | Merge bitti -> Train: (1886, 31), Test: (1722, 31)
2025-12-22 05:48:48 | INFO     | veri_cek | build_train_test_frames:504 | Merge bitti -> Train: (1886, 31), Test: (1722, 31)
2025-12-22 05:48:48 | INFO     | veri_cek | build_train_test_frames:504 | Merge bitti -> Train: (1886, 31), Test: (1722, 31)
2025-12-22 05:48:48 | INFO     | veri_cek | build_train_test_frames:504 | Merge bitti -> Train: (1886, 31), Test: (1722, 31)
2025-12-22 05:48:49 | INFO     | veri_cek | add_weather_features:149 | 2 hava durumu kolonu bulundu: ['windspeed_10m_max', 'windgusts_10m_max']...
2025-12-22 05:48:49 | INFO     | veri_cek | add_weather_features:149 | 2 hava durumu kolonu bulundu: ['windspeed_10m_max', 'windgusts_10m_max']...
2025-12-22 05:48:49 | INFO     | veri_cek | add_weather_features:149 | 2 hava durumu kolonu bulundu: ['windspeed_10m_max', 'windgusts_10m_max']...
2025-12-22 05:48:49 | INFO     | veri_cek | add_weather_features:149 | 2 hava durumu kolonu bulundu: ['windspeed_10m_max', 'windgusts_10m_max']...
2025-12-22 05:48:49 | INFO     | veri_cek | add_weather_features:149 | 2 hava durumu kolonu bulundu: ['windspeed_10m_max', 'windgusts_10m_max']...
2025-12-22 05:48:49 | INFO     | veri_cek | add_weather_features:149 | 2 hava durumu kolonu bulundu: ['windspeed_10m_max', 'windgusts_10m_max']...
2025-12-22 05:48:49 | INFO     | veri_cek | add_population_features:190 | 1 nüfus kolonu bulundu: ['Nufus_Sayisi']...
2025-12-22 05:48:49 | INFO     | veri_cek | add_population_features:190 | 1 nüfus kolonu bulundu: ['Nufus_Sayisi']...
2025-12-22 05:48:49 | INFO     | veri_cek | add_population_features:190 | 1 nüfus kolonu bulundu: ['Nufus_Sayisi']...
2025-12-22 05:48:49 | INFO     | veri_cek | add_population_features:190 | 1 nüfus kolonu bulundu: ['Nufus_Sayisi']...
2025-12-22 05:48:49 | INFO     | veri_cek | add_population_features:190 | 1 nüfus kolonu bulundu: ['Nufus_Sayisi']...
2025-12-22 05:48:49 | INFO     | veri_cek | add_population_features:190 | 1 nüfus kolonu bulundu: ['Nufus_Sayisi']...
2025-12-22 05:48:50 | INFO     | veri_cek | add_weather_features:149 | 2 hava durumu kolonu bulundu: ['windspeed_10m_max', 'windgusts_10m_max']...
2025-12-22 05:48:50 | INFO     | veri_cek | add_weather_features:149 | 2 hava durumu kolonu bulundu: ['windspeed_10m_max', 'windgusts_10m_max']...
2025-12-22 05:48:50 | INFO     | veri_cek | add_weather_features:149 | 2 hava durumu kolonu bulundu: ['windspeed_10m_max', 'windgusts_10m_max']...
2025-12-22 05:48:50 | INFO     | veri_cek | add_weather_features:149 | 2 hava durumu kolonu bulundu: ['windspeed_10m_max', 'windgusts_10m_max']...
2025-12-22 05:48:50 | INFO     | veri_cek | add_weather_features:149 | 2 hava durumu kolonu bulundu: ['windspeed_10m_max', 'windgusts_10m_max']...
2025-12-22 05:48:50 | INFO     | veri_cek | add_weather_features:149 | 2 hava durumu kolonu bulundu: ['windspeed_10m_max', 'windgusts_10m_max']...
2025-12-22 05:48:50 | INFO     | veri_cek | add_population_features:190 | 1 nüfus kolonu bulundu: ['Nufus_Sayisi']...
2025-12-22 05:48:50 | INFO     | veri_cek | add_population_features:190 | 1 nüfus kolonu bulundu: ['Nufus_Sayisi']...
2025-12-22 05:48:50 | INFO     | veri_cek | add_population_features:190 | 1 nüfus kolonu bulundu: ['Nufus_Sayisi']...
2025-12-22 05:48:50 | INFO     | veri_cek | add_population_features:190 | 1 nüfus kolonu bulundu: ['Nufus_Sayisi']...
2025-12-22 05:48:50 | INFO     | veri_cek | add_population_features:190 | 1 nüfus kolonu bulundu: ['Nufus_Sayisi']...
2025-12-22 05:48:50 | INFO     | veri_cek | add_population_features:190 | 1 nüfus kolonu bulundu: ['Nufus_Sayisi']...
2025-12-22 05:48:50 | INFO     | veri_cek | fetch_tables:455 | Tablolar cache'den alındı.
2025-12-22 05:48:50 | INFO     | veri_cek | fetch_tables:455 | Tablolar cache'den alındı.
2025-12-22 05:48:50 | INFO     | veri_cek | fetch_tables:455 | Tablolar cache'den alındı.
2025-12-22 05:48:50 | INFO     | veri_cek | fetch_tables:455 | Tablolar cache'den alındı.
2025-12-22 05:48:50 | INFO     | veri_cek | fetch_tables:455 | Tablolar cache'den alındı.
2025-12-22 05:48:50 | INFO     | veri_cek | fetch_tables:455 | Tablolar cache'den alındı.
2025-12-22 05:48:51 | INFO     | veri_cek | build_train_test_frames:504 | Merge bitti -> Train: (1886, 31), Test: (1722, 31)
2025-12-22 05:48:51 | INFO     | veri_cek | build_train_test_frames:504 | Merge bitti -> Train: (1886, 31), Test: (1722, 31)
2025-12-22 05:48:51 | INFO     | veri_cek | build_train_test_frames:504 | Merge bitti -> Train: (1886, 31), Test: (1722, 31)
2025-12-22 05:48:51 | INFO     | veri_cek | build_train_test_frames:504 | Merge bitti -> Train: (1886, 31), Test: (1722, 31)
2025-12-22 05:48:51 | INFO     | veri_cek | build_train_test_frames:504 | Merge bitti -> Train: (1886, 31), Test: (1722, 31)
2025-12-22 05:48:51 | INFO     | veri_cek | build_train_test_frames:504 | Merge bitti -> Train: (1886, 31), Test: (1722, 31)
2025-12-22 05:48:52 | INFO     | veri_cek | add_weather_features:149 | 2 hava durumu kolonu bulundu: ['windspeed_10m_max', 'windgusts_10m_max']...
2025-12-22 05:48:52 | INFO     | veri_cek | add_weather_features:149 | 2 hava durumu kolonu bulundu: ['windspeed_10m_max', 'windgusts_10m_max']...
2025-12-22 05:48:52 | INFO     | veri_cek | add_weather_features:149 | 2 hava durumu kolonu bulundu: ['windspeed_10m_max', 'windgusts_10m_max']...
2025-12-22 05:48:52 | INFO     | veri_cek | add_weather_features:149 | 2 hava durumu kolonu bulundu: ['windspeed_10m_max', 'windgusts_10m_max']...
2025-12-22 05:48:52 | INFO     | veri_cek | add_weather_features:149 | 2 hava durumu kolonu bulundu: ['windspeed_10m_max', 'windgusts_10m_max']...
2025-12-22 05:48:52 | INFO     | veri_cek | add_weather_features:149 | 2 hava durumu kolonu bulundu: ['windspeed_10m_max', 'windgusts_10m_max']...
2025-12-22 05:48:52 | INFO     | veri_cek | add_population_features:190 | 1 nüfus kolonu bulundu: ['Nufus_Sayisi']...
2025-12-22 05:48:52 | INFO     | veri_cek | add_population_features:190 | 1 nüfus kolonu bulundu: ['Nufus_Sayisi']...
2025-12-22 05:48:52 | INFO     | veri_cek | add_population_features:190 | 1 nüfus kolonu bulundu: ['Nufus_Sayisi']...
2025-12-22 05:48:52 | INFO     | veri_cek | add_population_features:190 | 1 nüfus kolonu bulundu: ['Nufus_Sayisi']...
2025-12-22 05:48:52 | INFO     | veri_cek | add_population_features:190 | 1 nüfus kolonu bulundu: ['Nufus_Sayisi']...
2025-12-22 05:48:52 | INFO     | veri_cek | add_population_features:190 | 1 nüfus kolonu bulundu: ['Nufus_Sayisi']...
2025-12-22 05:48:53 | INFO     | veri_cek | add_weather_features:149 | 2 hava durumu kolonu bulundu: ['windspeed_10m_max', 'windgusts_10m_max']...
2025-12-22 05:48:53 | INFO     | veri_cek | add_weather_features:149 | 2 hava durumu kolonu bulundu: ['windspeed_10m_max', 'windgusts_10m_max']...
2025-12-22 05:48:53 | INFO     | veri_cek | add_weather_features:149 | 2 hava durumu kolonu bulundu: ['windspeed_10m_max', 'windgusts_10m_max']...
2025-12-22 05:48:53 | INFO     | veri_cek | add_weather_features:149 | 2 hava durumu kolonu bulundu: ['windspeed_10m_max', 'windgusts_10m_max']...
2025-12-22 05:48:53 | INFO     | veri_cek | add_weather_features:149 | 2 hava durumu kolonu bulundu: ['windspeed_10m_max', 'windgusts_10m_max']...
2025-12-22 05:48:53 | INFO     | veri_cek | add_weather_features:149 | 2 hava durumu kolonu bulundu: ['windspeed_10m_max', 'windgusts_10m_max']...
2025-12-22 05:48:53 | INFO     | veri_cek | add_population_features:190 | 1 nüfus kolonu bulundu: ['Nufus_Sayisi']...
2025-12-22 05:48:53 | INFO     | veri_cek | add_population_features:190 | 1 nüfus kolonu bulundu: ['Nufus_Sayisi']...
2025-12-22 05:48:53 | INFO     | veri_cek | add_population_features:190 | 1 nüfus kolonu bulundu: ['Nufus_Sayisi']...
2025-12-22 05:48:53 | INFO     | veri_cek | add_population_features:190 | 1 nüfus kolonu bulundu: ['Nufus_Sayisi']...
2025-12-22 05:48:53 | INFO     | veri_cek | add_population_features:190 | 1 nüfus kolonu bulundu: ['Nufus_Sayisi']...
2025-12-22 05:48:53 | INFO     | veri_cek | add_population_features:190 | 1 nüfus kolonu bulundu: ['Nufus_Sayisi']...
2025-12-22 05:48:54 | INFO     | veri_cek | fetch_tables:455 | Tablolar cache'den alındı.
2025-12-22 05:48:54 | INFO     | veri_cek | fetch_tables:455 | Tablolar cache'den alındı.
2025-12-22 05:48:54 | INFO     | veri_cek | build_train_test_frames:504 | Merge bitti -> Train: (1886, 31), Test: (1722, 31)
2025-12-22 05:48:54 | INFO     | veri_cek | build_train_test_frames:504 | Merge bitti -> Train: (1886, 31), Test: (1722, 31)
2025-12-22 05:48:55 | INFO     | veri_cek | add_weather_features:149 | 2 hava durumu kolonu bulundu: ['windspeed_10m_max', 'windgusts_10m_max']...
2025-12-22 05:48:55 | INFO     | veri_cek | add_weather_features:149 | 2 hava durumu kolonu bulundu: ['windspeed_10m_max', 'windgusts_10m_max']...
2025-12-22 05:48:55 | INFO     | veri_cek | add_population_features:190 | 1 nüfus kolonu bulundu: ['Nufus_Sayisi']...
2025-12-22 05:48:55 | INFO     | veri_cek | add_population_features:190 | 1 nüfus kolonu bulundu: ['Nufus_Sayisi']...
2025-12-22 05:48:55 | INFO     | veri_cek | add_weather_features:149 | 2 hava durumu kolonu bulundu: ['windspeed_10m_max', 'windgusts_10m_max']...
2025-12-22 05:48:55 | INFO     | veri_cek | add_weather_features:149 | 2 hava durumu kolonu bulundu: ['windspeed_10m_max', 'windgusts_10m_max']...
2025-12-22 05:48:55 | INFO     | veri_cek | add_population_features:190 | 1 nüfus kolonu bulundu: ['Nufus_Sayisi']...
2025-12-22 05:48:55 | INFO     | veri_cek | add_population_features:190 | 1 nüfus kolonu bulundu: ['Nufus_Sayisi']...
2025-12-22 05:48:55 | INFO     | veri_cek | fetch_tables:455 | Tablolar cache'den alındı.
2025-12-22 05:48:55 | INFO     | veri_cek | fetch_tables:455 | Tablolar cache'den alındı.
2025-12-22 05:48:55 | INFO     | veri_cek | build_train_test_frames:504 | Merge bitti -> Train: (1886, 31), Test: (1722, 31)
2025-12-22 05:48:55 | INFO     | veri_cek | build_train_test_frames:504 | Merge bitti -> Train: (1886, 31), Test: (1722, 31)
2025-12-22 05:48:55 | INFO     | veri_cek | add_weather_features:149 | 2 hava durumu kolonu bulundu: ['windspeed_10m_max', 'windgusts_10m_max']...
2025-12-22 05:48:55 | INFO     | veri_cek | add_weather_features:149 | 2 hava durumu kolonu bulundu: ['windspeed_10m_max', 'windgusts_10m_max']...
2025-12-22 05:48:55 | INFO     | veri_cek | add_population_features:190 | 1 nüfus kolonu bulundu: ['Nufus_Sayisi']...
2025-12-22 05:48:56 | INFO     | veri_cek | add_population_features:190 | 1 nüfus kolonu bulundu: ['Nufus_Sayisi']...
2025-12-22 05:48:56 | INFO     | veri_cek | add_weather_features:149 | 2 hava durumu kolonu bulundu: ['windspeed_10m_max', 'windgusts_10m_max']...
2025-12-22 05:48:56 | INFO     | veri_cek | add_weather_features:149 | 2 hava durumu kolonu bulundu: ['windspeed_10m_max', 'windgusts_10m_max']...
2025-12-22 05:48:56 | INFO     | veri_cek | add_population_features:190 | 1 nüfus kolonu bulundu: ['Nufus_Sayisi']...
2025-12-22 05:48:56 | INFO     | veri_cek | add_population_features:190 | 1 nüfus kolonu bulundu: ['Nufus_Sayisi']...
2025-12-22 05:49:28 | INFO     | veri_cek | fetch_tables:455 | Tablolar cache'den alındı.
2025-12-22 05:49:28 | INFO     | veri_cek | fetch_tables:455 | Tablolar cache'den alındı.
2025-12-22 05:49:28 | INFO     | veri_cek | fetch_tables:455 | Tablolar cache'den alındı.
2025-12-22 05:49:28 | INFO     | veri_cek | fetch_tables:455 | Tablolar cache'den alındı.
2025-12-22 05:49:28 | INFO     | veri_cek | fetch_tables:455 | Tablolar cache'den alındı.
2025-12-22 05:49:28 | INFO     | veri_cek | fetch_tables:455 | Tablolar cache'den alındı.
2025-12-22 05:49:29 | INFO     | veri_cek | build_train_test_frames:504 | Merge bitti -> Train: (1886, 31), Test: (1722, 31)
2025-12-22 05:49:29 | INFO     | veri_cek | build_train_test_frames:504 | Merge bitti -> Train: (1886, 31), Test: (1722, 31)
2025-12-22 05:49:29 | INFO     | veri_cek | build_train_test_frames:504 | Merge bitti -> Train: (1886, 31), Test: (1722, 31)
2025-12-22 05:49:29 | INFO     | veri_cek | build_train_test_frames:504 | Merge bitti -> Train: (1886, 31), Test: (1722, 31)
2025-12-22 05:49:29 | INFO     | veri_cek | build_train_test_frames:504 | Merge bitti -> Train: (1886, 31), Test: (1722, 31)
2025-12-22 05:49:29 | INFO     | veri_cek | build_train_test_frames:504 | Merge bitti -> Train: (1886, 31), Test: (1722, 31)
2025-12-22 05:49:29 | INFO     | veri_cek | add_weather_features:149 | 2 hava durumu kolonu bulundu: ['windspeed_10m_max', 'windgusts_10m_max']...
2025-12-22 05:49:30 | INFO     | veri_cek | add_weather_features:149 | 2 hava durumu kolonu bulundu: ['windspeed_10m_max', 'windgusts_10m_max']...
2025-12-22 05:49:30 | INFO     | veri_cek | add_weather_features:149 | 2 hava durumu kolonu bulundu: ['windspeed_10m_max', 'windgusts_10m_max']...
2025-12-22 05:49:30 | INFO     | veri_cek | add_weather_features:149 | 2 hava durumu kolonu bulundu: ['windspeed_10m_max', 'windgusts_10m_max']...
2025-12-22 05:49:30 | INFO     | veri_cek | add_weather_features:149 | 2 hava durumu kolonu bulundu: ['windspeed_10m_max', 'windgusts_10m_max']...
2025-12-22 05:49:30 | INFO     | veri_cek | add_weather_features:149 | 2 hava durumu kolonu bulundu: ['windspeed_10m_max', 'windgusts_10m_max']...
2025-12-22 05:49:30 | INFO     | veri_cek | add_population_features:190 | 1 nüfus kolonu bulundu: ['Nufus_Sayisi']...
2025-12-22 05:49:30 | INFO     | veri_cek | add_population_features:190 | 1 nüfus kolonu bulundu: ['Nufus_Sayisi']...
2025-12-22 05:49:30 | INFO     | veri_cek | add_population_features:190 | 1 nüfus kolonu bulundu: ['Nufus_Sayisi']...
2025-12-22 05:49:30 | INFO     | veri_cek | add_population_features:190 | 1 nüfus kolonu bulundu: ['Nufus_Sayisi']...
2025-12-22 05:49:30 | INFO     | veri_cek | add_population_features:190 | 1 nüfus kolonu bulundu: ['Nufus_Sayisi']...
2025-12-22 05:49:30 | INFO     | veri_cek | add_population_features:190 | 1 nüfus kolonu bulundu: ['Nufus_Sayisi']...
2025-12-22 05:49:31 | INFO     | veri_cek | add_weather_features:149 | 2 hava durumu kolonu bulundu: ['windspeed_10m_max', 'windgusts_10m_max']...
2025-12-22 05:49:31 | INFO     | veri_cek | add_weather_features:149 | 2 hava durumu kolonu bulundu: ['windspeed_10m_max', 'windgusts_10m_max']...
2025-12-22 05:49:31 | INFO     | veri_cek | add_weather_features:149 | 2 hava durumu kolonu bulundu: ['windspeed_10m_max', 'windgusts_10m_max']...
2025-12-22 05:49:31 | INFO     | veri_cek | add_weather_features:149 | 2 hava durumu kolonu bulundu: ['windspeed_10m_max', 'windgusts_10m_max']...
2025-12-22 05:49:31 | INFO     | veri_cek | add_weather_features:149 | 2 hava durumu kolonu bulundu: ['windspeed_10m_max', 'windgusts_10m_max']...
2025-12-22 05:49:31 | INFO     | veri_cek | add_weather_features:149 | 2 hava durumu kolonu bulundu: ['windspeed_10m_max', 'windgusts_10m_max']...
2025-12-22 05:49:31 | INFO     | veri_cek | add_population_features:190 | 1 nüfus kolonu bulundu: ['Nufus_Sayisi']...
2025-12-22 05:49:31 | INFO     | veri_cek | add_population_features:190 | 1 nüfus kolonu bulundu: ['Nufus_Sayisi']...
2025-12-22 05:49:31 | INFO     | veri_cek | add_population_features:190 | 1 nüfus kolonu bulundu: ['Nufus_Sayisi']...
2025-12-22 05:49:31 | INFO     | veri_cek | add_population_features:190 | 1 nüfus kolonu bulundu: ['Nufus_Sayisi']...
2025-12-22 05:49:31 | INFO     | veri_cek | add_population_features:190 | 1 nüfus kolonu bulundu: ['Nufus_Sayisi']...
2025-12-22 05:49:32 | INFO     | veri_cek | add_population_features:190 | 1 nüfus kolonu bulundu: ['Nufus_Sayisi']...
2025-12-22 05:49:32 | INFO     | veri_cek | fetch_tables:455 | Tablolar cache'den alındı.
2025-12-22 05:49:32 | INFO     | veri_cek | fetch_tables:455 | Tablolar cache'den alındı.
2025-12-22 05:49:32 | INFO     | veri_cek | fetch_tables:455 | Tablolar cache'den alındı.
2025-12-22 05:49:32 | INFO     | veri_cek | fetch_tables:455 | Tablolar cache'den alındı.
2025-12-22 05:49:32 | INFO     | veri_cek | fetch_tables:455 | Tablolar cache'den alındı.
2025-12-22 05:49:32 | INFO     | veri_cek | fetch_tables:455 | Tablolar cache'den alındı.
2025-12-22 05:49:32 | INFO     | veri_cek | build_train_test_frames:504 | Merge bitti -> Train: (1886, 31), Test: (1722, 31)
2025-12-22 05:49:32 | INFO     | veri_cek | build_train_test_frames:504 | Merge bitti -> Train: (1886, 31), Test: (1722, 31)
2025-12-22 05:49:32 | INFO     | veri_cek | build_train_test_frames:504 | Merge bitti -> Train: (1886, 31), Test: (1722, 31)
2025-12-22 05:49:32 | INFO     | veri_cek | build_train_test_frames:504 | Merge bitti -> Train: (1886, 31), Test: (1722, 31)
2025-12-22 05:49:32 | INFO     | veri_cek | build_train_test_frames:504 | Merge bitti -> Train: (1886, 31), Test: (1722, 31)
2025-12-22 05:49:32 | INFO     | veri_cek | build_train_test_frames:504 | Merge bitti -> Train: (1886, 31), Test: (1722, 31)
2025-12-22 05:49:33 | INFO     | veri_cek | add_weather_features:149 | 2 hava durumu kolonu bulundu: ['windspeed_10m_max', 'windgusts_10m_max']...
2025-12-22 05:49:33 | INFO     | veri_cek | add_weather_features:149 | 2 hava durumu kolonu bulundu: ['windspeed_10m_max', 'windgusts_10m_max']...
2025-12-22 05:49:33 | INFO     | veri_cek | add_weather_features:149 | 2 hava durumu kolonu bulundu: ['windspeed_10m_max', 'windgusts_10m_max']...
2025-12-22 05:49:33 | INFO     | veri_cek | add_weather_features:149 | 2 hava durumu kolonu bulundu: ['windspeed_10m_max', 'windgusts_10m_max']...
2025-12-22 05:49:33 | INFO     | veri_cek | add_weather_features:149 | 2 hava durumu kolonu bulundu: ['windspeed_10m_max', 'windgusts_10m_max']...
2025-12-22 05:49:33 | INFO     | veri_cek | add_weather_features:149 | 2 hava durumu kolonu bulundu: ['windspeed_10m_max', 'windgusts_10m_max']...
2025-12-22 05:49:33 | INFO     | veri_cek | add_population_features:190 | 1 nüfus kolonu bulundu: ['Nufus_Sayisi']...
2025-12-22 05:49:33 | INFO     | veri_cek | add_population_features:190 | 1 nüfus kolonu bulundu: ['Nufus_Sayisi']...
2025-12-22 05:49:33 | INFO     | veri_cek | add_population_features:190 | 1 nüfus kolonu bulundu: ['Nufus_Sayisi']...
2025-12-22 05:49:33 | INFO     | veri_cek | add_population_features:190 | 1 nüfus kolonu bulundu: ['Nufus_Sayisi']...
2025-12-22 05:49:33 | INFO     | veri_cek | add_population_features:190 | 1 nüfus kolonu bulundu: ['Nufus_Sayisi']...
2025-12-22 05:49:33 | INFO     | veri_cek | add_population_features:190 | 1 nüfus kolonu bulundu: ['Nufus_Sayisi']...
2025-12-22 05:49:34 | INFO     | veri_cek | add_weather_features:149 | 2 hava durumu kolonu bulundu: ['windspeed_10m_max', 'windgusts_10m_max']...
2025-12-22 05:49:34 | INFO     | veri_cek | add_weather_features:149 | 2 hava durumu kolonu bulundu: ['windspeed_10m_max', 'windgusts_10m_max']...
2025-12-22 05:49:34 | INFO     | veri_cek | add_weather_features:149 | 2 hava durumu kolonu bulundu: ['windspeed_10m_max', 'windgusts_10m_max']...
2025-12-22 05:49:34 | INFO     | veri_cek | add_weather_features:149 | 2 hava durumu kolonu bulundu: ['windspeed_10m_max', 'windgusts_10m_max']...
2025-12-22 05:49:34 | INFO     | veri_cek | add_weather_features:149 | 2 hava durumu kolonu bulundu: ['windspeed_10m_max', 'windgusts_10m_max']...
2025-12-22 05:49:34 | INFO     | veri_cek | add_weather_features:149 | 2 hava durumu kolonu bulundu: ['windspeed_10m_max', 'windgusts_10m_max']...
2025-12-22 05:49:34 | INFO     | veri_cek | add_population_features:190 | 1 nüfus kolonu bulundu: ['Nufus_Sayisi']...
2025-12-22 05:49:34 | INFO     | veri_cek | add_population_features:190 | 1 nüfus kolonu bulundu: ['Nufus_Sayisi']...
2025-12-22 05:49:34 | INFO     | veri_cek | add_population_features:190 | 1 nüfus kolonu bulundu: ['Nufus_Sayisi']...
2025-12-22 05:49:35 | INFO     | veri_cek | add_population_features:190 | 1 nüfus kolonu bulundu: ['Nufus_Sayisi']...
2025-12-22 05:49:35 | INFO     | veri_cek | add_population_features:190 | 1 nüfus kolonu bulundu: ['Nufus_Sayisi']...
2025-12-22 05:49:35 | INFO     | veri_cek | add_population_features:190 | 1 nüfus kolonu bulundu: ['Nufus_Sayisi']...
2025-12-22 05:49:36 | INFO     | veri_cek | fetch_tables:455 | Tablolar cache'den alındı.
2025-12-22 05:49:36 | INFO     | veri_cek | fetch_tables:455 | Tablolar cache'den alındı.
2025-12-22 05:49:36 | INFO     | veri_cek | build_train_test_frames:504 | Merge bitti -> Train: (1886, 31), Test: (1722, 31)
2025-12-22 05:49:36 | INFO     | veri_cek | build_train_test_frames:504 | Merge bitti -> Train: (1886, 31), Test: (1722, 31)
2025-12-22 05:49:36 | INFO     | veri_cek | add_weather_features:149 | 2 hava durumu kolonu bulundu: ['windspeed_10m_max', 'windgusts_10m_max']...
2025-12-22 05:49:36 | INFO     | veri_cek | add_weather_features:149 | 2 hava durumu kolonu bulundu: ['windspeed_10m_max', 'windgusts_10m_max']...
2025-12-22 05:49:36 | INFO     | veri_cek | add_population_features:190 | 1 nüfus kolonu bulundu: ['Nufus_Sayisi']...
2025-12-22 05:49:36 | INFO     | veri_cek | add_population_features:190 | 1 nüfus kolonu bulundu: ['Nufus_Sayisi']...
2025-12-22 05:49:36 | INFO     | veri_cek | add_weather_features:149 | 2 hava durumu kolonu bulundu: ['windspeed_10m_max', 'windgusts_10m_max']...
2025-12-22 05:49:36 | INFO     | veri_cek | add_weather_features:149 | 2 hava durumu kolonu bulundu: ['windspeed_10m_max', 'windgusts_10m_max']...
2025-12-22 05:49:37 | INFO     | veri_cek | add_population_features:190 | 1 nüfus kolonu bulundu: ['Nufus_Sayisi']...
2025-12-22 05:49:37 | INFO     | veri_cek | fetch_tables:455 | Tablolar cache'den alındı.
2025-12-22 05:49:37 | INFO     | veri_cek | add_population_features:190 | 1 nüfus kolonu bulundu: ['Nufus_Sayisi']...
2025-12-22 05:49:37 | INFO     | veri_cek | build_train_test_frames:504 | Merge bitti -> Train: (1886, 31), Test: (1722, 31)
2025-12-22 05:49:37 | INFO     | veri_cek | fetch_tables:455 | Tablolar cache'den alındı.
2025-12-22 05:49:37 | INFO     | veri_cek | build_train_test_frames:504 | Merge bitti -> Train: (1886, 31), Test: (1722, 31)
2025-12-22 05:49:37 | INFO     | veri_cek | add_weather_features:149 | 2 hava durumu kolonu bulundu: ['windspeed_10m_max', 'windgusts_10m_max']...
2025-12-22 05:49:37 | INFO     | veri_cek | add_population_features:190 | 1 nüfus kolonu bulundu: ['Nufus_Sayisi']...
2025-12-22 05:49:37 | INFO     | veri_cek | add_weather_features:149 | 2 hava durumu kolonu bulundu: ['windspeed_10m_max', 'windgusts_10m_max']...
2025-12-22 05:49:37 | INFO     | veri_cek | add_population_features:190 | 1 nüfus kolonu bulundu: ['Nufus_Sayisi']...
2025-12-22 05:49:37 | INFO     | veri_cek | add_weather_features:149 | 2 hava durumu kolonu bulundu: ['windspeed_10m_max', 'windgusts_10m_max']...
2025-12-22 05:49:37 | INFO     | veri_cek | add_weather_features:149 | 2 hava durumu kolonu bulundu: ['windspeed_10m_max', 'windgusts_10m_max']...
2025-12-22 05:49:37 | INFO     | veri_cek | add_population_features:190 | 1 nüfus kolonu bulundu: ['Nufus_Sayisi']...
2025-12-22 05:49:37 | INFO     | veri_cek | add_population_features:190 | 1 nüfus kolonu bulundu: ['Nufus_Sayisi']...
2025-12-22 05:50:59 | INFO     | veri_cek | fetch_tables:455 | Tablolar cache'den alındı.
2025-12-22 05:50:59 | INFO     | veri_cek | fetch_tables:455 | Tablolar cache'den alındı.
2025-12-22 05:50:59 | INFO     | veri_cek | fetch_tables:455 | Tablolar cache'den alındı.
2025-12-22 05:50:59 | INFO     | veri_cek | fetch_tables:455 | Tablolar cache'den alındı.
2025-12-22 05:50:59 | INFO     | veri_cek | fetch_tables:455 | Tablolar cache'den alındı.
2025-12-22 05:50:59 | INFO     | veri_cek | fetch_tables:455 | Tablolar cache'den alındı.
2025-12-22 05:50:59 | INFO     | veri_cek | build_train_test_frames:504 | Merge bitti -> Train: (1886, 31), Test: (1722, 31)
2025-12-22 05:50:59 | INFO     | veri_cek | build_train_test_frames:504 | Merge bitti -> Train: (1886, 31), Test: (1722, 31)
2025-12-22 05:50:59 | INFO     | veri_cek | build_train_test_frames:504 | Merge bitti -> Train: (1886, 31), Test: (1722, 31)
2025-12-22 05:50:59 | INFO     | veri_cek | build_train_test_frames:504 | Merge bitti -> Train: (1886, 31), Test: (1722, 31)
2025-12-22 05:50:59 | INFO     | veri_cek | build_train_test_frames:504 | Merge bitti -> Train: (1886, 31), Test: (1722, 31)
2025-12-22 05:50:59 | INFO     | veri_cek | build_train_test_frames:504 | Merge bitti -> Train: (1886, 31), Test: (1722, 31)
2025-12-22 05:51:00 | INFO     | veri_cek | add_weather_features:149 | 2 hava durumu kolonu bulundu: ['windspeed_10m_max', 'windgusts_10m_max']...
2025-12-22 05:51:00 | INFO     | veri_cek | add_weather_features:149 | 2 hava durumu kolonu bulundu: ['windspeed_10m_max', 'windgusts_10m_max']...
2025-12-22 05:51:00 | INFO     | veri_cek | add_weather_features:149 | 2 hava durumu kolonu bulundu: ['windspeed_10m_max', 'windgusts_10m_max']...
2025-12-22 05:51:00 | INFO     | veri_cek | add_weather_features:149 | 2 hava durumu kolonu bulundu: ['windspeed_10m_max', 'windgusts_10m_max']...
2025-12-22 05:51:00 | INFO     | veri_cek | add_weather_features:149 | 2 hava durumu kolonu bulundu: ['windspeed_10m_max', 'windgusts_10m_max']...
2025-12-22 05:51:00 | INFO     | veri_cek | add_weather_features:149 | 2 hava durumu kolonu bulundu: ['windspeed_10m_max', 'windgusts_10m_max']...
2025-12-22 05:51:00 | INFO     | veri_cek | add_population_features:190 | 1 nüfus kolonu bulundu: ['Nufus_Sayisi']...
2025-12-22 05:51:00 | INFO     | veri_cek | add_population_features:190 | 1 nüfus kolonu bulundu: ['Nufus_Sayisi']...
2025-12-22 05:51:00 | INFO     | veri_cek | add_population_features:190 | 1 nüfus kolonu bulundu: ['Nufus_Sayisi']...
2025-12-22 05:51:00 | INFO     | veri_cek | add_population_features:190 | 1 nüfus kolonu bulundu: ['Nufus_Sayisi']...
2025-12-22 05:51:00 | INFO     | veri_cek | add_population_features:190 | 1 nüfus kolonu bulundu: ['Nufus_Sayisi']...
2025-12-22 05:51:00 | INFO     | veri_cek | add_population_features:190 | 1 nüfus kolonu bulundu: ['Nufus_Sayisi']...
2025-12-22 05:51:01 | INFO     | veri_cek | add_weather_features:149 | 2 hava durumu kolonu bulundu: ['windspeed_10m_max', 'windgusts_10m_max']...
2025-12-22 05:51:01 | INFO     | veri_cek | add_weather_features:149 | 2 hava durumu kolonu bulundu: ['windspeed_10m_max', 'windgusts_10m_max']...
2025-12-22 05:51:01 | INFO     | veri_cek | add_weather_features:149 | 2 hava durumu kolonu bulundu: ['windspeed_10m_max', 'windgusts_10m_max']...
2025-12-22 05:51:01 | INFO     | veri_cek | add_weather_features:149 | 2 hava durumu kolonu bulundu: ['windspeed_10m_max', 'windgusts_10m_max']...
2025-12-22 05:51:01 | INFO     | veri_cek | add_weather_features:149 | 2 hava durumu kolonu bulundu: ['windspeed_10m_max', 'windgusts_10m_max']...
2025-12-22 05:51:01 | INFO     | veri_cek | add_weather_features:149 | 2 hava durumu kolonu bulundu: ['windspeed_10m_max', 'windgusts_10m_max']...
2025-12-22 05:51:01 | INFO     | veri_cek | add_population_features:190 | 1 nüfus kolonu bulundu: ['Nufus_Sayisi']...
2025-12-22 05:51:01 | INFO     | veri_cek | add_population_features:190 | 1 nüfus kolonu bulundu: ['Nufus_Sayisi']...
2025-12-22 05:51:01 | INFO     | veri_cek | add_population_features:190 | 1 nüfus kolonu bulundu: ['Nufus_Sayisi']...
2025-12-22 05:51:01 | INFO     | veri_cek | add_population_features:190 | 1 nüfus kolonu bulundu: ['Nufus_Sayisi']...
2025-12-22 05:51:01 | INFO     | veri_cek | add_population_features:190 | 1 nüfus kolonu bulundu: ['Nufus_Sayisi']...
2025-12-22 05:51:01 | INFO     | veri_cek | fetch_tables:455 | Tablolar cache'den alındı.
2025-12-22 05:51:01 | INFO     | veri_cek | add_population_features:190 | 1 nüfus kolonu bulundu: ['Nufus_Sayisi']...
2025-12-22 05:51:01 | INFO     | veri_cek | fetch_tables:455 | Tablolar cache'den alındı.
2025-12-22 05:51:01 | INFO     | veri_cek | fetch_tables:455 | Tablolar cache'den alındı.
2025-12-22 05:51:01 | INFO     | veri_cek | fetch_tables:455 | Tablolar cache'den alındı.
2025-12-22 05:51:01 | INFO     | veri_cek | fetch_tables:455 | Tablolar cache'den alındı.
2025-12-22 05:51:01 | INFO     | veri_cek | fetch_tables:455 | Tablolar cache'den alındı.
2025-12-22 05:51:02 | INFO     | veri_cek | build_train_test_frames:504 | Merge bitti -> Train: (1886, 31), Test: (1722, 31)
2025-12-22 05:51:02 | INFO     | veri_cek | build_train_test_frames:504 | Merge bitti -> Train: (1886, 31), Test: (1722, 31)
2025-12-22 05:51:02 | INFO     | veri_cek | build_train_test_frames:504 | Merge bitti -> Train: (1886, 31), Test: (1722, 31)
2025-12-22 05:51:02 | INFO     | veri_cek | build_train_test_frames:504 | Merge bitti -> Train: (1886, 31), Test: (1722, 31)
2025-12-22 05:51:02 | INFO     | veri_cek | build_train_test_frames:504 | Merge bitti -> Train: (1886, 31), Test: (1722, 31)
2025-12-22 05:51:02 | INFO     | veri_cek | build_train_test_frames:504 | Merge bitti -> Train: (1886, 31), Test: (1722, 31)
2025-12-22 05:51:02 | INFO     | veri_cek | add_weather_features:149 | 2 hava durumu kolonu bulundu: ['windspeed_10m_max', 'windgusts_10m_max']...
2025-12-22 05:51:02 | INFO     | veri_cek | add_weather_features:149 | 2 hava durumu kolonu bulundu: ['windspeed_10m_max', 'windgusts_10m_max']...
2025-12-22 05:51:02 | INFO     | veri_cek | add_weather_features:149 | 2 hava durumu kolonu bulundu: ['windspeed_10m_max', 'windgusts_10m_max']...
2025-12-22 05:51:02 | INFO     | veri_cek | add_weather_features:149 | 2 hava durumu kolonu bulundu: ['windspeed_10m_max', 'windgusts_10m_max']...
2025-12-22 05:51:02 | INFO     | veri_cek | add_weather_features:149 | 2 hava durumu kolonu bulundu: ['windspeed_10m_max', 'windgusts_10m_max']...
2025-12-22 05:51:02 | INFO     | veri_cek | add_weather_features:149 | 2 hava durumu kolonu bulundu: ['windspeed_10m_max', 'windgusts_10m_max']...
2025-12-22 05:51:03 | INFO     | veri_cek | add_population_features:190 | 1 nüfus kolonu bulundu: ['Nufus_Sayisi']...
2025-12-22 05:51:03 | INFO     | veri_cek | add_population_features:190 | 1 nüfus kolonu bulundu: ['Nufus_Sayisi']...
2025-12-22 05:51:03 | INFO     | veri_cek | add_population_features:190 | 1 nüfus kolonu bulundu: ['Nufus_Sayisi']...
2025-12-22 05:51:03 | INFO     | veri_cek | add_population_features:190 | 1 nüfus kolonu bulundu: ['Nufus_Sayisi']...
2025-12-22 05:51:03 | INFO     | veri_cek | add_population_features:190 | 1 nüfus kolonu bulundu: ['Nufus_Sayisi']...
2025-12-22 05:51:03 | INFO     | veri_cek | add_population_features:190 | 1 nüfus kolonu bulundu: ['Nufus_Sayisi']...
2025-12-22 05:51:03 | INFO     | veri_cek | add_weather_features:149 | 2 hava durumu kolonu bulundu: ['windspeed_10m_max', 'windgusts_10m_max']...
2025-12-22 05:51:03 | INFO     | veri_cek | add_weather_features:149 | 2 hava durumu kolonu bulundu: ['windspeed_10m_max', 'windgusts_10m_max']...
2025-12-22 05:51:03 | INFO     | veri_cek | add_weather_features:149 | 2 hava durumu kolonu bulundu: ['windspeed_10m_max', 'windgusts_10m_max']...
2025-12-22 05:51:04 | INFO     | veri_cek | add_weather_features:149 | 2 hava durumu kolonu bulundu: ['windspeed_10m_max', 'windgusts_10m_max']...
2025-12-22 05:51:04 | INFO     | veri_cek | add_weather_features:149 | 2 hava durumu kolonu bulundu: ['windspeed_10m_max', 'windgusts_10m_max']...
2025-12-22 05:51:04 | INFO     | veri_cek | add_weather_features:149 | 2 hava durumu kolonu bulundu: ['windspeed_10m_max', 'windgusts_10m_max']...
2025-12-22 05:51:04 | INFO     | veri_cek | add_population_features:190 | 1 nüfus kolonu bulundu: ['Nufus_Sayisi']...
2025-12-22 05:51:04 | INFO     | veri_cek | add_population_features:190 | 1 nüfus kolonu bulundu: ['Nufus_Sayisi']...
2025-12-22 05:51:04 | INFO     | veri_cek | add_population_features:190 | 1 nüfus kolonu bulundu: ['Nufus_Sayisi']...
2025-12-22 05:51:04 | INFO     | veri_cek | add_population_features:190 | 1 nüfus kolonu bulundu: ['Nufus_Sayisi']...
2025-12-22 05:51:04 | INFO     | veri_cek | add_population_features:190 | 1 nüfus kolonu bulundu: ['Nufus_Sayisi']...
2025-12-22 05:51:04 | INFO     | veri_cek | add_population_features:190 | 1 nüfus kolonu bulundu: ['Nufus_Sayisi']...
2025-12-22 05:51:05 | INFO     | veri_cek | fetch_tables:455 | Tablolar cache'den alındı.
2025-12-22 05:51:05 | INFO     | veri_cek | fetch_tables:455 | Tablolar cache'den alındı.
2025-12-22 05:51:05 | INFO     | veri_cek | build_train_test_frames:504 | Merge bitti -> Train: (1886, 31), Test: (1722, 31)
2025-12-22 05:51:05 | INFO     | veri_cek | build_train_test_frames:504 | Merge bitti -> Train: (1886, 31), Test: (1722, 31)
2025-12-22 05:51:05 | INFO     | veri_cek | add_weather_features:149 | 2 hava durumu kolonu bulundu: ['windspeed_10m_max', 'windgusts_10m_max']...
2025-12-22 05:51:05 | INFO     | veri_cek | add_weather_features:149 | 2 hava durumu kolonu bulundu: ['windspeed_10m_max', 'windgusts_10m_max']...
2025-12-22 05:51:05 | INFO     | veri_cek | add_population_features:190 | 1 nüfus kolonu bulundu: ['Nufus_Sayisi']...
2025-12-22 05:51:05 | INFO     | veri_cek | add_population_features:190 | 1 nüfus kolonu bulundu: ['Nufus_Sayisi']...
2025-12-22 05:51:06 | INFO     | veri_cek | add_weather_features:149 | 2 hava durumu kolonu bulundu: ['windspeed_10m_max', 'windgusts_10m_max']...
2025-12-22 05:51:06 | INFO     | veri_cek | add_weather_features:149 | 2 hava durumu kolonu bulundu: ['windspeed_10m_max', 'windgusts_10m_max']...
2025-12-22 05:51:06 | INFO     | veri_cek | add_population_features:190 | 1 nüfus kolonu bulundu: ['Nufus_Sayisi']...
2025-12-22 05:51:06 | INFO     | veri_cek | add_population_features:190 | 1 nüfus kolonu bulundu: ['Nufus_Sayisi']...
2025-12-22 05:51:06 | INFO     | veri_cek | fetch_tables:455 | Tablolar cache'den alındı.
2025-12-22 05:51:06 | INFO     | veri_cek | fetch_tables:455 | Tablolar cache'den alındı.
2025-12-22 05:51:06 | INFO     | veri_cek | build_train_test_frames:504 | Merge bitti -> Train: (1886, 31), Test: (1722, 31)
2025-12-22 05:51:06 | INFO     | veri_cek | build_train_test_frames:504 | Merge bitti -> Train: (1886, 31), Test: (1722, 31)
2025-12-22 05:51:06 | INFO     | veri_cek | add_weather_features:149 | 2 hava durumu kolonu bulundu: ['windspeed_10m_max', 'windgusts_10m_max']...
2025-12-22 05:51:06 | INFO     | veri_cek | add_weather_features:149 | 2 hava durumu kolonu bulundu: ['windspeed_10m_max', 'windgusts_10m_max']...
2025-12-22 05:51:06 | INFO     | veri_cek | add_population_features:190 | 1 nüfus kolonu bulundu: ['Nufus_Sayisi']...
2025-12-22 05:51:06 | INFO     | veri_cek | add_population_features:190 | 1 nüfus kolonu bulundu: ['Nufus_Sayisi']...
2025-12-22 05:51:07 | INFO     | veri_cek | add_weather_features:149 | 2 hava durumu kolonu bulundu: ['windspeed_10m_max', 'windgusts_10m_max']...
2025-12-22 05:51:07 | INFO     | veri_cek | add_population_features:190 | 1 nüfus kolonu bulundu: ['Nufus_Sayisi']...
2025-12-22 05:51:07 | INFO     | veri_cek | add_weather_features:149 | 2 hava durumu kolonu bulundu: ['windspeed_10m_max', 'windgusts_10m_max']...
2025-12-22 05:51:07 | INFO     | veri_cek | add_population_features:190 | 1 nüfus kolonu bulundu: ['Nufus_Sayisi']...
2025-12-22 06:52:56 | INFO     | veri_cek | fetch_tables:455 | Tablolar cache'den alındı.
2025-12-22 06:52:56 | INFO     | veri_cek | fetch_tables:455 | Tablolar cache'den alındı.
2025-12-22 06:52:56 | INFO     | veri_cek | fetch_tables:455 | Tablolar cache'den alındı.
2025-12-22 06:52:56 | INFO     | veri_cek | fetch_tables:455 | Tablolar cache'den alındı.
2025-12-22 06:52:56 | INFO     | veri_cek | fetch_tables:455 | Tablolar cache'den alındı.
2025-12-22 06:52:56 | INFO     | veri_cek | fetch_tables:455 | Tablolar cache'den alındı.
2025-12-22 06:52:56 | INFO     | veri_cek | build_train_test_frames:504 | Merge bitti -> Train: (1886, 31), Test: (1722, 31)
2025-12-22 06:52:56 | INFO     | veri_cek | build_train_test_frames:504 | Merge bitti -> Train: (1886, 31), Test: (1722, 31)
2025-12-22 06:52:56 | INFO     | veri_cek | build_train_test_frames:504 | Merge bitti -> Train: (1886, 31), Test: (1722, 31)
2025-12-22 06:52:56 | INFO     | veri_cek | build_train_test_frames:504 | Merge bitti -> Train: (1886, 31), Test: (1722, 31)
2025-12-22 06:52:56 | INFO     | veri_cek | build_train_test_frames:504 | Merge bitti -> Train: (1886, 31), Test: (1722, 31)
2025-12-22 06:52:57 | INFO     | veri_cek | build_train_test_frames:504 | Merge bitti -> Train: (1886, 31), Test: (1722, 31)
2025-12-22 06:52:57 | INFO     | veri_cek | add_weather_features:149 | 2 hava durumu kolonu bulundu: ['windspeed_10m_max', 'windgusts_10m_max']...
2025-12-22 06:52:57 | INFO     | veri_cek | add_weather_features:149 | 2 hava durumu kolonu bulundu: ['windspeed_10m_max', 'windgusts_10m_max']...
2025-12-22 06:52:57 | INFO     | veri_cek | add_weather_features:149 | 2 hava durumu kolonu bulundu: ['windspeed_10m_max', 'windgusts_10m_max']...
2025-12-22 06:52:57 | INFO     | veri_cek | add_weather_features:149 | 2 hava durumu kolonu bulundu: ['windspeed_10m_max', 'windgusts_10m_max']...
2025-12-22 06:52:57 | INFO     | veri_cek | add_weather_features:149 | 2 hava durumu kolonu bulundu: ['windspeed_10m_max', 'windgusts_10m_max']...
2025-12-22 06:52:57 | INFO     | veri_cek | add_weather_features:149 | 2 hava durumu kolonu bulundu: ['windspeed_10m_max', 'windgusts_10m_max']...
2025-12-22 06:52:58 | INFO     | veri_cek | add_population_features:190 | 1 nüfus kolonu bulundu: ['Nufus_Sayisi']...
2025-12-22 06:52:58 | INFO     | veri_cek | add_population_features:190 | 1 nüfus kolonu bulundu: ['Nufus_Sayisi']...
2025-12-22 06:52:58 | INFO     | veri_cek | add_population_features:190 | 1 nüfus kolonu bulundu: ['Nufus_Sayisi']...
2025-12-22 06:52:58 | INFO     | veri_cek | add_population_features:190 | 1 nüfus kolonu bulundu: ['Nufus_Sayisi']...
2025-12-22 06:52:58 | INFO     | veri_cek | add_population_features:190 | 1 nüfus kolonu bulundu: ['Nufus_Sayisi']...
2025-12-22 06:52:58 | INFO     | veri_cek | add_population_features:190 | 1 nüfus kolonu bulundu: ['Nufus_Sayisi']...
2025-12-22 06:52:58 | INFO     | veri_cek | add_weather_features:149 | 2 hava durumu kolonu bulundu: ['windspeed_10m_max', 'windgusts_10m_max']...
2025-12-22 06:52:58 | INFO     | veri_cek | add_weather_features:149 | 2 hava durumu kolonu bulundu: ['windspeed_10m_max', 'windgusts_10m_max']...
2025-12-22 06:52:58 | INFO     | veri_cek | add_weather_features:149 | 2 hava durumu kolonu bulundu: ['windspeed_10m_max', 'windgusts_10m_max']...
2025-12-22 06:52:58 | INFO     | veri_cek | add_weather_features:149 | 2 hava durumu kolonu bulundu: ['windspeed_10m_max', 'windgusts_10m_max']...
2025-12-22 06:52:58 | INFO     | veri_cek | add_weather_features:149 | 2 hava durumu kolonu bulundu: ['windspeed_10m_max', 'windgusts_10m_max']...
2025-12-22 06:52:58 | INFO     | veri_cek | add_weather_features:149 | 2 hava durumu kolonu bulundu: ['windspeed_10m_max', 'windgusts_10m_max']...
2025-12-22 06:52:59 | INFO     | veri_cek | add_population_features:190 | 1 nüfus kolonu bulundu: ['Nufus_Sayisi']...
2025-12-22 06:52:59 | INFO     | veri_cek | add_population_features:190 | 1 nüfus kolonu bulundu: ['Nufus_Sayisi']...
2025-12-22 06:52:59 | INFO     | veri_cek | add_population_features:190 | 1 nüfus kolonu bulundu: ['Nufus_Sayisi']...
2025-12-22 06:52:59 | INFO     | veri_cek | add_population_features:190 | 1 nüfus kolonu bulundu: ['Nufus_Sayisi']...
2025-12-22 06:52:59 | INFO     | veri_cek | add_population_features:190 | 1 nüfus kolonu bulundu: ['Nufus_Sayisi']...
2025-12-22 06:52:59 | INFO     | veri_cek | fetch_tables:455 | Tablolar cache'den alındı.
2025-12-22 06:52:59 | INFO     | veri_cek | fetch_tables:455 | Tablolar cache'den alındı.
2025-12-22 06:52:59 | INFO     | veri_cek | add_population_features:190 | 1 nüfus kolonu bulundu: ['Nufus_Sayisi']...
2025-12-22 06:52:59 | INFO     | veri_cek | fetch_tables:455 | Tablolar cache'den alındı.
2025-12-22 06:52:59 | INFO     | veri_cek | fetch_tables:455 | Tablolar cache'den alındı.
2025-12-22 06:52:59 | INFO     | veri_cek | fetch_tables:455 | Tablolar cache'den alındı.
2025-12-22 06:52:59 | INFO     | veri_cek | build_train_test_frames:504 | Merge bitti -> Train: (1886, 31), Test: (1722, 31)
2025-12-22 06:52:59 | INFO     | veri_cek | fetch_tables:455 | Tablolar cache'den alındı.
2025-12-22 06:52:59 | INFO     | veri_cek | build_train_test_frames:504 | Merge bitti -> Train: (1886, 31), Test: (1722, 31)
2025-12-22 06:52:59 | INFO     | veri_cek | build_train_test_frames:504 | Merge bitti -> Train: (1886, 31), Test: (1722, 31)
2025-12-22 06:52:59 | INFO     | veri_cek | build_train_test_frames:504 | Merge bitti -> Train: (1886, 31), Test: (1722, 31)
2025-12-22 06:52:59 | INFO     | veri_cek | build_train_test_frames:504 | Merge bitti -> Train: (1886, 31), Test: (1722, 31)
2025-12-22 06:52:59 | INFO     | veri_cek | build_train_test_frames:504 | Merge bitti -> Train: (1886, 31), Test: (1722, 31)
2025-12-22 06:53:00 | INFO     | veri_cek | add_weather_features:149 | 2 hava durumu kolonu bulundu: ['windspeed_10m_max', 'windgusts_10m_max']...
2025-12-22 06:53:00 | INFO     | veri_cek | add_weather_features:149 | 2 hava durumu kolonu bulundu: ['windspeed_10m_max', 'windgusts_10m_max']...
2025-12-22 06:53:00 | INFO     | veri_cek | add_weather_features:149 | 2 hava durumu kolonu bulundu: ['windspeed_10m_max', 'windgusts_10m_max']...
2025-12-22 06:53:00 | INFO     | veri_cek | add_weather_features:149 | 2 hava durumu kolonu bulundu: ['windspeed_10m_max', 'windgusts_10m_max']...
2025-12-22 06:53:00 | INFO     | veri_cek | add_weather_features:149 | 2 hava durumu kolonu bulundu: ['windspeed_10m_max', 'windgusts_10m_max']...
2025-12-22 06:53:00 | INFO     | veri_cek | add_weather_features:149 | 2 hava durumu kolonu bulundu: ['windspeed_10m_max', 'windgusts_10m_max']...
2025-12-22 06:53:00 | INFO     | veri_cek | add_population_features:190 | 1 nüfus kolonu bulundu: ['Nufus_Sayisi']...
2025-12-22 06:53:00 | INFO     | veri_cek | add_population_features:190 | 1 nüfus kolonu bulundu: ['Nufus_Sayisi']...
2025-12-22 06:53:00 | INFO     | veri_cek | add_population_features:190 | 1 nüfus kolonu bulundu: ['Nufus_Sayisi']...
2025-12-22 06:53:00 | INFO     | veri_cek | add_population_features:190 | 1 nüfus kolonu bulundu: ['Nufus_Sayisi']...
2025-12-22 06:53:00 | INFO     | veri_cek | add_population_features:190 | 1 nüfus kolonu bulundu: ['Nufus_Sayisi']...
2025-12-22 06:53:00 | INFO     | veri_cek | add_population_features:190 | 1 nüfus kolonu bulundu: ['Nufus_Sayisi']...
2025-12-22 06:53:01 | INFO     | veri_cek | add_weather_features:149 | 2 hava durumu kolonu bulundu: ['windspeed_10m_max', 'windgusts_10m_max']...
2025-12-22 06:53:01 | INFO     | veri_cek | add_weather_features:149 | 2 hava durumu kolonu bulundu: ['windspeed_10m_max', 'windgusts_10m_max']...
2025-12-22 06:53:01 | INFO     | veri_cek | add_weather_features:149 | 2 hava durumu kolonu bulundu: ['windspeed_10m_max', 'windgusts_10m_max']...
2025-12-22 06:53:01 | INFO     | veri_cek | add_weather_features:149 | 2 hava durumu kolonu bulundu: ['windspeed_10m_max', 'windgusts_10m_max']...
2025-12-22 06:53:01 | INFO     | veri_cek | add_weather_features:149 | 2 hava durumu kolonu bulundu: ['windspeed_10m_max', 'windgusts_10m_max']...
2025-12-22 06:53:01 | INFO     | veri_cek | add_weather_features:149 | 2 hava durumu kolonu bulundu: ['windspeed_10m_max', 'windgusts_10m_max']...
2025-12-22 06:53:01 | INFO     | veri_cek | add_population_features:190 | 1 nüfus kolonu bulundu: ['Nufus_Sayisi']...
2025-12-22 06:53:01 | INFO     | veri_cek | add_population_features:190 | 1 nüfus kolonu bulundu: ['Nufus_Sayisi']...
2025-12-22 06:53:01 | INFO     | veri_cek | add_population_features:190 | 1 nüfus kolonu bulundu: ['Nufus_Sayisi']...
2025-12-22 06:53:01 | INFO     | veri_cek | add_population_features:190 | 1 nüfus kolonu bulundu: ['Nufus_Sayisi']...
2025-12-22 06:53:01 | INFO     | veri_cek | add_population_features:190 | 1 nüfus kolonu bulundu: ['Nufus_Sayisi']...
2025-12-22 06:53:01 | INFO     | veri_cek | add_population_features:190 | 1 nüfus kolonu bulundu: ['Nufus_Sayisi']...
2025-12-22 06:53:02 | INFO     | veri_cek | fetch_tables:455 | Tablolar cache'den alındı.
2025-12-22 06:53:02 | INFO     | veri_cek | build_train_test_frames:504 | Merge bitti -> Train: (1886, 31), Test: (1722, 31)
2025-12-22 06:53:02 | INFO     | veri_cek | add_weather_features:149 | 2 hava durumu kolonu bulundu: ['windspeed_10m_max', 'windgusts_10m_max']...
2025-12-22 06:53:02 | INFO     | veri_cek | add_population_features:190 | 1 nüfus kolonu bulundu: ['Nufus_Sayisi']...
2025-12-22 06:53:03 | INFO     | veri_cek | add_weather_features:149 | 2 hava durumu kolonu bulundu: ['windspeed_10m_max', 'windgusts_10m_max']...
2025-12-22 06:53:03 | INFO     | veri_cek | add_population_features:190 | 1 nüfus kolonu bulundu: ['Nufus_Sayisi']...
2025-12-22 06:53:03 | INFO     | veri_cek | fetch_tables:455 | Tablolar cache'den alındı.
2025-12-22 06:53:03 | INFO     | veri_cek | build_train_test_frames:504 | Merge bitti -> Train: (1886, 31), Test: (1722, 31)
2025-12-22 06:53:03 | INFO     | veri_cek | add_weather_features:149 | 2 hava durumu kolonu bulundu: ['windspeed_10m_max', 'windgusts_10m_max']...
2025-12-22 06:53:03 | INFO     | veri_cek | add_population_features:190 | 1 nüfus kolonu bulundu: ['Nufus_Sayisi']...
2025-12-22 06:53:03 | INFO     | veri_cek | add_weather_features:149 | 2 hava durumu kolonu bulundu: ['windspeed_10m_max', 'windgusts_10m_max']...
2025-12-22 06:53:03 | INFO     | veri_cek | add_population_features:190 | 1 nüfus kolonu bulundu: ['Nufus_Sayisi']...
2025-12-22 06:53:03 | INFO     | veri_cek | fetch_tables:455 | Tablolar cache'den alındı.
2025-12-22 06:53:03 | INFO     | veri_cek | build_train_test_frames:504 | Merge bitti -> Train: (1886, 31), Test: (1722, 31)
2025-12-22 06:53:03 | INFO     | veri_cek | add_weather_features:149 | 2 hava durumu kolonu bulundu: ['windspeed_10m_max', 'windgusts_10m_max']...
2025-12-22 06:53:03 | INFO     | veri_cek | add_population_features:190 | 1 nüfus kolonu bulundu: ['Nufus_Sayisi']...
2025-12-22 06:53:03 | INFO     | veri_cek | add_weather_features:149 | 2 hava durumu kolonu bulundu: ['windspeed_10m_max', 'windgusts_10m_max']...
2025-12-22 06:53:03 | INFO     | veri_cek | add_population_features:190 | 1 nüfus kolonu bulundu: ['Nufus_Sayisi']...
2025-12-22 06:53:03 | INFO     | veri_cek | fetch_tables:455 | Tablolar cache'den alındı.
2025-12-22 06:53:04 | INFO     | veri_cek | build_train_test_frames:504 | Merge bitti -> Train: (1886, 31), Test: (1722, 31)
2025-12-22 06:53:04 | INFO     | veri_cek | add_weather_features:149 | 2 hava durumu kolonu bulundu: ['windspeed_10m_max', 'windgusts_10m_max']...
2025-12-22 06:53:04 | INFO     | veri_cek | add_population_features:190 | 1 nüfus kolonu bulundu: ['Nufus_Sayisi']...
2025-12-22 06:53:04 | INFO     | veri_cek | add_weather_features:149 | 2 hava durumu kolonu bulundu: ['windspeed_10m_max', 'windgusts_10m_max']...
2025-12-22 06:53:04 | INFO     | veri_cek | add_population_features:190 | 1 nüfus kolonu bulundu: ['Nufus_Sayisi']...
2025-12-22 06:55:52 | INFO     | veri_cek | fetch_tables:455 | Tablolar cache'den alındı.
2025-12-22 06:55:52 | INFO     | veri_cek | fetch_tables:455 | Tablolar cache'den alındı.
2025-12-22 06:55:52 | INFO     | veri_cek | fetch_tables:455 | Tablolar cache'den alındı.
2025-12-22 06:55:52 | INFO     | veri_cek | fetch_tables:455 | Tablolar cache'den alındı.
2025-12-22 06:55:52 | INFO     | veri_cek | fetch_tables:455 | Tablolar cache'den alındı.
2025-12-22 06:55:52 | INFO     | veri_cek | fetch_tables:455 | Tablolar cache'den alındı.
2025-12-22 06:55:53 | INFO     | veri_cek | build_train_test_frames:504 | Merge bitti -> Train: (1886, 31), Test: (1722, 31)
2025-12-22 06:55:53 | INFO     | veri_cek | build_train_test_frames:504 | Merge bitti -> Train: (1886, 31), Test: (1722, 31)
2025-12-22 06:55:53 | INFO     | veri_cek | build_train_test_frames:504 | Merge bitti -> Train: (1886, 31), Test: (1722, 31)
2025-12-22 06:55:53 | INFO     | veri_cek | build_train_test_frames:504 | Merge bitti -> Train: (1886, 31), Test: (1722, 31)
2025-12-22 06:55:53 | INFO     | veri_cek | build_train_test_frames:504 | Merge bitti -> Train: (1886, 31), Test: (1722, 31)
2025-12-22 06:55:53 | INFO     | veri_cek | build_train_test_frames:504 | Merge bitti -> Train: (1886, 31), Test: (1722, 31)
2025-12-22 06:55:53 | INFO     | veri_cek | add_weather_features:149 | 2 hava durumu kolonu bulundu: ['windspeed_10m_max', 'windgusts_10m_max']...
2025-12-22 06:55:53 | INFO     | veri_cek | add_weather_features:149 | 2 hava durumu kolonu bulundu: ['windspeed_10m_max', 'windgusts_10m_max']...
2025-12-22 06:55:53 | INFO     | veri_cek | add_weather_features:149 | 2 hava durumu kolonu bulundu: ['windspeed_10m_max', 'windgusts_10m_max']...
2025-12-22 06:55:53 | INFO     | veri_cek | add_weather_features:149 | 2 hava durumu kolonu bulundu: ['windspeed_10m_max', 'windgusts_10m_max']...
2025-12-22 06:55:53 | INFO     | veri_cek | add_weather_features:149 | 2 hava durumu kolonu bulundu: ['windspeed_10m_max', 'windgusts_10m_max']...
2025-12-22 06:55:53 | INFO     | veri_cek | add_weather_features:149 | 2 hava durumu kolonu bulundu: ['windspeed_10m_max', 'windgusts_10m_max']...
2025-12-22 06:55:54 | INFO     | veri_cek | add_population_features:190 | 1 nüfus kolonu bulundu: ['Nufus_Sayisi']...
2025-12-22 06:55:54 | INFO     | veri_cek | add_population_features:190 | 1 nüfus kolonu bulundu: ['Nufus_Sayisi']...
2025-12-22 06:55:54 | INFO     | veri_cek | add_population_features:190 | 1 nüfus kolonu bulundu: ['Nufus_Sayisi']...
2025-12-22 06:55:54 | INFO     | veri_cek | add_population_features:190 | 1 nüfus kolonu bulundu: ['Nufus_Sayisi']...
2025-12-22 06:55:54 | INFO     | veri_cek | add_population_features:190 | 1 nüfus kolonu bulundu: ['Nufus_Sayisi']...
2025-12-22 06:55:54 | INFO     | veri_cek | add_population_features:190 | 1 nüfus kolonu bulundu: ['Nufus_Sayisi']...
2025-12-22 06:55:54 | INFO     | veri_cek | add_weather_features:149 | 2 hava durumu kolonu bulundu: ['windspeed_10m_max', 'windgusts_10m_max']...
2025-12-22 06:55:54 | INFO     | veri_cek | add_weather_features:149 | 2 hava durumu kolonu bulundu: ['windspeed_10m_max', 'windgusts_10m_max']...
2025-12-22 06:55:54 | INFO     | veri_cek | add_weather_features:149 | 2 hava durumu kolonu bulundu: ['windspeed_10m_max', 'windgusts_10m_max']...
2025-12-22 06:55:54 | INFO     | veri_cek | add_weather_features:149 | 2 hava durumu kolonu bulundu: ['windspeed_10m_max', 'windgusts_10m_max']...
2025-12-22 06:55:54 | INFO     | veri_cek | add_weather_features:149 | 2 hava durumu kolonu bulundu: ['windspeed_10m_max', 'windgusts_10m_max']...
2025-12-22 06:55:55 | INFO     | veri_cek | add_weather_features:149 | 2 hava durumu kolonu bulundu: ['windspeed_10m_max', 'windgusts_10m_max']...
2025-12-22 06:55:55 | INFO     | veri_cek | add_population_features:190 | 1 nüfus kolonu bulundu: ['Nufus_Sayisi']...
2025-12-22 06:55:55 | INFO     | veri_cek | add_population_features:190 | 1 nüfus kolonu bulundu: ['Nufus_Sayisi']...
2025-12-22 06:55:55 | INFO     | veri_cek | add_population_features:190 | 1 nüfus kolonu bulundu: ['Nufus_Sayisi']...
2025-12-22 06:55:55 | INFO     | veri_cek | add_population_features:190 | 1 nüfus kolonu bulundu: ['Nufus_Sayisi']...
2025-12-22 06:55:55 | INFO     | veri_cek | add_population_features:190 | 1 nüfus kolonu bulundu: ['Nufus_Sayisi']...
2025-12-22 06:55:55 | INFO     | veri_cek | add_population_features:190 | 1 nüfus kolonu bulundu: ['Nufus_Sayisi']...
2025-12-22 06:55:55 | INFO     | veri_cek | fetch_tables:455 | Tablolar cache'den alındı.
2025-12-22 06:55:55 | INFO     | veri_cek | fetch_tables:455 | Tablolar cache'den alındı.
2025-12-22 06:55:55 | INFO     | veri_cek | fetch_tables:455 | Tablolar cache'den alındı.
2025-12-22 06:55:55 | INFO     | veri_cek | fetch_tables:455 | Tablolar cache'den alındı.
2025-12-22 06:55:55 | INFO     | veri_cek | fetch_tables:455 | Tablolar cache'den alındı.
2025-12-22 06:55:55 | INFO     | veri_cek | fetch_tables:455 | Tablolar cache'den alındı.
2025-12-22 06:55:55 | INFO     | veri_cek | build_train_test_frames:504 | Merge bitti -> Train: (1886, 31), Test: (1722, 31)
2025-12-22 06:55:55 | INFO     | veri_cek | build_train_test_frames:504 | Merge bitti -> Train: (1886, 31), Test: (1722, 31)
2025-12-22 06:55:55 | INFO     | veri_cek | build_train_test_frames:504 | Merge bitti -> Train: (1886, 31), Test: (1722, 31)
2025-12-22 06:55:55 | INFO     | veri_cek | build_train_test_frames:504 | Merge bitti -> Train: (1886, 31), Test: (1722, 31)
2025-12-22 06:55:55 | INFO     | veri_cek | build_train_test_frames:504 | Merge bitti -> Train: (1886, 31), Test: (1722, 31)
2025-12-22 06:55:55 | INFO     | veri_cek | build_train_test_frames:504 | Merge bitti -> Train: (1886, 31), Test: (1722, 31)
2025-12-22 06:55:56 | INFO     | veri_cek | add_weather_features:149 | 2 hava durumu kolonu bulundu: ['windspeed_10m_max', 'windgusts_10m_max']...
2025-12-22 06:55:56 | INFO     | veri_cek | add_weather_features:149 | 2 hava durumu kolonu bulundu: ['windspeed_10m_max', 'windgusts_10m_max']...
2025-12-22 06:55:56 | INFO     | veri_cek | add_weather_features:149 | 2 hava durumu kolonu bulundu: ['windspeed_10m_max', 'windgusts_10m_max']...
2025-12-22 06:55:56 | INFO     | veri_cek | add_weather_features:149 | 2 hava durumu kolonu bulundu: ['windspeed_10m_max', 'windgusts_10m_max']...
2025-12-22 06:55:56 | INFO     | veri_cek | add_weather_features:149 | 2 hava durumu kolonu bulundu: ['windspeed_10m_max', 'windgusts_10m_max']...
2025-12-22 06:55:56 | INFO     | veri_cek | add_weather_features:149 | 2 hava durumu kolonu bulundu: ['windspeed_10m_max', 'windgusts_10m_max']...
2025-12-22 06:55:56 | INFO     | veri_cek | add_population_features:190 | 1 nüfus kolonu bulundu: ['Nufus_Sayisi']...
2025-12-22 06:55:56 | INFO     | veri_cek | add_population_features:190 | 1 nüfus kolonu bulundu: ['Nufus_Sayisi']...
2025-12-22 06:55:56 | INFO     | veri_cek | add_population_features:190 | 1 nüfus kolonu bulundu: ['Nufus_Sayisi']...
2025-12-22 06:55:56 | INFO     | veri_cek | add_population_features:190 | 1 nüfus kolonu bulundu: ['Nufus_Sayisi']...
2025-12-22 06:55:56 | INFO     | veri_cek | add_population_features:190 | 1 nüfus kolonu bulundu: ['Nufus_Sayisi']...
2025-12-22 06:55:56 | INFO     | veri_cek | add_population_features:190 | 1 nüfus kolonu bulundu: ['Nufus_Sayisi']...
2025-12-22 06:55:57 | INFO     | veri_cek | add_weather_features:149 | 2 hava durumu kolonu bulundu: ['windspeed_10m_max', 'windgusts_10m_max']...
2025-12-22 06:55:57 | INFO     | veri_cek | add_weather_features:149 | 2 hava durumu kolonu bulundu: ['windspeed_10m_max', 'windgusts_10m_max']...
2025-12-22 06:55:57 | INFO     | veri_cek | add_weather_features:149 | 2 hava durumu kolonu bulundu: ['windspeed_10m_max', 'windgusts_10m_max']...
2025-12-22 06:55:57 | INFO     | veri_cek | add_weather_features:149 | 2 hava durumu kolonu bulundu: ['windspeed_10m_max', 'windgusts_10m_max']...
2025-12-22 06:55:57 | INFO     | veri_cek | add_weather_features:149 | 2 hava durumu kolonu bulundu: ['windspeed_10m_max', 'windgusts_10m_max']...
2025-12-22 06:55:57 | INFO     | veri_cek | add_weather_features:149 | 2 hava durumu kolonu bulundu: ['windspeed_10m_max', 'windgusts_10m_max']...
2025-12-22 06:55:57 | INFO     | veri_cek | add_population_features:190 | 1 nüfus kolonu bulundu: ['Nufus_Sayisi']...
2025-12-22 06:55:57 | INFO     | veri_cek | add_population_features:190 | 1 nüfus kolonu bulundu: ['Nufus_Sayisi']...
2025-12-22 06:55:57 | INFO     | veri_cek | add_population_features:190 | 1 nüfus kolonu bulundu: ['Nufus_Sayisi']...
2025-12-22 06:55:57 | INFO     | veri_cek | add_population_features:190 | 1 nüfus kolonu bulundu: ['Nufus_Sayisi']...
2025-12-22 06:55:57 | INFO     | veri_cek | add_population_features:190 | 1 nüfus kolonu bulundu: ['Nufus_Sayisi']...
2025-12-22 06:55:57 | INFO     | veri_cek | add_population_features:190 | 1 nüfus kolonu bulundu: ['Nufus_Sayisi']...
2025-12-22 06:55:58 | INFO     | veri_cek | fetch_tables:455 | Tablolar cache'den alındı.
2025-12-22 06:55:58 | INFO     | veri_cek | fetch_tables:455 | Tablolar cache'den alındı.
2025-12-22 06:55:58 | INFO     | veri_cek | build_train_test_frames:504 | Merge bitti -> Train: (1886, 31), Test: (1722, 31)
2025-12-22 06:55:58 | INFO     | veri_cek | build_train_test_frames:504 | Merge bitti -> Train: (1886, 31), Test: (1722, 31)
2025-12-22 06:55:58 | INFO     | veri_cek | add_weather_features:149 | 2 hava durumu kolonu bulundu: ['windspeed_10m_max', 'windgusts_10m_max']...
2025-12-22 06:55:58 | INFO     | veri_cek | add_weather_features:149 | 2 hava durumu kolonu bulundu: ['windspeed_10m_max', 'windgusts_10m_max']...
2025-12-22 06:55:58 | INFO     | veri_cek | add_population_features:190 | 1 nüfus kolonu bulundu: ['Nufus_Sayisi']...
2025-12-22 06:55:58 | INFO     | veri_cek | add_population_features:190 | 1 nüfus kolonu bulundu: ['Nufus_Sayisi']...
2025-12-22 06:55:59 | INFO     | veri_cek | add_weather_features:149 | 2 hava durumu kolonu bulundu: ['windspeed_10m_max', 'windgusts_10m_max']...
2025-12-22 06:55:59 | INFO     | veri_cek | add_weather_features:149 | 2 hava durumu kolonu bulundu: ['windspeed_10m_max', 'windgusts_10m_max']...
2025-12-22 06:55:59 | INFO     | veri_cek | add_population_features:190 | 1 nüfus kolonu bulundu: ['Nufus_Sayisi']...
2025-12-22 06:55:59 | INFO     | veri_cek | add_population_features:190 | 1 nüfus kolonu bulundu: ['Nufus_Sayisi']...
2025-12-22 06:55:59 | INFO     | veri_cek | fetch_tables:455 | Tablolar cache'den alındı.
2025-12-22 06:55:59 | INFO     | veri_cek | fetch_tables:455 | Tablolar cache'den alındı.
2025-12-22 06:55:59 | INFO     | veri_cek | build_train_test_frames:504 | Merge bitti -> Train: (1886, 31), Test: (1722, 31)
2025-12-22 06:55:59 | INFO     | veri_cek | build_train_test_frames:504 | Merge bitti -> Train: (1886, 31), Test: (1722, 31)
2025-12-22 06:55:59 | INFO     | veri_cek | add_weather_features:149 | 2 hava durumu kolonu bulundu: ['windspeed_10m_max', 'windgusts_10m_max']...
2025-12-22 06:55:59 | INFO     | veri_cek | add_weather_features:149 | 2 hava durumu kolonu bulundu: ['windspeed_10m_max', 'windgusts_10m_max']...
2025-12-22 06:55:59 | INFO     | veri_cek | add_population_features:190 | 1 nüfus kolonu bulundu: ['Nufus_Sayisi']...
2025-12-22 06:55:59 | INFO     | veri_cek | add_population_features:190 | 1 nüfus kolonu bulundu: ['Nufus_Sayisi']...
2025-12-22 06:55:59 | INFO     | veri_cek | add_weather_features:149 | 2 hava durumu kolonu bulundu: ['windspeed_10m_max', 'windgusts_10m_max']...
2025-12-22 06:55:59 | INFO     | veri_cek | add_weather_features:149 | 2 hava durumu kolonu bulundu: ['windspeed_10m_max', 'windgusts_10m_max']...
2025-12-22 06:55:59 | INFO     | veri_cek | add_population_features:190 | 1 nüfus kolonu bulundu: ['Nufus_Sayisi']...
2025-12-22 06:55:59 | INFO     | veri_cek | add_population_features:190 | 1 nüfus kolonu bulundu: ['Nufus_Sayisi']...
2025-12-22 06:59:45 | INFO     | veri_cek | fetch_tables:455 | Tablolar cache'den alındı.
2025-12-22 06:59:45 | INFO     | veri_cek | fetch_tables:455 | Tablolar cache'den alındı.
2025-12-22 06:59:45 | INFO     | veri_cek | fetch_tables:455 | Tablolar cache'den alındı.
2025-12-22 06:59:45 | INFO     | veri_cek | fetch_tables:455 | Tablolar cache'den alındı.
2025-12-22 06:59:45 | INFO     | veri_cek | fetch_tables:455 | Tablolar cache'den alındı.
2025-12-22 06:59:45 | INFO     | veri_cek | fetch_tables:455 | Tablolar cache'den alındı.
2025-12-22 06:59:46 | INFO     | veri_cek | build_train_test_frames:504 | Merge bitti -> Train: (1886, 31), Test: (1722, 31)
2025-12-22 06:59:46 | INFO     | veri_cek | build_train_test_frames:504 | Merge bitti -> Train: (1886, 31), Test: (1722, 31)
2025-12-22 06:59:46 | INFO     | veri_cek | build_train_test_frames:504 | Merge bitti -> Train: (1886, 31), Test: (1722, 31)
2025-12-22 06:59:46 | INFO     | veri_cek | build_train_test_frames:504 | Merge bitti -> Train: (1886, 31), Test: (1722, 31)
2025-12-22 06:59:46 | INFO     | veri_cek | build_train_test_frames:504 | Merge bitti -> Train: (1886, 31), Test: (1722, 31)
2025-12-22 06:59:46 | INFO     | veri_cek | build_train_test_frames:504 | Merge bitti -> Train: (1886, 31), Test: (1722, 31)
2025-12-22 06:59:46 | INFO     | veri_cek | add_weather_features:149 | 2 hava durumu kolonu bulundu: ['windspeed_10m_max', 'windgusts_10m_max']...
2025-12-22 06:59:46 | INFO     | veri_cek | add_weather_features:149 | 2 hava durumu kolonu bulundu: ['windspeed_10m_max', 'windgusts_10m_max']...
2025-12-22 06:59:46 | INFO     | veri_cek | add_weather_features:149 | 2 hava durumu kolonu bulundu: ['windspeed_10m_max', 'windgusts_10m_max']...
2025-12-22 06:59:46 | INFO     | veri_cek | add_weather_features:149 | 2 hava durumu kolonu bulundu: ['windspeed_10m_max', 'windgusts_10m_max']...
2025-12-22 06:59:46 | INFO     | veri_cek | add_weather_features:149 | 2 hava durumu kolonu bulundu: ['windspeed_10m_max', 'windgusts_10m_max']...
2025-12-22 06:59:46 | INFO     | veri_cek | add_weather_features:149 | 2 hava durumu kolonu bulundu: ['windspeed_10m_max', 'windgusts_10m_max']...
2025-12-22 06:59:46 | INFO     | veri_cek | add_population_features:190 | 1 nüfus kolonu bulundu: ['Nufus_Sayisi']...
2025-12-22 06:59:46 | INFO     | veri_cek | add_population_features:190 | 1 nüfus kolonu bulundu: ['Nufus_Sayisi']...
2025-12-22 06:59:46 | INFO     | veri_cek | add_population_features:190 | 1 nüfus kolonu bulundu: ['Nufus_Sayisi']...
2025-12-22 06:59:46 | INFO     | veri_cek | add_population_features:190 | 1 nüfus kolonu bulundu: ['Nufus_Sayisi']...
2025-12-22 06:59:47 | INFO     | veri_cek | add_population_features:190 | 1 nüfus kolonu bulundu: ['Nufus_Sayisi']...
2025-12-22 06:59:47 | INFO     | veri_cek | add_population_features:190 | 1 nüfus kolonu bulundu: ['Nufus_Sayisi']...
2025-12-22 06:59:47 | INFO     | veri_cek | add_weather_features:149 | 2 hava durumu kolonu bulundu: ['windspeed_10m_max', 'windgusts_10m_max']...
2025-12-22 06:59:47 | INFO     | veri_cek | add_weather_features:149 | 2 hava durumu kolonu bulundu: ['windspeed_10m_max', 'windgusts_10m_max']...
2025-12-22 06:59:47 | INFO     | veri_cek | add_weather_features:149 | 2 hava durumu kolonu bulundu: ['windspeed_10m_max', 'windgusts_10m_max']...
2025-12-22 06:59:47 | INFO     | veri_cek | add_weather_features:149 | 2 hava durumu kolonu bulundu: ['windspeed_10m_max', 'windgusts_10m_max']...
2025-12-22 06:59:47 | INFO     | veri_cek | add_weather_features:149 | 2 hava durumu kolonu bulundu: ['windspeed_10m_max', 'windgusts_10m_max']...
2025-12-22 06:59:47 | INFO     | veri_cek | add_weather_features:149 | 2 hava durumu kolonu bulundu: ['windspeed_10m_max', 'windgusts_10m_max']...
2025-12-22 06:59:47 | INFO     | veri_cek | add_population_features:190 | 1 nüfus kolonu bulundu: ['Nufus_Sayisi']...
2025-12-22 06:59:47 | INFO     | veri_cek | add_population_features:190 | 1 nüfus kolonu bulundu: ['Nufus_Sayisi']...
2025-12-22 06:59:47 | INFO     | veri_cek | add_population_features:190 | 1 nüfus kolonu bulundu: ['Nufus_Sayisi']...
2025-12-22 06:59:47 | INFO     | veri_cek | add_population_features:190 | 1 nüfus kolonu bulundu: ['Nufus_Sayisi']...
2025-12-22 06:59:47 | INFO     | veri_cek | fetch_tables:455 | Tablolar cache'den alındı.
2025-12-22 06:59:47 | INFO     | veri_cek | add_population_features:190 | 1 nüfus kolonu bulundu: ['Nufus_Sayisi']...
2025-12-22 06:59:47 | INFO     | veri_cek | add_population_features:190 | 1 nüfus kolonu bulundu: ['Nufus_Sayisi']...
2025-12-22 06:59:47 | INFO     | veri_cek | fetch_tables:455 | Tablolar cache'den alındı.
2025-12-22 06:59:47 | INFO     | veri_cek | fetch_tables:455 | Tablolar cache'den alındı.
2025-12-22 06:59:48 | INFO     | veri_cek | fetch_tables:455 | Tablolar cache'den alındı.
2025-12-22 06:59:48 | INFO     | veri_cek | fetch_tables:455 | Tablolar cache'den alındı.
2025-12-22 06:59:48 | INFO     | veri_cek | fetch_tables:455 | Tablolar cache'den alındı.
2025-12-22 06:59:48 | INFO     | veri_cek | build_train_test_frames:504 | Merge bitti -> Train: (1886, 31), Test: (1722, 31)
2025-12-22 06:59:48 | INFO     | veri_cek | build_train_test_frames:504 | Merge bitti -> Train: (1886, 31), Test: (1722, 31)
2025-12-22 06:59:48 | INFO     | veri_cek | build_train_test_frames:504 | Merge bitti -> Train: (1886, 31), Test: (1722, 31)
2025-12-22 06:59:48 | INFO     | veri_cek | build_train_test_frames:504 | Merge bitti -> Train: (1886, 31), Test: (1722, 31)
2025-12-22 06:59:48 | INFO     | veri_cek | build_train_test_frames:504 | Merge bitti -> Train: (1886, 31), Test: (1722, 31)
2025-12-22 06:59:48 | INFO     | veri_cek | build_train_test_frames:504 | Merge bitti -> Train: (1886, 31), Test: (1722, 31)
2025-12-22 06:59:48 | INFO     | veri_cek | add_weather_features:149 | 2 hava durumu kolonu bulundu: ['windspeed_10m_max', 'windgusts_10m_max']...
2025-12-22 06:59:48 | INFO     | veri_cek | add_weather_features:149 | 2 hava durumu kolonu bulundu: ['windspeed_10m_max', 'windgusts_10m_max']...
2025-12-22 06:59:48 | INFO     | veri_cek | add_weather_features:149 | 2 hava durumu kolonu bulundu: ['windspeed_10m_max', 'windgusts_10m_max']...
2025-12-22 06:59:49 | INFO     | veri_cek | add_weather_features:149 | 2 hava durumu kolonu bulundu: ['windspeed_10m_max', 'windgusts_10m_max']...
2025-12-22 06:59:49 | INFO     | veri_cek | add_weather_features:149 | 2 hava durumu kolonu bulundu: ['windspeed_10m_max', 'windgusts_10m_max']...
2025-12-22 06:59:49 | INFO     | veri_cek | add_weather_features:149 | 2 hava durumu kolonu bulundu: ['windspeed_10m_max', 'windgusts_10m_max']...
2025-12-22 06:59:49 | INFO     | veri_cek | add_population_features:190 | 1 nüfus kolonu bulundu: ['Nufus_Sayisi']...
2025-12-22 06:59:49 | INFO     | veri_cek | add_population_features:190 | 1 nüfus kolonu bulundu: ['Nufus_Sayisi']...
2025-12-22 06:59:49 | INFO     | veri_cek | add_population_features:190 | 1 nüfus kolonu bulundu: ['Nufus_Sayisi']...
2025-12-22 06:59:49 | INFO     | veri_cek | add_population_features:190 | 1 nüfus kolonu bulundu: ['Nufus_Sayisi']...
2025-12-22 06:59:49 | INFO     | veri_cek | add_population_features:190 | 1 nüfus kolonu bulundu: ['Nufus_Sayisi']...
2025-12-22 06:59:49 | INFO     | veri_cek | add_population_features:190 | 1 nüfus kolonu bulundu: ['Nufus_Sayisi']...
2025-12-22 06:59:49 | INFO     | veri_cek | add_weather_features:149 | 2 hava durumu kolonu bulundu: ['windspeed_10m_max', 'windgusts_10m_max']...
2025-12-22 06:59:49 | INFO     | veri_cek | add_weather_features:149 | 2 hava durumu kolonu bulundu: ['windspeed_10m_max', 'windgusts_10m_max']...
2025-12-22 06:59:49 | INFO     | veri_cek | add_weather_features:149 | 2 hava durumu kolonu bulundu: ['windspeed_10m_max', 'windgusts_10m_max']...
2025-12-22 06:59:49 | INFO     | veri_cek | add_weather_features:149 | 2 hava durumu kolonu bulundu: ['windspeed_10m_max', 'windgusts_10m_max']...
2025-12-22 06:59:49 | INFO     | veri_cek | add_weather_features:149 | 2 hava durumu kolonu bulundu: ['windspeed_10m_max', 'windgusts_10m_max']...
2025-12-22 06:59:49 | INFO     | veri_cek | add_weather_features:149 | 2 hava durumu kolonu bulundu: ['windspeed_10m_max', 'windgusts_10m_max']...
2025-12-22 06:59:49 | INFO     | veri_cek | add_population_features:190 | 1 nüfus kolonu bulundu: ['Nufus_Sayisi']...
2025-12-22 06:59:49 | INFO     | veri_cek | add_population_features:190 | 1 nüfus kolonu bulundu: ['Nufus_Sayisi']...
2025-12-22 06:59:49 | INFO     | veri_cek | add_population_features:190 | 1 nüfus kolonu bulundu: ['Nufus_Sayisi']...
2025-12-22 06:59:49 | INFO     | veri_cek | add_population_features:190 | 1 nüfus kolonu bulundu: ['Nufus_Sayisi']...
2025-12-22 06:59:49 | INFO     | veri_cek | add_population_features:190 | 1 nüfus kolonu bulundu: ['Nufus_Sayisi']...
2025-12-22 06:59:50 | INFO     | veri_cek | add_population_features:190 | 1 nüfus kolonu bulundu: ['Nufus_Sayisi']...
2025-12-22 06:59:50 | INFO     | veri_cek | fetch_tables:455 | Tablolar cache'den alındı.
2025-12-22 06:59:50 | INFO     | veri_cek | fetch_tables:455 | Tablolar cache'den alındı.
2025-12-22 06:59:50 | INFO     | veri_cek | build_train_test_frames:504 | Merge bitti -> Train: (1886, 31), Test: (1722, 31)
2025-12-22 06:59:50 | INFO     | veri_cek | build_train_test_frames:504 | Merge bitti -> Train: (1886, 31), Test: (1722, 31)
2025-12-22 06:59:50 | INFO     | veri_cek | add_weather_features:149 | 2 hava durumu kolonu bulundu: ['windspeed_10m_max', 'windgusts_10m_max']...
2025-12-22 06:59:50 | INFO     | veri_cek | add_weather_features:149 | 2 hava durumu kolonu bulundu: ['windspeed_10m_max', 'windgusts_10m_max']...
2025-12-22 06:59:50 | INFO     | veri_cek | add_population_features:190 | 1 nüfus kolonu bulundu: ['Nufus_Sayisi']...
2025-12-22 06:59:50 | INFO     | veri_cek | add_population_features:190 | 1 nüfus kolonu bulundu: ['Nufus_Sayisi']...
2025-12-22 06:59:51 | INFO     | veri_cek | add_weather_features:149 | 2 hava durumu kolonu bulundu: ['windspeed_10m_max', 'windgusts_10m_max']...
2025-12-22 06:59:51 | INFO     | veri_cek | add_weather_features:149 | 2 hava durumu kolonu bulundu: ['windspeed_10m_max', 'windgusts_10m_max']...
2025-12-22 06:59:51 | INFO     | veri_cek | add_population_features:190 | 1 nüfus kolonu bulundu: ['Nufus_Sayisi']...
2025-12-22 06:59:51 | INFO     | veri_cek | add_population_features:190 | 1 nüfus kolonu bulundu: ['Nufus_Sayisi']...
2025-12-22 06:59:51 | INFO     | veri_cek | fetch_tables:455 | Tablolar cache'den alındı.
2025-12-22 06:59:51 | INFO     | veri_cek | fetch_tables:455 | Tablolar cache'den alındı.
2025-12-22 06:59:51 | INFO     | veri_cek | build_train_test_frames:504 | Merge bitti -> Train: (1886, 31), Test: (1722, 31)
2025-12-22 06:59:51 | INFO     | veri_cek | build_train_test_frames:504 | Merge bitti -> Train: (1886, 31), Test: (1722, 31)
2025-12-22 06:59:51 | INFO     | veri_cek | add_weather_features:149 | 2 hava durumu kolonu bulundu: ['windspeed_10m_max', 'windgusts_10m_max']...
2025-12-22 06:59:51 | INFO     | veri_cek | add_weather_features:149 | 2 hava durumu kolonu bulundu: ['windspeed_10m_max', 'windgusts_10m_max']...
2025-12-22 06:59:51 | INFO     | veri_cek | add_population_features:190 | 1 nüfus kolonu bulundu: ['Nufus_Sayisi']...
2025-12-22 06:59:51 | INFO     | veri_cek | add_population_features:190 | 1 nüfus kolonu bulundu: ['Nufus_Sayisi']...
2025-12-22 06:59:51 | INFO     | veri_cek | add_weather_features:149 | 2 hava durumu kolonu bulundu: ['windspeed_10m_max', 'windgusts_10m_max']...
2025-12-22 06:59:51 | INFO     | veri_cek | add_weather_features:149 | 2 hava durumu kolonu bulundu: ['windspeed_10m_max', 'windgusts_10m_max']...
2025-12-22 06:59:51 | INFO     | veri_cek | add_population_features:190 | 1 nüfus kolonu bulundu: ['Nufus_Sayisi']...
2025-12-22 06:59:51 | INFO     | veri_cek | add_population_features:190 | 1 nüfus kolonu bulundu: ['Nufus_Sayisi']...
2025-12-22 07:03:50 | INFO     | veri_cek | fetch_tables:455 | Tablolar cache'den alındı.
2025-12-22 07:03:50 | INFO     | veri_cek | fetch_tables:455 | Tablolar cache'den alındı.
2025-12-22 07:03:50 | INFO     | veri_cek | fetch_tables:455 | Tablolar cache'den alındı.
2025-12-22 07:03:50 | INFO     | veri_cek | fetch_tables:455 | Tablolar cache'den alındı.
2025-12-22 07:03:50 | INFO     | veri_cek | fetch_tables:455 | Tablolar cache'den alındı.
2025-12-22 07:03:50 | INFO     | veri_cek | fetch_tables:455 | Tablolar cache'den alındı.
2025-12-22 07:03:50 | INFO     | veri_cek | build_train_test_frames:504 | Merge bitti -> Train: (1886, 31), Test: (1722, 31)
2025-12-22 07:03:50 | INFO     | veri_cek | build_train_test_frames:504 | Merge bitti -> Train: (1886, 31), Test: (1722, 31)
2025-12-22 07:03:50 | INFO     | veri_cek | build_train_test_frames:504 | Merge bitti -> Train: (1886, 31), Test: (1722, 31)
2025-12-22 07:03:50 | INFO     | veri_cek | build_train_test_frames:504 | Merge bitti -> Train: (1886, 31), Test: (1722, 31)
2025-12-22 07:03:50 | INFO     | veri_cek | build_train_test_frames:504 | Merge bitti -> Train: (1886, 31), Test: (1722, 31)
2025-12-22 07:03:50 | INFO     | veri_cek | build_train_test_frames:504 | Merge bitti -> Train: (1886, 31), Test: (1722, 31)
2025-12-22 07:03:51 | INFO     | veri_cek | add_weather_features:149 | 2 hava durumu kolonu bulundu: ['windspeed_10m_max', 'windgusts_10m_max']...
2025-12-22 07:03:51 | INFO     | veri_cek | add_weather_features:149 | 2 hava durumu kolonu bulundu: ['windspeed_10m_max', 'windgusts_10m_max']...
2025-12-22 07:03:51 | INFO     | veri_cek | add_weather_features:149 | 2 hava durumu kolonu bulundu: ['windspeed_10m_max', 'windgusts_10m_max']...
2025-12-22 07:03:51 | INFO     | veri_cek | add_weather_features:149 | 2 hava durumu kolonu bulundu: ['windspeed_10m_max', 'windgusts_10m_max']...
2025-12-22 07:03:51 | INFO     | veri_cek | add_weather_features:149 | 2 hava durumu kolonu bulundu: ['windspeed_10m_max', 'windgusts_10m_max']...
2025-12-22 07:03:51 | INFO     | veri_cek | add_weather_features:149 | 2 hava durumu kolonu bulundu: ['windspeed_10m_max', 'windgusts_10m_max']...
2025-12-22 07:03:51 | INFO     | veri_cek | add_population_features:190 | 1 nüfus kolonu bulundu: ['Nufus_Sayisi']...
2025-12-22 07:03:51 | INFO     | veri_cek | add_population_features:190 | 1 nüfus kolonu bulundu: ['Nufus_Sayisi']...
2025-12-22 07:03:51 | INFO     | veri_cek | add_population_features:190 | 1 nüfus kolonu bulundu: ['Nufus_Sayisi']...
2025-12-22 07:03:51 | INFO     | veri_cek | add_population_features:190 | 1 nüfus kolonu bulundu: ['Nufus_Sayisi']...
2025-12-22 07:03:51 | INFO     | veri_cek | add_population_features:190 | 1 nüfus kolonu bulundu: ['Nufus_Sayisi']...
2025-12-22 07:03:51 | INFO     | veri_cek | add_population_features:190 | 1 nüfus kolonu bulundu: ['Nufus_Sayisi']...
2025-12-22 07:03:52 | INFO     | veri_cek | add_weather_features:149 | 2 hava durumu kolonu bulundu: ['windspeed_10m_max', 'windgusts_10m_max']...
2025-12-22 07:03:52 | INFO     | veri_cek | add_weather_features:149 | 2 hava durumu kolonu bulundu: ['windspeed_10m_max', 'windgusts_10m_max']...
2025-12-22 07:03:52 | INFO     | veri_cek | add_weather_features:149 | 2 hava durumu kolonu bulundu: ['windspeed_10m_max', 'windgusts_10m_max']...
2025-12-22 07:03:52 | INFO     | veri_cek | add_weather_features:149 | 2 hava durumu kolonu bulundu: ['windspeed_10m_max', 'windgusts_10m_max']...
2025-12-22 07:03:52 | INFO     | veri_cek | add_weather_features:149 | 2 hava durumu kolonu bulundu: ['windspeed_10m_max', 'windgusts_10m_max']...
2025-12-22 07:03:52 | INFO     | veri_cek | add_weather_features:149 | 2 hava durumu kolonu bulundu: ['windspeed_10m_max', 'windgusts_10m_max']...
2025-12-22 07:03:52 | INFO     | veri_cek | add_population_features:190 | 1 nüfus kolonu bulundu: ['Nufus_Sayisi']...
2025-12-22 07:03:52 | INFO     | veri_cek | add_population_features:190 | 1 nüfus kolonu bulundu: ['Nufus_Sayisi']...
2025-12-22 07:03:52 | INFO     | veri_cek | fetch_tables:455 | Tablolar cache'den alındı.
2025-12-22 07:03:52 | INFO     | veri_cek | add_population_features:190 | 1 nüfus kolonu bulundu: ['Nufus_Sayisi']...
2025-12-22 07:03:52 | INFO     | veri_cek | add_population_features:190 | 1 nüfus kolonu bulundu: ['Nufus_Sayisi']...
2025-12-22 07:03:52 | INFO     | veri_cek | add_population_features:190 | 1 nüfus kolonu bulundu: ['Nufus_Sayisi']...
2025-12-22 07:03:52 | INFO     | veri_cek | add_population_features:190 | 1 nüfus kolonu bulundu: ['Nufus_Sayisi']...
2025-12-22 07:03:52 | INFO     | veri_cek | fetch_tables:455 | Tablolar cache'den alındı.
2025-12-22 07:03:52 | INFO     | veri_cek | fetch_tables:455 | Tablolar cache'den alındı.
2025-12-22 07:03:52 | INFO     | veri_cek | fetch_tables:455 | Tablolar cache'den alındı.
2025-12-22 07:03:52 | INFO     | veri_cek | build_train_test_frames:504 | Merge bitti -> Train: (1886, 31), Test: (1722, 31)
2025-12-22 07:03:52 | INFO     | veri_cek | fetch_tables:455 | Tablolar cache'den alındı.
2025-12-22 07:03:52 | INFO     | veri_cek | fetch_tables:455 | Tablolar cache'den alındı.
2025-12-22 07:03:53 | INFO     | veri_cek | build_train_test_frames:504 | Merge bitti -> Train: (1886, 31), Test: (1722, 31)
2025-12-22 07:03:53 | INFO     | veri_cek | build_train_test_frames:504 | Merge bitti -> Train: (1886, 31), Test: (1722, 31)
2025-12-22 07:03:53 | INFO     | veri_cek | build_train_test_frames:504 | Merge bitti -> Train: (1886, 31), Test: (1722, 31)
2025-12-22 07:03:53 | INFO     | veri_cek | build_train_test_frames:504 | Merge bitti -> Train: (1886, 31), Test: (1722, 31)
2025-12-22 07:03:53 | INFO     | veri_cek | build_train_test_frames:504 | Merge bitti -> Train: (1886, 31), Test: (1722, 31)
2025-12-22 07:03:53 | INFO     | veri_cek | add_weather_features:149 | 2 hava durumu kolonu bulundu: ['windspeed_10m_max', 'windgusts_10m_max']...
2025-12-22 07:03:53 | INFO     | veri_cek | add_weather_features:149 | 2 hava durumu kolonu bulundu: ['windspeed_10m_max', 'windgusts_10m_max']...
2025-12-22 07:03:53 | INFO     | veri_cek | add_weather_features:149 | 2 hava durumu kolonu bulundu: ['windspeed_10m_max', 'windgusts_10m_max']...
2025-12-22 07:03:53 | INFO     | veri_cek | add_weather_features:149 | 2 hava durumu kolonu bulundu: ['windspeed_10m_max', 'windgusts_10m_max']...
2025-12-22 07:03:53 | INFO     | veri_cek | add_weather_features:149 | 2 hava durumu kolonu bulundu: ['windspeed_10m_max', 'windgusts_10m_max']...
2025-12-22 07:03:53 | INFO     | veri_cek | add_weather_features:149 | 2 hava durumu kolonu bulundu: ['windspeed_10m_max', 'windgusts_10m_max']...
2025-12-22 07:03:53 | INFO     | veri_cek | add_population_features:190 | 1 nüfus kolonu bulundu: ['Nufus_Sayisi']...
2025-12-22 07:03:54 | INFO     | veri_cek | add_population_features:190 | 1 nüfus kolonu bulundu: ['Nufus_Sayisi']...
2025-12-22 07:03:54 | INFO     | veri_cek | add_population_features:190 | 1 nüfus kolonu bulundu: ['Nufus_Sayisi']...
2025-12-22 07:03:54 | INFO     | veri_cek | add_population_features:190 | 1 nüfus kolonu bulundu: ['Nufus_Sayisi']...
2025-12-22 07:03:54 | INFO     | veri_cek | add_population_features:190 | 1 nüfus kolonu bulundu: ['Nufus_Sayisi']...
2025-12-22 07:03:54 | INFO     | veri_cek | add_population_features:190 | 1 nüfus kolonu bulundu: ['Nufus_Sayisi']...
2025-12-22 07:03:54 | INFO     | veri_cek | add_weather_features:149 | 2 hava durumu kolonu bulundu: ['windspeed_10m_max', 'windgusts_10m_max']...
2025-12-22 07:03:54 | INFO     | veri_cek | add_weather_features:149 | 2 hava durumu kolonu bulundu: ['windspeed_10m_max', 'windgusts_10m_max']...
2025-12-22 07:03:54 | INFO     | veri_cek | add_weather_features:149 | 2 hava durumu kolonu bulundu: ['windspeed_10m_max', 'windgusts_10m_max']...
2025-12-22 07:03:54 | INFO     | veri_cek | add_weather_features:149 | 2 hava durumu kolonu bulundu: ['windspeed_10m_max', 'windgusts_10m_max']...
2025-12-22 07:03:54 | INFO     | veri_cek | add_weather_features:149 | 2 hava durumu kolonu bulundu: ['windspeed_10m_max', 'windgusts_10m_max']...
2025-12-22 07:03:54 | INFO     | veri_cek | add_weather_features:149 | 2 hava durumu kolonu bulundu: ['windspeed_10m_max', 'windgusts_10m_max']...
2025-12-22 07:03:55 | INFO     | veri_cek | add_population_features:190 | 1 nüfus kolonu bulundu: ['Nufus_Sayisi']...
2025-12-22 07:03:55 | INFO     | veri_cek | add_population_features:190 | 1 nüfus kolonu bulundu: ['Nufus_Sayisi']...
2025-12-22 07:03:55 | INFO     | veri_cek | add_population_features:190 | 1 nüfus kolonu bulundu: ['Nufus_Sayisi']...
2025-12-22 07:03:55 | INFO     | veri_cek | add_population_features:190 | 1 nüfus kolonu bulundu: ['Nufus_Sayisi']...
2025-12-22 07:03:55 | INFO     | veri_cek | add_population_features:190 | 1 nüfus kolonu bulundu: ['Nufus_Sayisi']...
2025-12-22 07:03:55 | INFO     | veri_cek | add_population_features:190 | 1 nüfus kolonu bulundu: ['Nufus_Sayisi']...
2025-12-22 07:03:56 | INFO     | veri_cek | fetch_tables:455 | Tablolar cache'den alındı.
2025-12-22 07:03:56 | INFO     | veri_cek | fetch_tables:455 | Tablolar cache'den alındı.
2025-12-22 07:03:56 | INFO     | veri_cek | build_train_test_frames:504 | Merge bitti -> Train: (1886, 31), Test: (1722, 31)
2025-12-22 07:03:56 | INFO     | veri_cek | build_train_test_frames:504 | Merge bitti -> Train: (1886, 31), Test: (1722, 31)
2025-12-22 07:03:56 | INFO     | veri_cek | add_weather_features:149 | 2 hava durumu kolonu bulundu: ['windspeed_10m_max', 'windgusts_10m_max']...
2025-12-22 07:03:56 | INFO     | veri_cek | add_weather_features:149 | 2 hava durumu kolonu bulundu: ['windspeed_10m_max', 'windgusts_10m_max']...
2025-12-22 07:03:56 | INFO     | veri_cek | add_population_features:190 | 1 nüfus kolonu bulundu: ['Nufus_Sayisi']...
2025-12-22 07:03:56 | INFO     | veri_cek | add_population_features:190 | 1 nüfus kolonu bulundu: ['Nufus_Sayisi']...
2025-12-22 07:03:56 | INFO     | veri_cek | add_weather_features:149 | 2 hava durumu kolonu bulundu: ['windspeed_10m_max', 'windgusts_10m_max']...
2025-12-22 07:03:56 | INFO     | veri_cek | add_weather_features:149 | 2 hava durumu kolonu bulundu: ['windspeed_10m_max', 'windgusts_10m_max']...
2025-12-22 07:03:57 | INFO     | veri_cek | add_population_features:190 | 1 nüfus kolonu bulundu: ['Nufus_Sayisi']...
2025-12-22 07:03:57 | INFO     | veri_cek | add_population_features:190 | 1 nüfus kolonu bulundu: ['Nufus_Sayisi']...
2025-12-22 07:03:57 | INFO     | veri_cek | fetch_tables:455 | Tablolar cache'den alındı.
2025-12-22 07:03:57 | INFO     | veri_cek | fetch_tables:455 | Tablolar cache'den alındı.
2025-12-22 07:03:57 | INFO     | veri_cek | build_train_test_frames:504 | Merge bitti -> Train: (1886, 31), Test: (1722, 31)
2025-12-22 07:03:57 | INFO     | veri_cek | build_train_test_frames:504 | Merge bitti -> Train: (1886, 31), Test: (1722, 31)
2025-12-22 07:03:57 | INFO     | veri_cek | add_weather_features:149 | 2 hava durumu kolonu bulundu: ['windspeed_10m_max', 'windgusts_10m_max']...
2025-12-22 07:03:57 | INFO     | veri_cek | add_weather_features:149 | 2 hava durumu kolonu bulundu: ['windspeed_10m_max', 'windgusts_10m_max']...
2025-12-22 07:03:57 | INFO     | veri_cek | add_population_features:190 | 1 nüfus kolonu bulundu: ['Nufus_Sayisi']...
2025-12-22 07:03:57 | INFO     | veri_cek | add_population_features:190 | 1 nüfus kolonu bulundu: ['Nufus_Sayisi']...
2025-12-22 07:03:57 | INFO     | veri_cek | add_weather_features:149 | 2 hava durumu kolonu bulundu: ['windspeed_10m_max', 'windgusts_10m_max']...
2025-12-22 07:03:57 | INFO     | veri_cek | add_weather_features:149 | 2 hava durumu kolonu bulundu: ['windspeed_10m_max', 'windgusts_10m_max']...
2025-12-22 07:03:57 | INFO     | veri_cek | add_population_features:190 | 1 nüfus kolonu bulundu: ['Nufus_Sayisi']...
2025-12-22 07:03:57 | INFO     | veri_cek | add_population_features:190 | 1 nüfus kolonu bulundu: ['Nufus_Sayisi']...
2025-12-22 07:05:04 | INFO     | veri_cek | fetch_tables:455 | Tablolar cache'den alındı.
2025-12-22 07:05:04 | INFO     | veri_cek | fetch_tables:455 | Tablolar cache'den alındı.
2025-12-22 07:05:04 | INFO     | veri_cek | fetch_tables:455 | Tablolar cache'den alındı.
2025-12-22 07:05:04 | INFO     | veri_cek | fetch_tables:455 | Tablolar cache'den alındı.
2025-12-22 07:05:04 | INFO     | veri_cek | fetch_tables:455 | Tablolar cache'den alındı.
2025-12-22 07:05:04 | INFO     | veri_cek | fetch_tables:455 | Tablolar cache'den alındı.
2025-12-22 07:05:05 | INFO     | veri_cek | build_train_test_frames:504 | Merge bitti -> Train: (1886, 31), Test: (1722, 31)
2025-12-22 07:05:05 | INFO     | veri_cek | build_train_test_frames:504 | Merge bitti -> Train: (1886, 31), Test: (1722, 31)
2025-12-22 07:05:05 | INFO     | veri_cek | build_train_test_frames:504 | Merge bitti -> Train: (1886, 31), Test: (1722, 31)
2025-12-22 07:05:05 | INFO     | veri_cek | build_train_test_frames:504 | Merge bitti -> Train: (1886, 31), Test: (1722, 31)
2025-12-22 07:05:05 | INFO     | veri_cek | build_train_test_frames:504 | Merge bitti -> Train: (1886, 31), Test: (1722, 31)
2025-12-22 07:05:05 | INFO     | veri_cek | build_train_test_frames:504 | Merge bitti -> Train: (1886, 31), Test: (1722, 31)
2025-12-22 07:05:06 | INFO     | veri_cek | add_weather_features:149 | 2 hava durumu kolonu bulundu: ['windspeed_10m_max', 'windgusts_10m_max']...
2025-12-22 07:05:06 | INFO     | veri_cek | add_weather_features:149 | 2 hava durumu kolonu bulundu: ['windspeed_10m_max', 'windgusts_10m_max']...
2025-12-22 07:05:06 | INFO     | veri_cek | add_weather_features:149 | 2 hava durumu kolonu bulundu: ['windspeed_10m_max', 'windgusts_10m_max']...
2025-12-22 07:05:06 | INFO     | veri_cek | add_weather_features:149 | 2 hava durumu kolonu bulundu: ['windspeed_10m_max', 'windgusts_10m_max']...
2025-12-22 07:05:06 | INFO     | veri_cek | add_weather_features:149 | 2 hava durumu kolonu bulundu: ['windspeed_10m_max', 'windgusts_10m_max']...
2025-12-22 07:05:06 | INFO     | veri_cek | add_weather_features:149 | 2 hava durumu kolonu bulundu: ['windspeed_10m_max', 'windgusts_10m_max']...
2025-12-22 07:05:06 | INFO     | veri_cek | add_population_features:190 | 1 nüfus kolonu bulundu: ['Nufus_Sayisi']...
2025-12-22 07:05:06 | INFO     | veri_cek | add_population_features:190 | 1 nüfus kolonu bulundu: ['Nufus_Sayisi']...
2025-12-22 07:05:06 | INFO     | veri_cek | add_population_features:190 | 1 nüfus kolonu bulundu: ['Nufus_Sayisi']...
2025-12-22 07:05:06 | INFO     | veri_cek | add_population_features:190 | 1 nüfus kolonu bulundu: ['Nufus_Sayisi']...
2025-12-22 07:05:06 | INFO     | veri_cek | add_population_features:190 | 1 nüfus kolonu bulundu: ['Nufus_Sayisi']...
2025-12-22 07:05:06 | INFO     | veri_cek | add_population_features:190 | 1 nüfus kolonu bulundu: ['Nufus_Sayisi']...
2025-12-22 07:05:07 | INFO     | veri_cek | add_weather_features:149 | 2 hava durumu kolonu bulundu: ['windspeed_10m_max', 'windgusts_10m_max']...
2025-12-22 07:05:07 | INFO     | veri_cek | add_weather_features:149 | 2 hava durumu kolonu bulundu: ['windspeed_10m_max', 'windgusts_10m_max']...
2025-12-22 07:05:07 | INFO     | veri_cek | add_weather_features:149 | 2 hava durumu kolonu bulundu: ['windspeed_10m_max', 'windgusts_10m_max']...
2025-12-22 07:05:07 | INFO     | veri_cek | add_weather_features:149 | 2 hava durumu kolonu bulundu: ['windspeed_10m_max', 'windgusts_10m_max']...
2025-12-22 07:05:07 | INFO     | veri_cek | add_weather_features:149 | 2 hava durumu kolonu bulundu: ['windspeed_10m_max', 'windgusts_10m_max']...
2025-12-22 07:05:07 | INFO     | veri_cek | add_weather_features:149 | 2 hava durumu kolonu bulundu: ['windspeed_10m_max', 'windgusts_10m_max']...
2025-12-22 07:05:07 | INFO     | veri_cek | add_population_features:190 | 1 nüfus kolonu bulundu: ['Nufus_Sayisi']...
2025-12-22 07:05:08 | INFO     | veri_cek | add_population_features:190 | 1 nüfus kolonu bulundu: ['Nufus_Sayisi']...
2025-12-22 07:05:08 | INFO     | veri_cek | add_population_features:190 | 1 nüfus kolonu bulundu: ['Nufus_Sayisi']...
2025-12-22 07:05:08 | INFO     | veri_cek | add_population_features:190 | 1 nüfus kolonu bulundu: ['Nufus_Sayisi']...
2025-12-22 07:05:08 | INFO     | veri_cek | add_population_features:190 | 1 nüfus kolonu bulundu: ['Nufus_Sayisi']...
2025-12-22 07:05:08 | INFO     | veri_cek | fetch_tables:455 | Tablolar cache'den alındı.
2025-12-22 07:05:08 | INFO     | veri_cek | add_population_features:190 | 1 nüfus kolonu bulundu: ['Nufus_Sayisi']...
2025-12-22 07:05:08 | INFO     | veri_cek | fetch_tables:455 | Tablolar cache'den alındı.
2025-12-22 07:05:08 | INFO     | veri_cek | fetch_tables:455 | Tablolar cache'den alındı.
2025-12-22 07:05:08 | INFO     | veri_cek | fetch_tables:455 | Tablolar cache'den alındı.
2025-12-22 07:05:08 | INFO     | veri_cek | fetch_tables:455 | Tablolar cache'den alındı.
2025-12-22 07:05:08 | INFO     | veri_cek | fetch_tables:455 | Tablolar cache'den alındı.
2025-12-22 07:05:08 | INFO     | veri_cek | build_train_test_frames:504 | Merge bitti -> Train: (1886, 31), Test: (1722, 31)
2025-12-22 07:05:08 | INFO     | veri_cek | build_train_test_frames:504 | Merge bitti -> Train: (1886, 31), Test: (1722, 31)
2025-12-22 07:05:08 | INFO     | veri_cek | build_train_test_frames:504 | Merge bitti -> Train: (1886, 31), Test: (1722, 31)
2025-12-22 07:05:08 | INFO     | veri_cek | build_train_test_frames:504 | Merge bitti -> Train: (1886, 31), Test: (1722, 31)
2025-12-22 07:05:08 | INFO     | veri_cek | build_train_test_frames:504 | Merge bitti -> Train: (1886, 31), Test: (1722, 31)
2025-12-22 07:05:08 | INFO     | veri_cek | build_train_test_frames:504 | Merge bitti -> Train: (1886, 31), Test: (1722, 31)
2025-12-22 07:05:09 | INFO     | veri_cek | add_weather_features:149 | 2 hava durumu kolonu bulundu: ['windspeed_10m_max', 'windgusts_10m_max']...
2025-12-22 07:05:09 | INFO     | veri_cek | add_weather_features:149 | 2 hava durumu kolonu bulundu: ['windspeed_10m_max', 'windgusts_10m_max']...
2025-12-22 07:05:09 | INFO     | veri_cek | add_weather_features:149 | 2 hava durumu kolonu bulundu: ['windspeed_10m_max', 'windgusts_10m_max']...
2025-12-22 07:05:09 | INFO     | veri_cek | add_weather_features:149 | 2 hava durumu kolonu bulundu: ['windspeed_10m_max', 'windgusts_10m_max']...
2025-12-22 07:05:09 | INFO     | veri_cek | add_weather_features:149 | 2 hava durumu kolonu bulundu: ['windspeed_10m_max', 'windgusts_10m_max']...
2025-12-22 07:05:09 | INFO     | veri_cek | add_weather_features:149 | 2 hava durumu kolonu bulundu: ['windspeed_10m_max', 'windgusts_10m_max']...
2025-12-22 07:05:10 | INFO     | veri_cek | add_population_features:190 | 1 nüfus kolonu bulundu: ['Nufus_Sayisi']...
2025-12-22 07:05:10 | INFO     | veri_cek | add_population_features:190 | 1 nüfus kolonu bulundu: ['Nufus_Sayisi']...
2025-12-22 07:05:10 | INFO     | veri_cek | add_population_features:190 | 1 nüfus kolonu bulundu: ['Nufus_Sayisi']...
2025-12-22 07:05:10 | INFO     | veri_cek | add_population_features:190 | 1 nüfus kolonu bulundu: ['Nufus_Sayisi']...
2025-12-22 07:05:10 | INFO     | veri_cek | add_population_features:190 | 1 nüfus kolonu bulundu: ['Nufus_Sayisi']...
2025-12-22 07:05:10 | INFO     | veri_cek | add_population_features:190 | 1 nüfus kolonu bulundu: ['Nufus_Sayisi']...
2025-12-22 07:05:11 | INFO     | veri_cek | add_weather_features:149 | 2 hava durumu kolonu bulundu: ['windspeed_10m_max', 'windgusts_10m_max']...
2025-12-22 07:05:11 | INFO     | veri_cek | add_weather_features:149 | 2 hava durumu kolonu bulundu: ['windspeed_10m_max', 'windgusts_10m_max']...
2025-12-22 07:05:11 | INFO     | veri_cek | add_weather_features:149 | 2 hava durumu kolonu bulundu: ['windspeed_10m_max', 'windgusts_10m_max']...
2025-12-22 07:05:11 | INFO     | veri_cek | add_weather_features:149 | 2 hava durumu kolonu bulundu: ['windspeed_10m_max', 'windgusts_10m_max']...
2025-12-22 07:05:11 | INFO     | veri_cek | add_weather_features:149 | 2 hava durumu kolonu bulundu: ['windspeed_10m_max', 'windgusts_10m_max']...
2025-12-22 07:05:11 | INFO     | veri_cek | add_weather_features:149 | 2 hava durumu kolonu bulundu: ['windspeed_10m_max', 'windgusts_10m_max']...
2025-12-22 07:05:11 | INFO     | veri_cek | add_population_features:190 | 1 nüfus kolonu bulundu: ['Nufus_Sayisi']...
2025-12-22 07:05:11 | INFO     | veri_cek | add_population_features:190 | 1 nüfus kolonu bulundu: ['Nufus_Sayisi']...
2025-12-22 07:05:11 | INFO     | veri_cek | add_population_features:190 | 1 nüfus kolonu bulundu: ['Nufus_Sayisi']...
2025-12-22 07:05:12 | INFO     | veri_cek | add_population_features:190 | 1 nüfus kolonu bulundu: ['Nufus_Sayisi']...
2025-12-22 07:05:12 | INFO     | veri_cek | add_population_features:190 | 1 nüfus kolonu bulundu: ['Nufus_Sayisi']...
2025-12-22 07:05:12 | INFO     | veri_cek | add_population_features:190 | 1 nüfus kolonu bulundu: ['Nufus_Sayisi']...
2025-12-22 07:05:12 | INFO     | veri_cek | fetch_tables:455 | Tablolar cache'den alındı.
2025-12-22 07:05:12 | INFO     | veri_cek | fetch_tables:455 | Tablolar cache'den alındı.
2025-12-22 07:05:13 | INFO     | veri_cek | build_train_test_frames:504 | Merge bitti -> Train: (1886, 31), Test: (1722, 31)
2025-12-22 07:05:13 | INFO     | veri_cek | build_train_test_frames:504 | Merge bitti -> Train: (1886, 31), Test: (1722, 31)
2025-12-22 07:05:13 | INFO     | veri_cek | add_weather_features:149 | 2 hava durumu kolonu bulundu: ['windspeed_10m_max', 'windgusts_10m_max']...
2025-12-22 07:05:13 | INFO     | veri_cek | add_weather_features:149 | 2 hava durumu kolonu bulundu: ['windspeed_10m_max', 'windgusts_10m_max']...
2025-12-22 07:05:13 | INFO     | veri_cek | add_population_features:190 | 1 nüfus kolonu bulundu: ['Nufus_Sayisi']...
2025-12-22 07:05:13 | INFO     | veri_cek | add_population_features:190 | 1 nüfus kolonu bulundu: ['Nufus_Sayisi']...
2025-12-22 07:05:13 | INFO     | veri_cek | add_weather_features:149 | 2 hava durumu kolonu bulundu: ['windspeed_10m_max', 'windgusts_10m_max']...
2025-12-22 07:05:13 | INFO     | veri_cek | add_weather_features:149 | 2 hava durumu kolonu bulundu: ['windspeed_10m_max', 'windgusts_10m_max']...
2025-12-22 07:05:13 | INFO     | veri_cek | add_population_features:190 | 1 nüfus kolonu bulundu: ['Nufus_Sayisi']...
2025-12-22 07:05:13 | INFO     | veri_cek | add_population_features:190 | 1 nüfus kolonu bulundu: ['Nufus_Sayisi']...
2025-12-22 07:05:13 | INFO     | veri_cek | fetch_tables:455 | Tablolar cache'den alındı.
2025-12-22 07:05:13 | INFO     | veri_cek | fetch_tables:455 | Tablolar cache'den alındı.
2025-12-22 07:05:13 | INFO     | veri_cek | build_train_test_frames:504 | Merge bitti -> Train: (1886, 31), Test: (1722, 31)
2025-12-22 07:05:13 | INFO     | veri_cek | build_train_test_frames:504 | Merge bitti -> Train: (1886, 31), Test: (1722, 31)
2025-12-22 07:05:13 | INFO     | veri_cek | add_weather_features:149 | 2 hava durumu kolonu bulundu: ['windspeed_10m_max', 'windgusts_10m_max']...
2025-12-22 07:05:13 | INFO     | veri_cek | add_weather_features:149 | 2 hava durumu kolonu bulundu: ['windspeed_10m_max', 'windgusts_10m_max']...
2025-12-22 07:05:14 | INFO     | veri_cek | add_population_features:190 | 1 nüfus kolonu bulundu: ['Nufus_Sayisi']...
2025-12-22 07:05:14 | INFO     | veri_cek | add_population_features:190 | 1 nüfus kolonu bulundu: ['Nufus_Sayisi']...
2025-12-22 07:05:14 | INFO     | veri_cek | add_weather_features:149 | 2 hava durumu kolonu bulundu: ['windspeed_10m_max', 'windgusts_10m_max']...
2025-12-22 07:05:14 | INFO     | veri_cek | add_weather_features:149 | 2 hava durumu kolonu bulundu: ['windspeed_10m_max', 'windgusts_10m_max']...
2025-12-22 07:05:14 | INFO     | veri_cek | add_population_features:190 | 1 nüfus kolonu bulundu: ['Nufus_Sayisi']...
2025-12-22 07:05:14 | INFO     | veri_cek | add_population_features:190 | 1 nüfus kolonu bulundu: ['Nufus_Sayisi']...
2025-12-22 07:12:27 | INFO     | veri_cek | fetch_tables:455 | Tablolar cache'den alındı.
2025-12-22 07:12:27 | INFO     | veri_cek | fetch_tables:455 | Tablolar cache'den alındı.
2025-12-22 07:12:27 | INFO     | veri_cek | fetch_tables:455 | Tablolar cache'den alındı.
2025-12-22 07:12:27 | INFO     | veri_cek | fetch_tables:455 | Tablolar cache'den alındı.
2025-12-22 07:12:27 | INFO     | veri_cek | fetch_tables:455 | Tablolar cache'den alındı.
2025-12-22 07:12:27 | INFO     | veri_cek | fetch_tables:455 | Tablolar cache'den alındı.
2025-12-22 07:12:28 | INFO     | veri_cek | build_train_test_frames:504 | Merge bitti -> Train: (1886, 31), Test: (1722, 31)
2025-12-22 07:12:28 | INFO     | veri_cek | build_train_test_frames:504 | Merge bitti -> Train: (1886, 31), Test: (1722, 31)
2025-12-22 07:12:28 | INFO     | veri_cek | build_train_test_frames:504 | Merge bitti -> Train: (1886, 31), Test: (1722, 31)
2025-12-22 07:12:28 | INFO     | veri_cek | build_train_test_frames:504 | Merge bitti -> Train: (1886, 31), Test: (1722, 31)
2025-12-22 07:12:28 | INFO     | veri_cek | build_train_test_frames:504 | Merge bitti -> Train: (1886, 31), Test: (1722, 31)
2025-12-22 07:12:28 | INFO     | veri_cek | build_train_test_frames:504 | Merge bitti -> Train: (1886, 31), Test: (1722, 31)
2025-12-22 07:12:29 | INFO     | veri_cek | add_weather_features:149 | 2 hava durumu kolonu bulundu: ['windspeed_10m_max', 'windgusts_10m_max']...
2025-12-22 07:12:29 | INFO     | veri_cek | add_weather_features:149 | 2 hava durumu kolonu bulundu: ['windspeed_10m_max', 'windgusts_10m_max']...
2025-12-22 07:12:29 | INFO     | veri_cek | add_weather_features:149 | 2 hava durumu kolonu bulundu: ['windspeed_10m_max', 'windgusts_10m_max']...
2025-12-22 07:12:29 | INFO     | veri_cek | add_weather_features:149 | 2 hava durumu kolonu bulundu: ['windspeed_10m_max', 'windgusts_10m_max']...
2025-12-22 07:12:29 | INFO     | veri_cek | add_weather_features:149 | 2 hava durumu kolonu bulundu: ['windspeed_10m_max', 'windgusts_10m_max']...
2025-12-22 07:12:29 | INFO     | veri_cek | add_weather_features:149 | 2 hava durumu kolonu bulundu: ['windspeed_10m_max', 'windgusts_10m_max']...
2025-12-22 07:12:29 | INFO     | veri_cek | add_population_features:190 | 1 nüfus kolonu bulundu: ['Nufus_Sayisi']...
2025-12-22 07:12:29 | INFO     | veri_cek | add_population_features:190 | 1 nüfus kolonu bulundu: ['Nufus_Sayisi']...
2025-12-22 07:12:29 | INFO     | veri_cek | add_population_features:190 | 1 nüfus kolonu bulundu: ['Nufus_Sayisi']...
2025-12-22 07:12:29 | INFO     | veri_cek | add_population_features:190 | 1 nüfus kolonu bulundu: ['Nufus_Sayisi']...
2025-12-22 07:12:29 | INFO     | veri_cek | add_population_features:190 | 1 nüfus kolonu bulundu: ['Nufus_Sayisi']...
2025-12-22 07:12:29 | INFO     | veri_cek | add_population_features:190 | 1 nüfus kolonu bulundu: ['Nufus_Sayisi']...
2025-12-22 07:12:30 | INFO     | veri_cek | add_weather_features:149 | 2 hava durumu kolonu bulundu: ['windspeed_10m_max', 'windgusts_10m_max']...
2025-12-22 07:12:30 | INFO     | veri_cek | add_weather_features:149 | 2 hava durumu kolonu bulundu: ['windspeed_10m_max', 'windgusts_10m_max']...
2025-12-22 07:12:30 | INFO     | veri_cek | add_weather_features:149 | 2 hava durumu kolonu bulundu: ['windspeed_10m_max', 'windgusts_10m_max']...
2025-12-22 07:12:30 | INFO     | veri_cek | add_weather_features:149 | 2 hava durumu kolonu bulundu: ['windspeed_10m_max', 'windgusts_10m_max']...
2025-12-22 07:12:30 | INFO     | veri_cek | add_weather_features:149 | 2 hava durumu kolonu bulundu: ['windspeed_10m_max', 'windgusts_10m_max']...
2025-12-22 07:12:30 | INFO     | veri_cek | add_weather_features:149 | 2 hava durumu kolonu bulundu: ['windspeed_10m_max', 'windgusts_10m_max']...
2025-12-22 07:12:31 | INFO     | veri_cek | add_population_features:190 | 1 nüfus kolonu bulundu: ['Nufus_Sayisi']...
2025-12-22 07:12:31 | INFO     | veri_cek | add_population_features:190 | 1 nüfus kolonu bulundu: ['Nufus_Sayisi']...
2025-12-22 07:12:31 | INFO     | veri_cek | add_population_features:190 | 1 nüfus kolonu bulundu: ['Nufus_Sayisi']...
2025-12-22 07:12:31 | INFO     | veri_cek | add_population_features:190 | 1 nüfus kolonu bulundu: ['Nufus_Sayisi']...
2025-12-22 07:12:31 | INFO     | veri_cek | add_population_features:190 | 1 nüfus kolonu bulundu: ['Nufus_Sayisi']...
2025-12-22 07:12:31 | INFO     | veri_cek | fetch_tables:455 | Tablolar cache'den alındı.
2025-12-22 07:12:31 | INFO     | veri_cek | add_population_features:190 | 1 nüfus kolonu bulundu: ['Nufus_Sayisi']...
2025-12-22 07:12:31 | INFO     | veri_cek | fetch_tables:455 | Tablolar cache'den alındı.
2025-12-22 07:12:31 | INFO     | veri_cek | fetch_tables:455 | Tablolar cache'den alındı.
2025-12-22 07:12:31 | INFO     | veri_cek | fetch_tables:455 | Tablolar cache'den alındı.
2025-12-22 07:12:31 | INFO     | veri_cek | fetch_tables:455 | Tablolar cache'den alındı.
2025-12-22 07:12:31 | INFO     | veri_cek | fetch_tables:455 | Tablolar cache'den alındı.
2025-12-22 07:12:31 | INFO     | veri_cek | build_train_test_frames:504 | Merge bitti -> Train: (1886, 31), Test: (1722, 31)
2025-12-22 07:12:31 | INFO     | veri_cek | build_train_test_frames:504 | Merge bitti -> Train: (1886, 31), Test: (1722, 31)
2025-12-22 07:12:31 | INFO     | veri_cek | build_train_test_frames:504 | Merge bitti -> Train: (1886, 31), Test: (1722, 31)
2025-12-22 07:12:31 | INFO     | veri_cek | build_train_test_frames:504 | Merge bitti -> Train: (1886, 31), Test: (1722, 31)
2025-12-22 07:12:31 | INFO     | veri_cek | build_train_test_frames:504 | Merge bitti -> Train: (1886, 31), Test: (1722, 31)
2025-12-22 07:12:32 | INFO     | veri_cek | build_train_test_frames:504 | Merge bitti -> Train: (1886, 31), Test: (1722, 31)
2025-12-22 07:12:32 | INFO     | veri_cek | add_weather_features:149 | 2 hava durumu kolonu bulundu: ['windspeed_10m_max', 'windgusts_10m_max']...
2025-12-22 07:12:32 | INFO     | veri_cek | add_weather_features:149 | 2 hava durumu kolonu bulundu: ['windspeed_10m_max', 'windgusts_10m_max']...
2025-12-22 07:12:32 | INFO     | veri_cek | add_weather_features:149 | 2 hava durumu kolonu bulundu: ['windspeed_10m_max', 'windgusts_10m_max']...
2025-12-22 07:12:33 | INFO     | veri_cek | add_weather_features:149 | 2 hava durumu kolonu bulundu: ['windspeed_10m_max', 'windgusts_10m_max']...
2025-12-22 07:12:33 | INFO     | veri_cek | add_weather_features:149 | 2 hava durumu kolonu bulundu: ['windspeed_10m_max', 'windgusts_10m_max']...
2025-12-22 07:12:33 | INFO     | veri_cek | add_weather_features:149 | 2 hava durumu kolonu bulundu: ['windspeed_10m_max', 'windgusts_10m_max']...
2025-12-22 07:12:33 | INFO     | veri_cek | add_population_features:190 | 1 nüfus kolonu bulundu: ['Nufus_Sayisi']...
2025-12-22 07:12:33 | INFO     | veri_cek | add_population_features:190 | 1 nüfus kolonu bulundu: ['Nufus_Sayisi']...
2025-12-22 07:12:33 | INFO     | veri_cek | add_population_features:190 | 1 nüfus kolonu bulundu: ['Nufus_Sayisi']...
2025-12-22 07:12:33 | INFO     | veri_cek | add_population_features:190 | 1 nüfus kolonu bulundu: ['Nufus_Sayisi']...
2025-12-22 07:12:33 | INFO     | veri_cek | add_population_features:190 | 1 nüfus kolonu bulundu: ['Nufus_Sayisi']...
2025-12-22 07:12:33 | INFO     | veri_cek | add_population_features:190 | 1 nüfus kolonu bulundu: ['Nufus_Sayisi']...
2025-12-22 07:12:34 | INFO     | veri_cek | add_weather_features:149 | 2 hava durumu kolonu bulundu: ['windspeed_10m_max', 'windgusts_10m_max']...
2025-12-22 07:12:34 | INFO     | veri_cek | add_weather_features:149 | 2 hava durumu kolonu bulundu: ['windspeed_10m_max', 'windgusts_10m_max']...
2025-12-22 07:12:34 | INFO     | veri_cek | add_weather_features:149 | 2 hava durumu kolonu bulundu: ['windspeed_10m_max', 'windgusts_10m_max']...
2025-12-22 07:12:34 | INFO     | veri_cek | add_weather_features:149 | 2 hava durumu kolonu bulundu: ['windspeed_10m_max', 'windgusts_10m_max']...
2025-12-22 07:12:34 | INFO     | veri_cek | add_weather_features:149 | 2 hava durumu kolonu bulundu: ['windspeed_10m_max', 'windgusts_10m_max']...
2025-12-22 07:12:34 | INFO     | veri_cek | add_weather_features:149 | 2 hava durumu kolonu bulundu: ['windspeed_10m_max', 'windgusts_10m_max']...
2025-12-22 07:12:35 | INFO     | veri_cek | add_population_features:190 | 1 nüfus kolonu bulundu: ['Nufus_Sayisi']...
2025-12-22 07:12:35 | INFO     | veri_cek | add_population_features:190 | 1 nüfus kolonu bulundu: ['Nufus_Sayisi']...
2025-12-22 07:12:35 | INFO     | veri_cek | add_population_features:190 | 1 nüfus kolonu bulundu: ['Nufus_Sayisi']...
2025-12-22 07:12:35 | INFO     | veri_cek | add_population_features:190 | 1 nüfus kolonu bulundu: ['Nufus_Sayisi']...
2025-12-22 07:12:35 | INFO     | veri_cek | add_population_features:190 | 1 nüfus kolonu bulundu: ['Nufus_Sayisi']...
2025-12-22 07:12:35 | INFO     | veri_cek | add_population_features:190 | 1 nüfus kolonu bulundu: ['Nufus_Sayisi']...
2025-12-22 07:12:36 | INFO     | veri_cek | fetch_tables:455 | Tablolar cache'den alındı.
2025-12-22 07:12:36 | INFO     | veri_cek | fetch_tables:455 | Tablolar cache'den alındı.
2025-12-22 07:12:36 | INFO     | veri_cek | build_train_test_frames:504 | Merge bitti -> Train: (1886, 31), Test: (1722, 31)
2025-12-22 07:12:36 | INFO     | veri_cek | build_train_test_frames:504 | Merge bitti -> Train: (1886, 31), Test: (1722, 31)
2025-12-22 07:12:37 | INFO     | veri_cek | add_weather_features:149 | 2 hava durumu kolonu bulundu: ['windspeed_10m_max', 'windgusts_10m_max']...
2025-12-22 07:12:37 | INFO     | veri_cek | add_weather_features:149 | 2 hava durumu kolonu bulundu: ['windspeed_10m_max', 'windgusts_10m_max']...
2025-12-22 07:12:37 | INFO     | veri_cek | add_population_features:190 | 1 nüfus kolonu bulundu: ['Nufus_Sayisi']...
2025-12-22 07:12:37 | INFO     | veri_cek | add_population_features:190 | 1 nüfus kolonu bulundu: ['Nufus_Sayisi']...
2025-12-22 07:12:37 | INFO     | veri_cek | add_weather_features:149 | 2 hava durumu kolonu bulundu: ['windspeed_10m_max', 'windgusts_10m_max']...
2025-12-22 07:12:37 | INFO     | veri_cek | add_weather_features:149 | 2 hava durumu kolonu bulundu: ['windspeed_10m_max', 'windgusts_10m_max']...
2025-12-22 07:12:37 | INFO     | veri_cek | add_population_features:190 | 1 nüfus kolonu bulundu: ['Nufus_Sayisi']...
2025-12-22 07:12:37 | INFO     | veri_cek | add_population_features:190 | 1 nüfus kolonu bulundu: ['Nufus_Sayisi']...
2025-12-22 07:12:37 | INFO     | veri_cek | fetch_tables:455 | Tablolar cache'den alındı.
2025-12-22 07:12:38 | INFO     | veri_cek | fetch_tables:455 | Tablolar cache'den alındı.
2025-12-22 07:12:38 | INFO     | veri_cek | build_train_test_frames:504 | Merge bitti -> Train: (1886, 31), Test: (1722, 31)
2025-12-22 07:12:38 | INFO     | veri_cek | build_train_test_frames:504 | Merge bitti -> Train: (1886, 31), Test: (1722, 31)
2025-12-22 07:12:38 | INFO     | veri_cek | add_weather_features:149 | 2 hava durumu kolonu bulundu: ['windspeed_10m_max', 'windgusts_10m_max']...
2025-12-22 07:12:38 | INFO     | veri_cek | add_weather_features:149 | 2 hava durumu kolonu bulundu: ['windspeed_10m_max', 'windgusts_10m_max']...
2025-12-22 07:12:38 | INFO     | veri_cek | add_population_features:190 | 1 nüfus kolonu bulundu: ['Nufus_Sayisi']...
2025-12-22 07:12:38 | INFO     | veri_cek | add_population_features:190 | 1 nüfus kolonu bulundu: ['Nufus_Sayisi']...
2025-12-22 07:12:38 | INFO     | veri_cek | add_weather_features:149 | 2 hava durumu kolonu bulundu: ['windspeed_10m_max', 'windgusts_10m_max']...
2025-12-22 07:12:39 | INFO     | veri_cek | add_population_features:190 | 1 nüfus kolonu bulundu: ['Nufus_Sayisi']...
2025-12-22 07:12:39 | INFO     | veri_cek | add_weather_features:149 | 2 hava durumu kolonu bulundu: ['windspeed_10m_max', 'windgusts_10m_max']...
2025-12-22 07:12:39 | INFO     | veri_cek | add_population_features:190 | 1 nüfus kolonu bulundu: ['Nufus_Sayisi']...
2025-12-22 07:23:13 | INFO     | veri_cek | fetch_tables:455 | Tablolar cache'den alındı.
2025-12-22 07:23:13 | INFO     | veri_cek | fetch_tables:455 | Tablolar cache'den alındı.
2025-12-22 07:23:13 | INFO     | veri_cek | fetch_tables:455 | Tablolar cache'den alındı.
2025-12-22 07:23:13 | INFO     | veri_cek | fetch_tables:455 | Tablolar cache'den alındı.
2025-12-22 07:23:13 | INFO     | veri_cek | fetch_tables:455 | Tablolar cache'den alındı.
2025-12-22 07:23:13 | INFO     | veri_cek | fetch_tables:455 | Tablolar cache'den alındı.
2025-12-22 07:23:14 | INFO     | veri_cek | build_train_test_frames:504 | Merge bitti -> Train: (1886, 31), Test: (1722, 31)
2025-12-22 07:23:14 | INFO     | veri_cek | build_train_test_frames:504 | Merge bitti -> Train: (1886, 31), Test: (1722, 31)
2025-12-22 07:23:14 | INFO     | veri_cek | build_train_test_frames:504 | Merge bitti -> Train: (1886, 31), Test: (1722, 31)
2025-12-22 07:23:14 | INFO     | veri_cek | build_train_test_frames:504 | Merge bitti -> Train: (1886, 31), Test: (1722, 31)
2025-12-22 07:23:14 | INFO     | veri_cek | build_train_test_frames:504 | Merge bitti -> Train: (1886, 31), Test: (1722, 31)
2025-12-22 07:23:14 | INFO     | veri_cek | build_train_test_frames:504 | Merge bitti -> Train: (1886, 31), Test: (1722, 31)
2025-12-22 07:23:14 | INFO     | veri_cek | add_weather_features:149 | 2 hava durumu kolonu bulundu: ['windspeed_10m_max', 'windgusts_10m_max']...
2025-12-22 07:23:14 | INFO     | veri_cek | add_weather_features:149 | 2 hava durumu kolonu bulundu: ['windspeed_10m_max', 'windgusts_10m_max']...
2025-12-22 07:23:14 | INFO     | veri_cek | add_weather_features:149 | 2 hava durumu kolonu bulundu: ['windspeed_10m_max', 'windgusts_10m_max']...
2025-12-22 07:23:14 | INFO     | veri_cek | add_weather_features:149 | 2 hava durumu kolonu bulundu: ['windspeed_10m_max', 'windgusts_10m_max']...
2025-12-22 07:23:14 | INFO     | veri_cek | add_weather_features:149 | 2 hava durumu kolonu bulundu: ['windspeed_10m_max', 'windgusts_10m_max']...
2025-12-22 07:23:15 | INFO     | veri_cek | add_weather_features:149 | 2 hava durumu kolonu bulundu: ['windspeed_10m_max', 'windgusts_10m_max']...
2025-12-22 07:23:15 | INFO     | veri_cek | add_population_features:190 | 1 nüfus kolonu bulundu: ['Nufus_Sayisi']...
2025-12-22 07:23:15 | INFO     | veri_cek | add_population_features:190 | 1 nüfus kolonu bulundu: ['Nufus_Sayisi']...
2025-12-22 07:23:15 | INFO     | veri_cek | add_population_features:190 | 1 nüfus kolonu bulundu: ['Nufus_Sayisi']...
2025-12-22 07:23:15 | INFO     | veri_cek | add_population_features:190 | 1 nüfus kolonu bulundu: ['Nufus_Sayisi']...
2025-12-22 07:23:15 | INFO     | veri_cek | add_population_features:190 | 1 nüfus kolonu bulundu: ['Nufus_Sayisi']...
2025-12-22 07:23:15 | INFO     | veri_cek | add_population_features:190 | 1 nüfus kolonu bulundu: ['Nufus_Sayisi']...
2025-12-22 07:23:16 | INFO     | veri_cek | add_weather_features:149 | 2 hava durumu kolonu bulundu: ['windspeed_10m_max', 'windgusts_10m_max']...
2025-12-22 07:23:16 | INFO     | veri_cek | add_weather_features:149 | 2 hava durumu kolonu bulundu: ['windspeed_10m_max', 'windgusts_10m_max']...
2025-12-22 07:23:16 | INFO     | veri_cek | add_weather_features:149 | 2 hava durumu kolonu bulundu: ['windspeed_10m_max', 'windgusts_10m_max']...
2025-12-22 07:23:16 | INFO     | veri_cek | add_weather_features:149 | 2 hava durumu kolonu bulundu: ['windspeed_10m_max', 'windgusts_10m_max']...
2025-12-22 07:23:16 | INFO     | veri_cek | add_weather_features:149 | 2 hava durumu kolonu bulundu: ['windspeed_10m_max', 'windgusts_10m_max']...
2025-12-22 07:23:16 | INFO     | veri_cek | add_weather_features:149 | 2 hava durumu kolonu bulundu: ['windspeed_10m_max', 'windgusts_10m_max']...
2025-12-22 07:23:16 | INFO     | veri_cek | add_population_features:190 | 1 nüfus kolonu bulundu: ['Nufus_Sayisi']...
2025-12-22 07:23:16 | INFO     | veri_cek | add_population_features:190 | 1 nüfus kolonu bulundu: ['Nufus_Sayisi']...
2025-12-22 07:23:16 | INFO     | veri_cek | add_population_features:190 | 1 nüfus kolonu bulundu: ['Nufus_Sayisi']...
2025-12-22 07:23:16 | INFO     | veri_cek | add_population_features:190 | 1 nüfus kolonu bulundu: ['Nufus_Sayisi']...
2025-12-22 07:23:16 | INFO     | veri_cek | add_population_features:190 | 1 nüfus kolonu bulundu: ['Nufus_Sayisi']...
2025-12-22 07:23:16 | INFO     | veri_cek | fetch_tables:455 | Tablolar cache'den alındı.
2025-12-22 07:23:16 | INFO     | veri_cek | add_population_features:190 | 1 nüfus kolonu bulundu: ['Nufus_Sayisi']...
2025-12-22 07:23:16 | INFO     | veri_cek | fetch_tables:455 | Tablolar cache'den alındı.
2025-12-22 07:23:16 | INFO     | veri_cek | fetch_tables:455 | Tablolar cache'den alındı.
2025-12-22 07:23:16 | INFO     | veri_cek | fetch_tables:455 | Tablolar cache'den alındı.
2025-12-22 07:23:16 | INFO     | veri_cek | fetch_tables:455 | Tablolar cache'den alındı.
2025-12-22 07:23:16 | INFO     | veri_cek | fetch_tables:455 | Tablolar cache'den alındı.
2025-12-22 07:23:16 | INFO     | veri_cek | build_train_test_frames:504 | Merge bitti -> Train: (1886, 31), Test: (1722, 31)
2025-12-22 07:23:16 | INFO     | veri_cek | build_train_test_frames:504 | Merge bitti -> Train: (1886, 31), Test: (1722, 31)
2025-12-22 07:23:16 | INFO     | veri_cek | build_train_test_frames:504 | Merge bitti -> Train: (1886, 31), Test: (1722, 31)
2025-12-22 07:23:16 | INFO     | veri_cek | build_train_test_frames:504 | Merge bitti -> Train: (1886, 31), Test: (1722, 31)
2025-12-22 07:23:16 | INFO     | veri_cek | build_train_test_frames:504 | Merge bitti -> Train: (1886, 31), Test: (1722, 31)
2025-12-22 07:23:16 | INFO     | veri_cek | build_train_test_frames:504 | Merge bitti -> Train: (1886, 31), Test: (1722, 31)
2025-12-22 07:23:17 | INFO     | veri_cek | add_weather_features:149 | 2 hava durumu kolonu bulundu: ['windspeed_10m_max', 'windgusts_10m_max']...
2025-12-22 07:23:17 | INFO     | veri_cek | add_weather_features:149 | 2 hava durumu kolonu bulundu: ['windspeed_10m_max', 'windgusts_10m_max']...
2025-12-22 07:23:17 | INFO     | veri_cek | add_weather_features:149 | 2 hava durumu kolonu bulundu: ['windspeed_10m_max', 'windgusts_10m_max']...
2025-12-22 07:23:17 | INFO     | veri_cek | add_weather_features:149 | 2 hava durumu kolonu bulundu: ['windspeed_10m_max', 'windgusts_10m_max']...
2025-12-22 07:23:17 | INFO     | veri_cek | add_weather_features:149 | 2 hava durumu kolonu bulundu: ['windspeed_10m_max', 'windgusts_10m_max']...
2025-12-22 07:23:17 | INFO     | veri_cek | add_weather_features:149 | 2 hava durumu kolonu bulundu: ['windspeed_10m_max', 'windgusts_10m_max']...
2025-12-22 07:23:17 | INFO     | veri_cek | add_population_features:190 | 1 nüfus kolonu bulundu: ['Nufus_Sayisi']...
2025-12-22 07:23:17 | INFO     | veri_cek | add_population_features:190 | 1 nüfus kolonu bulundu: ['Nufus_Sayisi']...
2025-12-22 07:23:17 | INFO     | veri_cek | add_population_features:190 | 1 nüfus kolonu bulundu: ['Nufus_Sayisi']...
2025-12-22 07:23:17 | INFO     | veri_cek | add_population_features:190 | 1 nüfus kolonu bulundu: ['Nufus_Sayisi']...
2025-12-22 07:23:17 | INFO     | veri_cek | add_population_features:190 | 1 nüfus kolonu bulundu: ['Nufus_Sayisi']...
2025-12-22 07:23:18 | INFO     | veri_cek | add_population_features:190 | 1 nüfus kolonu bulundu: ['Nufus_Sayisi']...
2025-12-22 07:23:18 | INFO     | veri_cek | add_weather_features:149 | 2 hava durumu kolonu bulundu: ['windspeed_10m_max', 'windgusts_10m_max']...
2025-12-22 07:23:18 | INFO     | veri_cek | add_weather_features:149 | 2 hava durumu kolonu bulundu: ['windspeed_10m_max', 'windgusts_10m_max']...
2025-12-22 07:23:18 | INFO     | veri_cek | add_weather_features:149 | 2 hava durumu kolonu bulundu: ['windspeed_10m_max', 'windgusts_10m_max']...
2025-12-22 07:23:18 | INFO     | veri_cek | add_weather_features:149 | 2 hava durumu kolonu bulundu: ['windspeed_10m_max', 'windgusts_10m_max']...
2025-12-22 07:23:18 | INFO     | veri_cek | add_weather_features:149 | 2 hava durumu kolonu bulundu: ['windspeed_10m_max', 'windgusts_10m_max']...
2025-12-22 07:23:19 | INFO     | veri_cek | add_weather_features:149 | 2 hava durumu kolonu bulundu: ['windspeed_10m_max', 'windgusts_10m_max']...
2025-12-22 07:23:19 | INFO     | veri_cek | add_population_features:190 | 1 nüfus kolonu bulundu: ['Nufus_Sayisi']...
2025-12-22 07:23:19 | INFO     | veri_cek | add_population_features:190 | 1 nüfus kolonu bulundu: ['Nufus_Sayisi']...
2025-12-22 07:23:19 | INFO     | veri_cek | add_population_features:190 | 1 nüfus kolonu bulundu: ['Nufus_Sayisi']...
2025-12-22 07:23:19 | INFO     | veri_cek | add_population_features:190 | 1 nüfus kolonu bulundu: ['Nufus_Sayisi']...
2025-12-22 07:23:19 | INFO     | veri_cek | add_population_features:190 | 1 nüfus kolonu bulundu: ['Nufus_Sayisi']...
2025-12-22 07:23:19 | INFO     | veri_cek | add_population_features:190 | 1 nüfus kolonu bulundu: ['Nufus_Sayisi']...
2025-12-22 07:23:20 | INFO     | veri_cek | fetch_tables:455 | Tablolar cache'den alındı.
2025-12-22 07:23:20 | INFO     | veri_cek | fetch_tables:455 | Tablolar cache'den alındı.
2025-12-22 07:23:20 | INFO     | veri_cek | build_train_test_frames:504 | Merge bitti -> Train: (1886, 31), Test: (1722, 31)
2025-12-22 07:23:20 | INFO     | veri_cek | build_train_test_frames:504 | Merge bitti -> Train: (1886, 31), Test: (1722, 31)
2025-12-22 07:23:20 | INFO     | veri_cek | add_weather_features:149 | 2 hava durumu kolonu bulundu: ['windspeed_10m_max', 'windgusts_10m_max']...
2025-12-22 07:23:20 | INFO     | veri_cek | add_weather_features:149 | 2 hava durumu kolonu bulundu: ['windspeed_10m_max', 'windgusts_10m_max']...
2025-12-22 07:23:20 | INFO     | veri_cek | add_population_features:190 | 1 nüfus kolonu bulundu: ['Nufus_Sayisi']...
2025-12-22 07:23:20 | INFO     | veri_cek | add_population_features:190 | 1 nüfus kolonu bulundu: ['Nufus_Sayisi']...
2025-12-22 07:23:21 | INFO     | veri_cek | add_weather_features:149 | 2 hava durumu kolonu bulundu: ['windspeed_10m_max', 'windgusts_10m_max']...
2025-12-22 07:23:21 | INFO     | veri_cek | add_weather_features:149 | 2 hava durumu kolonu bulundu: ['windspeed_10m_max', 'windgusts_10m_max']...
2025-12-22 07:23:21 | INFO     | veri_cek | add_population_features:190 | 1 nüfus kolonu bulundu: ['Nufus_Sayisi']...
2025-12-22 07:23:21 | INFO     | veri_cek | add_population_features:190 | 1 nüfus kolonu bulundu: ['Nufus_Sayisi']...
2025-12-22 07:23:21 | INFO     | veri_cek | fetch_tables:455 | Tablolar cache'den alındı.
2025-12-22 07:23:21 | INFO     | veri_cek | fetch_tables:455 | Tablolar cache'den alındı.
2025-12-22 07:23:21 | INFO     | veri_cek | build_train_test_frames:504 | Merge bitti -> Train: (1886, 31), Test: (1722, 31)
2025-12-22 07:23:21 | INFO     | veri_cek | build_train_test_frames:504 | Merge bitti -> Train: (1886, 31), Test: (1722, 31)
2025-12-22 07:23:21 | INFO     | veri_cek | add_weather_features:149 | 2 hava durumu kolonu bulundu: ['windspeed_10m_max', 'windgusts_10m_max']...
2025-12-22 07:23:21 | INFO     | veri_cek | add_weather_features:149 | 2 hava durumu kolonu bulundu: ['windspeed_10m_max', 'windgusts_10m_max']...
2025-12-22 07:23:21 | INFO     | veri_cek | add_population_features:190 | 1 nüfus kolonu bulundu: ['Nufus_Sayisi']...
2025-12-22 07:23:21 | INFO     | veri_cek | add_population_features:190 | 1 nüfus kolonu bulundu: ['Nufus_Sayisi']...
2025-12-22 07:23:21 | INFO     | veri_cek | add_weather_features:149 | 2 hava durumu kolonu bulundu: ['windspeed_10m_max', 'windgusts_10m_max']...
2025-12-22 07:23:21 | INFO     | veri_cek | add_weather_features:149 | 2 hava durumu kolonu bulundu: ['windspeed_10m_max', 'windgusts_10m_max']...
2025-12-22 07:23:21 | INFO     | veri_cek | add_population_features:190 | 1 nüfus kolonu bulundu: ['Nufus_Sayisi']...
2025-12-22 07:23:21 | INFO     | veri_cek | add_population_features:190 | 1 nüfus kolonu bulundu: ['Nufus_Sayisi']...
2025-12-22 07:28:47 | INFO     | veri_cek | fetch_tables:455 | Tablolar cache'den alındı.
2025-12-22 07:28:47 | INFO     | veri_cek | fetch_tables:455 | Tablolar cache'den alındı.
2025-12-22 07:28:47 | INFO     | veri_cek | fetch_tables:455 | Tablolar cache'den alındı.
2025-12-22 07:28:47 | INFO     | veri_cek | fetch_tables:455 | Tablolar cache'den alındı.
2025-12-22 07:28:47 | INFO     | veri_cek | fetch_tables:455 | Tablolar cache'den alındı.
2025-12-22 07:28:47 | INFO     | veri_cek | fetch_tables:455 | Tablolar cache'den alındı.
2025-12-22 07:28:48 | INFO     | veri_cek | build_train_test_frames:504 | Merge bitti -> Train: (1886, 31), Test: (1722, 31)
2025-12-22 07:28:48 | INFO     | veri_cek | build_train_test_frames:504 | Merge bitti -> Train: (1886, 31), Test: (1722, 31)
2025-12-22 07:28:48 | INFO     | veri_cek | build_train_test_frames:504 | Merge bitti -> Train: (1886, 31), Test: (1722, 31)
2025-12-22 07:28:48 | INFO     | veri_cek | build_train_test_frames:504 | Merge bitti -> Train: (1886, 31), Test: (1722, 31)
2025-12-22 07:28:48 | INFO     | veri_cek | build_train_test_frames:504 | Merge bitti -> Train: (1886, 31), Test: (1722, 31)
2025-12-22 07:28:48 | INFO     | veri_cek | build_train_test_frames:504 | Merge bitti -> Train: (1886, 31), Test: (1722, 31)
2025-12-22 07:28:50 | INFO     | veri_cek | add_weather_features:149 | 2 hava durumu kolonu bulundu: ['windspeed_10m_max', 'windgusts_10m_max']...
2025-12-22 07:28:50 | INFO     | veri_cek | add_weather_features:149 | 2 hava durumu kolonu bulundu: ['windspeed_10m_max', 'windgusts_10m_max']...
2025-12-22 07:28:50 | INFO     | veri_cek | add_weather_features:149 | 2 hava durumu kolonu bulundu: ['windspeed_10m_max', 'windgusts_10m_max']...
2025-12-22 07:28:50 | INFO     | veri_cek | add_weather_features:149 | 2 hava durumu kolonu bulundu: ['windspeed_10m_max', 'windgusts_10m_max']...
2025-12-22 07:28:50 | INFO     | veri_cek | add_weather_features:149 | 2 hava durumu kolonu bulundu: ['windspeed_10m_max', 'windgusts_10m_max']...
2025-12-22 07:28:50 | INFO     | veri_cek | add_weather_features:149 | 2 hava durumu kolonu bulundu: ['windspeed_10m_max', 'windgusts_10m_max']...
2025-12-22 07:28:50 | INFO     | veri_cek | add_population_features:190 | 1 nüfus kolonu bulundu: ['Nufus_Sayisi']...
2025-12-22 07:28:50 | INFO     | veri_cek | add_population_features:190 | 1 nüfus kolonu bulundu: ['Nufus_Sayisi']...
2025-12-22 07:28:50 | INFO     | veri_cek | add_population_features:190 | 1 nüfus kolonu bulundu: ['Nufus_Sayisi']...
2025-12-22 07:28:51 | INFO     | veri_cek | add_population_features:190 | 1 nüfus kolonu bulundu: ['Nufus_Sayisi']...
2025-12-22 07:28:51 | INFO     | veri_cek | add_population_features:190 | 1 nüfus kolonu bulundu: ['Nufus_Sayisi']...
2025-12-22 07:28:51 | INFO     | veri_cek | add_population_features:190 | 1 nüfus kolonu bulundu: ['Nufus_Sayisi']...
2025-12-22 07:28:52 | INFO     | veri_cek | add_weather_features:149 | 2 hava durumu kolonu bulundu: ['windspeed_10m_max', 'windgusts_10m_max']...
2025-12-22 07:28:52 | INFO     | veri_cek | add_weather_features:149 | 2 hava durumu kolonu bulundu: ['windspeed_10m_max', 'windgusts_10m_max']...
2025-12-22 07:28:52 | INFO     | veri_cek | add_weather_features:149 | 2 hava durumu kolonu bulundu: ['windspeed_10m_max', 'windgusts_10m_max']...
2025-12-22 07:28:52 | INFO     | veri_cek | add_weather_features:149 | 2 hava durumu kolonu bulundu: ['windspeed_10m_max', 'windgusts_10m_max']...
2025-12-22 07:28:52 | INFO     | veri_cek | add_weather_features:149 | 2 hava durumu kolonu bulundu: ['windspeed_10m_max', 'windgusts_10m_max']...
2025-12-22 07:28:52 | INFO     | veri_cek | add_weather_features:149 | 2 hava durumu kolonu bulundu: ['windspeed_10m_max', 'windgusts_10m_max']...
2025-12-22 07:28:53 | INFO     | veri_cek | add_population_features:190 | 1 nüfus kolonu bulundu: ['Nufus_Sayisi']...
2025-12-22 07:28:53 | INFO     | veri_cek | add_population_features:190 | 1 nüfus kolonu bulundu: ['Nufus_Sayisi']...
2025-12-22 07:28:53 | INFO     | veri_cek | add_population_features:190 | 1 nüfus kolonu bulundu: ['Nufus_Sayisi']...
2025-12-22 07:28:53 | INFO     | veri_cek | add_population_features:190 | 1 nüfus kolonu bulundu: ['Nufus_Sayisi']...
2025-12-22 07:28:53 | INFO     | veri_cek | add_population_features:190 | 1 nüfus kolonu bulundu: ['Nufus_Sayisi']...
2025-12-22 07:28:53 | INFO     | veri_cek | fetch_tables:455 | Tablolar cache'den alındı.
2025-12-22 07:28:53 | INFO     | veri_cek | fetch_tables:455 | Tablolar cache'den alındı.
2025-12-22 07:28:53 | INFO     | veri_cek | fetch_tables:455 | Tablolar cache'den alındı.
2025-12-22 07:28:53 | INFO     | veri_cek | add_population_features:190 | 1 nüfus kolonu bulundu: ['Nufus_Sayisi']...
2025-12-22 07:28:53 | INFO     | veri_cek | fetch_tables:455 | Tablolar cache'den alındı.
2025-12-22 07:28:53 | INFO     | veri_cek | fetch_tables:455 | Tablolar cache'den alındı.
2025-12-22 07:28:53 | INFO     | veri_cek | fetch_tables:455 | Tablolar cache'den alındı.
2025-12-22 07:28:53 | INFO     | veri_cek | build_train_test_frames:504 | Merge bitti -> Train: (1886, 31), Test: (1722, 31)
2025-12-22 07:28:53 | INFO     | veri_cek | build_train_test_frames:504 | Merge bitti -> Train: (1886, 31), Test: (1722, 31)
2025-12-22 07:28:54 | INFO     | veri_cek | build_train_test_frames:504 | Merge bitti -> Train: (1886, 31), Test: (1722, 31)
2025-12-22 07:28:54 | INFO     | veri_cek | build_train_test_frames:504 | Merge bitti -> Train: (1886, 31), Test: (1722, 31)
2025-12-22 07:28:54 | INFO     | veri_cek | build_train_test_frames:504 | Merge bitti -> Train: (1886, 31), Test: (1722, 31)
2025-12-22 07:28:54 | INFO     | veri_cek | build_train_test_frames:504 | Merge bitti -> Train: (1886, 31), Test: (1722, 31)
2025-12-22 07:28:55 | INFO     | veri_cek | add_weather_features:149 | 2 hava durumu kolonu bulundu: ['windspeed_10m_max', 'windgusts_10m_max']...
2025-12-22 07:28:55 | INFO     | veri_cek | add_weather_features:149 | 2 hava durumu kolonu bulundu: ['windspeed_10m_max', 'windgusts_10m_max']...
2025-12-22 07:28:55 | INFO     | veri_cek | add_weather_features:149 | 2 hava durumu kolonu bulundu: ['windspeed_10m_max', 'windgusts_10m_max']...
2025-12-22 07:28:55 | INFO     | veri_cek | add_weather_features:149 | 2 hava durumu kolonu bulundu: ['windspeed_10m_max', 'windgusts_10m_max']...
2025-12-22 07:28:55 | INFO     | veri_cek | add_weather_features:149 | 2 hava durumu kolonu bulundu: ['windspeed_10m_max', 'windgusts_10m_max']...
2025-12-22 07:28:55 | INFO     | veri_cek | add_weather_features:149 | 2 hava durumu kolonu bulundu: ['windspeed_10m_max', 'windgusts_10m_max']...
2025-12-22 07:28:55 | INFO     | veri_cek | add_population_features:190 | 1 nüfus kolonu bulundu: ['Nufus_Sayisi']...
2025-12-22 07:28:55 | INFO     | veri_cek | add_population_features:190 | 1 nüfus kolonu bulundu: ['Nufus_Sayisi']...
2025-12-22 07:28:56 | INFO     | veri_cek | add_population_features:190 | 1 nüfus kolonu bulundu: ['Nufus_Sayisi']...
2025-12-22 07:28:56 | INFO     | veri_cek | add_population_features:190 | 1 nüfus kolonu bulundu: ['Nufus_Sayisi']...
2025-12-22 07:28:56 | INFO     | veri_cek | add_population_features:190 | 1 nüfus kolonu bulundu: ['Nufus_Sayisi']...
2025-12-22 07:28:56 | INFO     | veri_cek | add_population_features:190 | 1 nüfus kolonu bulundu: ['Nufus_Sayisi']...
2025-12-22 07:28:57 | INFO     | veri_cek | add_weather_features:149 | 2 hava durumu kolonu bulundu: ['windspeed_10m_max', 'windgusts_10m_max']...
2025-12-22 07:28:57 | INFO     | veri_cek | add_weather_features:149 | 2 hava durumu kolonu bulundu: ['windspeed_10m_max', 'windgusts_10m_max']...
2025-12-22 07:28:57 | INFO     | veri_cek | add_weather_features:149 | 2 hava durumu kolonu bulundu: ['windspeed_10m_max', 'windgusts_10m_max']...
2025-12-22 07:28:57 | INFO     | veri_cek | add_weather_features:149 | 2 hava durumu kolonu bulundu: ['windspeed_10m_max', 'windgusts_10m_max']...
2025-12-22 07:28:57 | INFO     | veri_cek | add_weather_features:149 | 2 hava durumu kolonu bulundu: ['windspeed_10m_max', 'windgusts_10m_max']...
2025-12-22 07:28:57 | INFO     | veri_cek | add_population_features:190 | 1 nüfus kolonu bulundu: ['Nufus_Sayisi']...
2025-12-22 07:28:57 | INFO     | veri_cek | add_weather_features:149 | 2 hava durumu kolonu bulundu: ['windspeed_10m_max', 'windgusts_10m_max']...
2025-12-22 07:28:57 | INFO     | veri_cek | add_population_features:190 | 1 nüfus kolonu bulundu: ['Nufus_Sayisi']...
2025-12-22 07:28:58 | INFO     | veri_cek | add_population_features:190 | 1 nüfus kolonu bulundu: ['Nufus_Sayisi']...
2025-12-22 07:28:58 | INFO     | veri_cek | add_population_features:190 | 1 nüfus kolonu bulundu: ['Nufus_Sayisi']...
2025-12-22 07:28:58 | INFO     | veri_cek | add_population_features:190 | 1 nüfus kolonu bulundu: ['Nufus_Sayisi']...
2025-12-22 07:28:58 | INFO     | veri_cek | add_population_features:190 | 1 nüfus kolonu bulundu: ['Nufus_Sayisi']...
2025-12-22 07:28:59 | INFO     | veri_cek | fetch_tables:455 | Tablolar cache'den alındı.
2025-12-22 07:28:59 | INFO     | veri_cek | fetch_tables:455 | Tablolar cache'den alındı.
2025-12-22 07:28:59 | INFO     | veri_cek | build_train_test_frames:504 | Merge bitti -> Train: (1886, 31), Test: (1722, 31)
2025-12-22 07:29:00 | INFO     | veri_cek | build_train_test_frames:504 | Merge bitti -> Train: (1886, 31), Test: (1722, 31)
2025-12-22 07:29:00 | INFO     | veri_cek | add_weather_features:149 | 2 hava durumu kolonu bulundu: ['windspeed_10m_max', 'windgusts_10m_max']...
2025-12-22 07:29:00 | INFO     | veri_cek | add_weather_features:149 | 2 hava durumu kolonu bulundu: ['windspeed_10m_max', 'windgusts_10m_max']...
2025-12-22 07:29:00 | INFO     | veri_cek | add_population_features:190 | 1 nüfus kolonu bulundu: ['Nufus_Sayisi']...
2025-12-22 07:29:00 | INFO     | veri_cek | add_population_features:190 | 1 nüfus kolonu bulundu: ['Nufus_Sayisi']...
2025-12-22 07:29:01 | INFO     | veri_cek | add_weather_features:149 | 2 hava durumu kolonu bulundu: ['windspeed_10m_max', 'windgusts_10m_max']...
2025-12-22 07:29:01 | INFO     | veri_cek | add_weather_features:149 | 2 hava durumu kolonu bulundu: ['windspeed_10m_max', 'windgusts_10m_max']...
2025-12-22 07:29:01 | INFO     | veri_cek | add_population_features:190 | 1 nüfus kolonu bulundu: ['Nufus_Sayisi']...
2025-12-22 07:29:01 | INFO     | veri_cek | add_population_features:190 | 1 nüfus kolonu bulundu: ['Nufus_Sayisi']...
2025-12-22 07:29:01 | INFO     | veri_cek | fetch_tables:455 | Tablolar cache'den alındı.
2025-12-22 07:29:01 | INFO     | veri_cek | fetch_tables:455 | Tablolar cache'den alındı.
2025-12-22 07:29:01 | INFO     | veri_cek | build_train_test_frames:504 | Merge bitti -> Train: (1886, 31), Test: (1722, 31)
2025-12-22 07:29:01 | INFO     | veri_cek | build_train_test_frames:504 | Merge bitti -> Train: (1886, 31), Test: (1722, 31)
2025-12-22 07:29:02 | INFO     | veri_cek | add_weather_features:149 | 2 hava durumu kolonu bulundu: ['windspeed_10m_max', 'windgusts_10m_max']...
2025-12-22 07:29:02 | INFO     | veri_cek | add_weather_features:149 | 2 hava durumu kolonu bulundu: ['windspeed_10m_max', 'windgusts_10m_max']...
2025-12-22 07:29:02 | INFO     | veri_cek | add_population_features:190 | 1 nüfus kolonu bulundu: ['Nufus_Sayisi']...
2025-12-22 07:29:02 | INFO     | veri_cek | add_population_features:190 | 1 nüfus kolonu bulundu: ['Nufus_Sayisi']...
2025-12-22 07:29:02 | INFO     | veri_cek | add_weather_features:149 | 2 hava durumu kolonu bulundu: ['windspeed_10m_max', 'windgusts_10m_max']...
2025-12-22 07:29:02 | INFO     | veri_cek | add_weather_features:149 | 2 hava durumu kolonu bulundu: ['windspeed_10m_max', 'windgusts_10m_max']...
2025-12-22 07:29:02 | INFO     | veri_cek | add_population_features:190 | 1 nüfus kolonu bulundu: ['Nufus_Sayisi']...
2025-12-22 07:29:03 | INFO     | veri_cek | add_population_features:190 | 1 nüfus kolonu bulundu: ['Nufus_Sayisi']...
2025-12-22 07:46:27 | INFO     | veri_cek | fetch_tables:455 | Tablolar cache'den alındı.
2025-12-22 07:46:27 | INFO     | veri_cek | fetch_tables:455 | Tablolar cache'den alındı.
2025-12-22 07:46:27 | INFO     | veri_cek | fetch_tables:455 | Tablolar cache'den alındı.
2025-12-22 07:46:27 | INFO     | veri_cek | fetch_tables:455 | Tablolar cache'den alındı.
2025-12-22 07:46:27 | INFO     | veri_cek | fetch_tables:455 | Tablolar cache'den alındı.
2025-12-22 07:46:27 | INFO     | veri_cek | fetch_tables:455 | Tablolar cache'den alındı.
2025-12-22 07:46:27 | INFO     | veri_cek | build_train_test_frames:504 | Merge bitti -> Train: (1886, 31), Test: (1722, 31)
2025-12-22 07:46:27 | INFO     | veri_cek | build_train_test_frames:504 | Merge bitti -> Train: (1886, 31), Test: (1722, 31)
2025-12-22 07:46:27 | INFO     | veri_cek | build_train_test_frames:504 | Merge bitti -> Train: (1886, 31), Test: (1722, 31)
2025-12-22 07:46:27 | INFO     | veri_cek | build_train_test_frames:504 | Merge bitti -> Train: (1886, 31), Test: (1722, 31)
2025-12-22 07:46:27 | INFO     | veri_cek | build_train_test_frames:504 | Merge bitti -> Train: (1886, 31), Test: (1722, 31)
2025-12-22 07:46:27 | INFO     | veri_cek | build_train_test_frames:504 | Merge bitti -> Train: (1886, 31), Test: (1722, 31)
2025-12-22 07:46:28 | INFO     | veri_cek | add_weather_features:149 | 2 hava durumu kolonu bulundu: ['windspeed_10m_max', 'windgusts_10m_max']...
2025-12-22 07:46:28 | INFO     | veri_cek | add_weather_features:149 | 2 hava durumu kolonu bulundu: ['windspeed_10m_max', 'windgusts_10m_max']...
2025-12-22 07:46:28 | INFO     | veri_cek | add_weather_features:149 | 2 hava durumu kolonu bulundu: ['windspeed_10m_max', 'windgusts_10m_max']...
2025-12-22 07:46:28 | INFO     | veri_cek | add_weather_features:149 | 2 hava durumu kolonu bulundu: ['windspeed_10m_max', 'windgusts_10m_max']...
2025-12-22 07:46:28 | INFO     | veri_cek | add_weather_features:149 | 2 hava durumu kolonu bulundu: ['windspeed_10m_max', 'windgusts_10m_max']...
2025-12-22 07:46:28 | INFO     | veri_cek | add_weather_features:149 | 2 hava durumu kolonu bulundu: ['windspeed_10m_max', 'windgusts_10m_max']...
2025-12-22 07:46:28 | INFO     | veri_cek | add_population_features:190 | 1 nüfus kolonu bulundu: ['Nufus_Sayisi']...
2025-12-22 07:46:28 | INFO     | veri_cek | add_population_features:190 | 1 nüfus kolonu bulundu: ['Nufus_Sayisi']...
2025-12-22 07:46:28 | INFO     | veri_cek | add_population_features:190 | 1 nüfus kolonu bulundu: ['Nufus_Sayisi']...
2025-12-22 07:46:28 | INFO     | veri_cek | add_population_features:190 | 1 nüfus kolonu bulundu: ['Nufus_Sayisi']...
2025-12-22 07:46:28 | INFO     | veri_cek | add_population_features:190 | 1 nüfus kolonu bulundu: ['Nufus_Sayisi']...
2025-12-22 07:46:28 | INFO     | veri_cek | add_population_features:190 | 1 nüfus kolonu bulundu: ['Nufus_Sayisi']...
2025-12-22 07:46:29 | INFO     | veri_cek | add_weather_features:149 | 2 hava durumu kolonu bulundu: ['windspeed_10m_max', 'windgusts_10m_max']...
2025-12-22 07:46:29 | INFO     | veri_cek | add_weather_features:149 | 2 hava durumu kolonu bulundu: ['windspeed_10m_max', 'windgusts_10m_max']...
2025-12-22 07:46:29 | INFO     | veri_cek | add_weather_features:149 | 2 hava durumu kolonu bulundu: ['windspeed_10m_max', 'windgusts_10m_max']...
2025-12-22 07:46:29 | INFO     | veri_cek | add_weather_features:149 | 2 hava durumu kolonu bulundu: ['windspeed_10m_max', 'windgusts_10m_max']...
2025-12-22 07:46:29 | INFO     | veri_cek | add_weather_features:149 | 2 hava durumu kolonu bulundu: ['windspeed_10m_max', 'windgusts_10m_max']...
2025-12-22 07:46:29 | INFO     | veri_cek | add_weather_features:149 | 2 hava durumu kolonu bulundu: ['windspeed_10m_max', 'windgusts_10m_max']...
2025-12-22 07:46:29 | INFO     | veri_cek | add_population_features:190 | 1 nüfus kolonu bulundu: ['Nufus_Sayisi']...
2025-12-22 07:46:29 | INFO     | veri_cek | add_population_features:190 | 1 nüfus kolonu bulundu: ['Nufus_Sayisi']...
2025-12-22 07:46:29 | INFO     | veri_cek | fetch_tables:455 | Tablolar cache'den alındı.
2025-12-22 07:46:30 | INFO     | veri_cek | add_population_features:190 | 1 nüfus kolonu bulundu: ['Nufus_Sayisi']...
2025-12-22 07:46:30 | INFO     | veri_cek | fetch_tables:455 | Tablolar cache'den alındı.
2025-12-22 07:46:30 | INFO     | veri_cek | add_population_features:190 | 1 nüfus kolonu bulundu: ['Nufus_Sayisi']...
2025-12-22 07:46:30 | INFO     | veri_cek | add_population_features:190 | 1 nüfus kolonu bulundu: ['Nufus_Sayisi']...
2025-12-22 07:46:30 | INFO     | veri_cek | add_population_features:190 | 1 nüfus kolonu bulundu: ['Nufus_Sayisi']...
2025-12-22 07:46:30 | INFO     | veri_cek | fetch_tables:455 | Tablolar cache'den alındı.
2025-12-22 07:46:30 | INFO     | veri_cek | build_train_test_frames:504 | Merge bitti -> Train: (1886, 31), Test: (1722, 31)
2025-12-22 07:46:30 | INFO     | veri_cek | fetch_tables:455 | Tablolar cache'den alındı.
2025-12-22 07:46:30 | INFO     | veri_cek | fetch_tables:455 | Tablolar cache'den alındı.
2025-12-22 07:46:30 | INFO     | veri_cek | fetch_tables:455 | Tablolar cache'den alındı.
2025-12-22 07:46:30 | INFO     | veri_cek | build_train_test_frames:504 | Merge bitti -> Train: (1886, 31), Test: (1722, 31)
2025-12-22 07:46:30 | INFO     | veri_cek | build_train_test_frames:504 | Merge bitti -> Train: (1886, 31), Test: (1722, 31)
2025-12-22 07:46:30 | INFO     | veri_cek | build_train_test_frames:504 | Merge bitti -> Train: (1886, 31), Test: (1722, 31)
2025-12-22 07:46:30 | INFO     | veri_cek | build_train_test_frames:504 | Merge bitti -> Train: (1886, 31), Test: (1722, 31)
2025-12-22 07:46:30 | INFO     | veri_cek | build_train_test_frames:504 | Merge bitti -> Train: (1886, 31), Test: (1722, 31)
2025-12-22 07:46:31 | INFO     | veri_cek | add_weather_features:149 | 2 hava durumu kolonu bulundu: ['windspeed_10m_max', 'windgusts_10m_max']...
2025-12-22 07:46:31 | INFO     | veri_cek | add_weather_features:149 | 2 hava durumu kolonu bulundu: ['windspeed_10m_max', 'windgusts_10m_max']...
2025-12-22 07:46:31 | INFO     | veri_cek | add_weather_features:149 | 2 hava durumu kolonu bulundu: ['windspeed_10m_max', 'windgusts_10m_max']...
2025-12-22 07:46:31 | INFO     | veri_cek | add_weather_features:149 | 2 hava durumu kolonu bulundu: ['windspeed_10m_max', 'windgusts_10m_max']...
2025-12-22 07:46:31 | INFO     | veri_cek | add_weather_features:149 | 2 hava durumu kolonu bulundu: ['windspeed_10m_max', 'windgusts_10m_max']...
2025-12-22 07:46:31 | INFO     | veri_cek | add_weather_features:149 | 2 hava durumu kolonu bulundu: ['windspeed_10m_max', 'windgusts_10m_max']...
2025-12-22 07:46:31 | INFO     | veri_cek | add_population_features:190 | 1 nüfus kolonu bulundu: ['Nufus_Sayisi']...
2025-12-22 07:46:31 | INFO     | veri_cek | add_population_features:190 | 1 nüfus kolonu bulundu: ['Nufus_Sayisi']...
2025-12-22 07:46:31 | INFO     | veri_cek | add_population_features:190 | 1 nüfus kolonu bulundu: ['Nufus_Sayisi']...
2025-12-22 07:46:31 | INFO     | veri_cek | add_population_features:190 | 1 nüfus kolonu bulundu: ['Nufus_Sayisi']...
2025-12-22 07:46:31 | INFO     | veri_cek | add_population_features:190 | 1 nüfus kolonu bulundu: ['Nufus_Sayisi']...
2025-12-22 07:46:31 | INFO     | veri_cek | add_population_features:190 | 1 nüfus kolonu bulundu: ['Nufus_Sayisi']...
2025-12-22 07:46:32 | INFO     | veri_cek | add_weather_features:149 | 2 hava durumu kolonu bulundu: ['windspeed_10m_max', 'windgusts_10m_max']...
2025-12-22 07:46:32 | INFO     | veri_cek | add_weather_features:149 | 2 hava durumu kolonu bulundu: ['windspeed_10m_max', 'windgusts_10m_max']...
2025-12-22 07:46:32 | INFO     | veri_cek | add_weather_features:149 | 2 hava durumu kolonu bulundu: ['windspeed_10m_max', 'windgusts_10m_max']...
2025-12-22 07:46:32 | INFO     | veri_cek | add_weather_features:149 | 2 hava durumu kolonu bulundu: ['windspeed_10m_max', 'windgusts_10m_max']...
2025-12-22 07:46:32 | INFO     | veri_cek | add_weather_features:149 | 2 hava durumu kolonu bulundu: ['windspeed_10m_max', 'windgusts_10m_max']...
2025-12-22 07:46:32 | INFO     | veri_cek | add_weather_features:149 | 2 hava durumu kolonu bulundu: ['windspeed_10m_max', 'windgusts_10m_max']...
2025-12-22 07:46:32 | INFO     | veri_cek | add_population_features:190 | 1 nüfus kolonu bulundu: ['Nufus_Sayisi']...
2025-12-22 07:46:32 | INFO     | veri_cek | add_population_features:190 | 1 nüfus kolonu bulundu: ['Nufus_Sayisi']...
2025-12-22 07:46:32 | INFO     | veri_cek | add_population_features:190 | 1 nüfus kolonu bulundu: ['Nufus_Sayisi']...
2025-12-22 07:46:32 | INFO     | veri_cek | add_population_features:190 | 1 nüfus kolonu bulundu: ['Nufus_Sayisi']...
2025-12-22 07:46:32 | INFO     | veri_cek | add_population_features:190 | 1 nüfus kolonu bulundu: ['Nufus_Sayisi']...
2025-12-22 07:46:32 | INFO     | veri_cek | add_population_features:190 | 1 nüfus kolonu bulundu: ['Nufus_Sayisi']...
2025-12-22 07:46:33 | INFO     | veri_cek | fetch_tables:455 | Tablolar cache'den alındı.
2025-12-22 07:46:33 | INFO     | veri_cek | fetch_tables:455 | Tablolar cache'den alındı.
2025-12-22 07:46:34 | INFO     | veri_cek | build_train_test_frames:504 | Merge bitti -> Train: (1886, 31), Test: (1722, 31)
2025-12-22 07:46:34 | INFO     | veri_cek | build_train_test_frames:504 | Merge bitti -> Train: (1886, 31), Test: (1722, 31)
2025-12-22 07:46:34 | INFO     | veri_cek | add_weather_features:149 | 2 hava durumu kolonu bulundu: ['windspeed_10m_max', 'windgusts_10m_max']...
2025-12-22 07:46:34 | INFO     | veri_cek | add_weather_features:149 | 2 hava durumu kolonu bulundu: ['windspeed_10m_max', 'windgusts_10m_max']...
2025-12-22 07:46:34 | INFO     | veri_cek | add_population_features:190 | 1 nüfus kolonu bulundu: ['Nufus_Sayisi']...
2025-12-22 07:46:34 | INFO     | veri_cek | add_population_features:190 | 1 nüfus kolonu bulundu: ['Nufus_Sayisi']...
2025-12-22 07:46:34 | INFO     | veri_cek | add_weather_features:149 | 2 hava durumu kolonu bulundu: ['windspeed_10m_max', 'windgusts_10m_max']...
2025-12-22 07:46:35 | INFO     | veri_cek | add_weather_features:149 | 2 hava durumu kolonu bulundu: ['windspeed_10m_max', 'windgusts_10m_max']...
2025-12-22 07:46:35 | INFO     | veri_cek | add_population_features:190 | 1 nüfus kolonu bulundu: ['Nufus_Sayisi']...
2025-12-22 07:46:35 | INFO     | veri_cek | fetch_tables:455 | Tablolar cache'den alındı.
2025-12-22 07:46:35 | INFO     | veri_cek | add_population_features:190 | 1 nüfus kolonu bulundu: ['Nufus_Sayisi']...
2025-12-22 07:46:35 | INFO     | veri_cek | build_train_test_frames:504 | Merge bitti -> Train: (1886, 31), Test: (1722, 31)
2025-12-22 07:46:35 | INFO     | veri_cek | fetch_tables:455 | Tablolar cache'den alındı.
2025-12-22 07:46:35 | INFO     | veri_cek | build_train_test_frames:504 | Merge bitti -> Train: (1886, 31), Test: (1722, 31)
2025-12-22 07:46:35 | INFO     | veri_cek | add_weather_features:149 | 2 hava durumu kolonu bulundu: ['windspeed_10m_max', 'windgusts_10m_max']...
2025-12-22 07:46:35 | INFO     | veri_cek | add_population_features:190 | 1 nüfus kolonu bulundu: ['Nufus_Sayisi']...
2025-12-22 07:46:35 | INFO     | veri_cek | add_weather_features:149 | 2 hava durumu kolonu bulundu: ['windspeed_10m_max', 'windgusts_10m_max']...
2025-12-22 07:46:35 | INFO     | veri_cek | add_population_features:190 | 1 nüfus kolonu bulundu: ['Nufus_Sayisi']...
2025-12-22 07:46:36 | INFO     | veri_cek | add_weather_features:149 | 2 hava durumu kolonu bulundu: ['windspeed_10m_max', 'windgusts_10m_max']...
2025-12-22 07:46:36 | INFO     | veri_cek | add_population_features:190 | 1 nüfus kolonu bulundu: ['Nufus_Sayisi']...
2025-12-22 07:46:36 | INFO     | veri_cek | add_weather_features:149 | 2 hava durumu kolonu bulundu: ['windspeed_10m_max', 'windgusts_10m_max']...
2025-12-22 07:46:36 | INFO     | veri_cek | add_population_features:190 | 1 nüfus kolonu bulundu: ['Nufus_Sayisi']...
2025-12-22 07:49:33 | INFO     | veri_cek | fetch_tables:455 | Tablolar cache'den alındı.
2025-12-22 07:49:33 | INFO     | veri_cek | fetch_tables:455 | Tablolar cache'den alındı.
2025-12-22 07:49:33 | INFO     | veri_cek | fetch_tables:455 | Tablolar cache'den alındı.
2025-12-22 07:49:33 | INFO     | veri_cek | fetch_tables:455 | Tablolar cache'den alındı.
2025-12-22 07:49:33 | INFO     | veri_cek | fetch_tables:455 | Tablolar cache'den alındı.
2025-12-22 07:49:33 | INFO     | veri_cek | fetch_tables:455 | Tablolar cache'den alındı.
2025-12-22 07:49:34 | INFO     | veri_cek | build_train_test_frames:504 | Merge bitti -> Train: (1886, 31), Test: (1722, 31)
2025-12-22 07:49:34 | INFO     | veri_cek | build_train_test_frames:504 | Merge bitti -> Train: (1886, 31), Test: (1722, 31)
2025-12-22 07:49:34 | INFO     | veri_cek | build_train_test_frames:504 | Merge bitti -> Train: (1886, 31), Test: (1722, 31)
2025-12-22 07:49:34 | INFO     | veri_cek | build_train_test_frames:504 | Merge bitti -> Train: (1886, 31), Test: (1722, 31)
2025-12-22 07:49:34 | INFO     | veri_cek | build_train_test_frames:504 | Merge bitti -> Train: (1886, 31), Test: (1722, 31)
2025-12-22 07:49:34 | INFO     | veri_cek | build_train_test_frames:504 | Merge bitti -> Train: (1886, 31), Test: (1722, 31)
2025-12-22 07:49:34 | INFO     | veri_cek | add_weather_features:149 | 2 hava durumu kolonu bulundu: ['windspeed_10m_max', 'windgusts_10m_max']...
2025-12-22 07:49:34 | INFO     | veri_cek | add_weather_features:149 | 2 hava durumu kolonu bulundu: ['windspeed_10m_max', 'windgusts_10m_max']...
2025-12-22 07:49:34 | INFO     | veri_cek | add_weather_features:149 | 2 hava durumu kolonu bulundu: ['windspeed_10m_max', 'windgusts_10m_max']...
2025-12-22 07:49:34 | INFO     | veri_cek | add_weather_features:149 | 2 hava durumu kolonu bulundu: ['windspeed_10m_max', 'windgusts_10m_max']...
2025-12-22 07:49:34 | INFO     | veri_cek | add_weather_features:149 | 2 hava durumu kolonu bulundu: ['windspeed_10m_max', 'windgusts_10m_max']...
2025-12-22 07:49:34 | INFO     | veri_cek | add_weather_features:149 | 2 hava durumu kolonu bulundu: ['windspeed_10m_max', 'windgusts_10m_max']...
2025-12-22 07:49:34 | INFO     | veri_cek | add_population_features:190 | 1 nüfus kolonu bulundu: ['Nufus_Sayisi']...
2025-12-22 07:49:34 | INFO     | veri_cek | add_population_features:190 | 1 nüfus kolonu bulundu: ['Nufus_Sayisi']...
2025-12-22 07:49:34 | INFO     | veri_cek | add_population_features:190 | 1 nüfus kolonu bulundu: ['Nufus_Sayisi']...
2025-12-22 07:49:34 | INFO     | veri_cek | add_population_features:190 | 1 nüfus kolonu bulundu: ['Nufus_Sayisi']...
2025-12-22 07:49:34 | INFO     | veri_cek | add_population_features:190 | 1 nüfus kolonu bulundu: ['Nufus_Sayisi']...
2025-12-22 07:49:35 | INFO     | veri_cek | add_population_features:190 | 1 nüfus kolonu bulundu: ['Nufus_Sayisi']...
2025-12-22 07:49:35 | INFO     | veri_cek | add_weather_features:149 | 2 hava durumu kolonu bulundu: ['windspeed_10m_max', 'windgusts_10m_max']...
2025-12-22 07:49:35 | INFO     | veri_cek | add_weather_features:149 | 2 hava durumu kolonu bulundu: ['windspeed_10m_max', 'windgusts_10m_max']...
2025-12-22 07:49:35 | INFO     | veri_cek | add_weather_features:149 | 2 hava durumu kolonu bulundu: ['windspeed_10m_max', 'windgusts_10m_max']...
2025-12-22 07:49:35 | INFO     | veri_cek | add_weather_features:149 | 2 hava durumu kolonu bulundu: ['windspeed_10m_max', 'windgusts_10m_max']...
2025-12-22 07:49:35 | INFO     | veri_cek | add_weather_features:149 | 2 hava durumu kolonu bulundu: ['windspeed_10m_max', 'windgusts_10m_max']...
2025-12-22 07:49:35 | INFO     | veri_cek | add_weather_features:149 | 2 hava durumu kolonu bulundu: ['windspeed_10m_max', 'windgusts_10m_max']...
2025-12-22 07:49:35 | INFO     | veri_cek | add_population_features:190 | 1 nüfus kolonu bulundu: ['Nufus_Sayisi']...
2025-12-22 07:49:35 | INFO     | veri_cek | add_population_features:190 | 1 nüfus kolonu bulundu: ['Nufus_Sayisi']...
2025-12-22 07:49:35 | INFO     | veri_cek | add_population_features:190 | 1 nüfus kolonu bulundu: ['Nufus_Sayisi']...
2025-12-22 07:49:35 | INFO     | veri_cek | add_population_features:190 | 1 nüfus kolonu bulundu: ['Nufus_Sayisi']...
2025-12-22 07:49:35 | INFO     | veri_cek | add_population_features:190 | 1 nüfus kolonu bulundu: ['Nufus_Sayisi']...
2025-12-22 07:49:35 | INFO     | veri_cek | fetch_tables:455 | Tablolar cache'den alındı.
2025-12-22 07:49:35 | INFO     | veri_cek | add_population_features:190 | 1 nüfus kolonu bulundu: ['Nufus_Sayisi']...
2025-12-22 07:49:36 | INFO     | veri_cek | fetch_tables:455 | Tablolar cache'den alındı.
2025-12-22 07:49:36 | INFO     | veri_cek | fetch_tables:455 | Tablolar cache'den alındı.
2025-12-22 07:49:36 | INFO     | veri_cek | fetch_tables:455 | Tablolar cache'den alındı.
2025-12-22 07:49:36 | INFO     | veri_cek | fetch_tables:455 | Tablolar cache'den alındı.
2025-12-22 07:49:36 | INFO     | veri_cek | fetch_tables:455 | Tablolar cache'den alındı.
2025-12-22 07:49:36 | INFO     | veri_cek | build_train_test_frames:504 | Merge bitti -> Train: (1886, 31), Test: (1722, 31)
2025-12-22 07:49:36 | INFO     | veri_cek | build_train_test_frames:504 | Merge bitti -> Train: (1886, 31), Test: (1722, 31)
2025-12-22 07:49:36 | INFO     | veri_cek | build_train_test_frames:504 | Merge bitti -> Train: (1886, 31), Test: (1722, 31)
2025-12-22 07:49:36 | INFO     | veri_cek | build_train_test_frames:504 | Merge bitti -> Train: (1886, 31), Test: (1722, 31)
2025-12-22 07:49:36 | INFO     | veri_cek | build_train_test_frames:504 | Merge bitti -> Train: (1886, 31), Test: (1722, 31)
2025-12-22 07:49:36 | INFO     | veri_cek | build_train_test_frames:504 | Merge bitti -> Train: (1886, 31), Test: (1722, 31)
2025-12-22 07:49:37 | INFO     | veri_cek | add_weather_features:149 | 2 hava durumu kolonu bulundu: ['windspeed_10m_max', 'windgusts_10m_max']...
2025-12-22 07:49:37 | INFO     | veri_cek | add_weather_features:149 | 2 hava durumu kolonu bulundu: ['windspeed_10m_max', 'windgusts_10m_max']...
2025-12-22 07:49:37 | INFO     | veri_cek | add_weather_features:149 | 2 hava durumu kolonu bulundu: ['windspeed_10m_max', 'windgusts_10m_max']...
2025-12-22 07:49:37 | INFO     | veri_cek | add_weather_features:149 | 2 hava durumu kolonu bulundu: ['windspeed_10m_max', 'windgusts_10m_max']...
2025-12-22 07:49:37 | INFO     | veri_cek | add_weather_features:149 | 2 hava durumu kolonu bulundu: ['windspeed_10m_max', 'windgusts_10m_max']...
2025-12-22 07:49:37 | INFO     | veri_cek | add_weather_features:149 | 2 hava durumu kolonu bulundu: ['windspeed_10m_max', 'windgusts_10m_max']...
2025-12-22 07:49:37 | INFO     | veri_cek | add_population_features:190 | 1 nüfus kolonu bulundu: ['Nufus_Sayisi']...
2025-12-22 07:49:37 | INFO     | veri_cek | add_population_features:190 | 1 nüfus kolonu bulundu: ['Nufus_Sayisi']...
2025-12-22 07:49:37 | INFO     | veri_cek | add_population_features:190 | 1 nüfus kolonu bulundu: ['Nufus_Sayisi']...
2025-12-22 07:49:37 | INFO     | veri_cek | add_population_features:190 | 1 nüfus kolonu bulundu: ['Nufus_Sayisi']...
2025-12-22 07:49:37 | INFO     | veri_cek | add_population_features:190 | 1 nüfus kolonu bulundu: ['Nufus_Sayisi']...
2025-12-22 07:49:37 | INFO     | veri_cek | add_population_features:190 | 1 nüfus kolonu bulundu: ['Nufus_Sayisi']...
2025-12-22 07:49:37 | INFO     | veri_cek | add_weather_features:149 | 2 hava durumu kolonu bulundu: ['windspeed_10m_max', 'windgusts_10m_max']...
2025-12-22 07:49:37 | INFO     | veri_cek | add_weather_features:149 | 2 hava durumu kolonu bulundu: ['windspeed_10m_max', 'windgusts_10m_max']...
2025-12-22 07:49:37 | INFO     | veri_cek | add_weather_features:149 | 2 hava durumu kolonu bulundu: ['windspeed_10m_max', 'windgusts_10m_max']...
2025-12-22 07:49:37 | INFO     | veri_cek | add_weather_features:149 | 2 hava durumu kolonu bulundu: ['windspeed_10m_max', 'windgusts_10m_max']...
2025-12-22 07:49:37 | INFO     | veri_cek | add_weather_features:149 | 2 hava durumu kolonu bulundu: ['windspeed_10m_max', 'windgusts_10m_max']...
2025-12-22 07:49:37 | INFO     | veri_cek | add_weather_features:149 | 2 hava durumu kolonu bulundu: ['windspeed_10m_max', 'windgusts_10m_max']...
2025-12-22 07:49:38 | INFO     | veri_cek | add_population_features:190 | 1 nüfus kolonu bulundu: ['Nufus_Sayisi']...
2025-12-22 07:49:38 | INFO     | veri_cek | add_population_features:190 | 1 nüfus kolonu bulundu: ['Nufus_Sayisi']...
2025-12-22 07:49:38 | INFO     | veri_cek | add_population_features:190 | 1 nüfus kolonu bulundu: ['Nufus_Sayisi']...
2025-12-22 07:49:38 | INFO     | veri_cek | add_population_features:190 | 1 nüfus kolonu bulundu: ['Nufus_Sayisi']...
2025-12-22 07:49:38 | INFO     | veri_cek | add_population_features:190 | 1 nüfus kolonu bulundu: ['Nufus_Sayisi']...
2025-12-22 07:49:38 | INFO     | veri_cek | add_population_features:190 | 1 nüfus kolonu bulundu: ['Nufus_Sayisi']...
2025-12-22 07:49:38 | INFO     | veri_cek | fetch_tables:455 | Tablolar cache'den alındı.
2025-12-22 07:49:38 | INFO     | veri_cek | fetch_tables:455 | Tablolar cache'den alındı.
2025-12-22 07:49:39 | INFO     | veri_cek | build_train_test_frames:504 | Merge bitti -> Train: (1886, 31), Test: (1722, 31)
2025-12-22 07:49:39 | INFO     | veri_cek | build_train_test_frames:504 | Merge bitti -> Train: (1886, 31), Test: (1722, 31)
2025-12-22 07:49:39 | INFO     | veri_cek | add_weather_features:149 | 2 hava durumu kolonu bulundu: ['windspeed_10m_max', 'windgusts_10m_max']...
2025-12-22 07:49:39 | INFO     | veri_cek | add_weather_features:149 | 2 hava durumu kolonu bulundu: ['windspeed_10m_max', 'windgusts_10m_max']...
2025-12-22 07:49:39 | INFO     | veri_cek | add_population_features:190 | 1 nüfus kolonu bulundu: ['Nufus_Sayisi']...
2025-12-22 07:49:39 | INFO     | veri_cek | add_population_features:190 | 1 nüfus kolonu bulundu: ['Nufus_Sayisi']...
2025-12-22 07:49:39 | INFO     | veri_cek | add_weather_features:149 | 2 hava durumu kolonu bulundu: ['windspeed_10m_max', 'windgusts_10m_max']...
2025-12-22 07:49:39 | INFO     | veri_cek | add_weather_features:149 | 2 hava durumu kolonu bulundu: ['windspeed_10m_max', 'windgusts_10m_max']...
2025-12-22 07:49:39 | INFO     | veri_cek | add_population_features:190 | 1 nüfus kolonu bulundu: ['Nufus_Sayisi']...
2025-12-22 07:49:39 | INFO     | veri_cek | fetch_tables:455 | Tablolar cache'den alındı.
2025-12-22 07:49:39 | INFO     | veri_cek | add_population_features:190 | 1 nüfus kolonu bulundu: ['Nufus_Sayisi']...
2025-12-22 07:49:39 | INFO     | veri_cek | build_train_test_frames:504 | Merge bitti -> Train: (1886, 31), Test: (1722, 31)
2025-12-22 07:49:39 | INFO     | veri_cek | fetch_tables:455 | Tablolar cache'den alındı.
2025-12-22 07:49:40 | INFO     | veri_cek | build_train_test_frames:504 | Merge bitti -> Train: (1886, 31), Test: (1722, 31)
2025-12-22 07:49:40 | INFO     | veri_cek | add_weather_features:149 | 2 hava durumu kolonu bulundu: ['windspeed_10m_max', 'windgusts_10m_max']...
2025-12-22 07:49:40 | INFO     | veri_cek | add_weather_features:149 | 2 hava durumu kolonu bulundu: ['windspeed_10m_max', 'windgusts_10m_max']...
2025-12-22 07:49:40 | INFO     | veri_cek | add_population_features:190 | 1 nüfus kolonu bulundu: ['Nufus_Sayisi']...
2025-12-22 07:49:40 | INFO     | veri_cek | add_population_features:190 | 1 nüfus kolonu bulundu: ['Nufus_Sayisi']...
2025-12-22 07:49:40 | INFO     | veri_cek | add_weather_features:149 | 2 hava durumu kolonu bulundu: ['windspeed_10m_max', 'windgusts_10m_max']...
2025-12-22 07:49:40 | INFO     | veri_cek | add_weather_features:149 | 2 hava durumu kolonu bulundu: ['windspeed_10m_max', 'windgusts_10m_max']...
2025-12-22 07:49:40 | INFO     | veri_cek | add_population_features:190 | 1 nüfus kolonu bulundu: ['Nufus_Sayisi']...
2025-12-22 07:49:40 | INFO     | veri_cek | add_population_features:190 | 1 nüfus kolonu bulundu: ['Nufus_Sayisi']...
2025-12-22 08:35:18 | INFO     | __main__ | lifespan:37 | ElektrAize API kapatiliyor...
2025-12-22 08:41:48 | WARNING  | rate_limiter | <module>:57 | Redis bağlantısı başarısız, in-memory kullanılacak: Timeout connecting to server
2025-12-22 08:41:48 | INFO     | rate_limiter | setup_rate_limiter:104 | Rate limiting middleware aktif ✅
2025-12-22 08:41:48 | INFO     | __main__ | lifespan:30 | ElektrAize API baslatiliyor...
2025-12-22 08:41:48 | INFO     | __main__ | lifespan:31 | ============================================================
2025-12-22 08:41:48 | INFO     | __main__ | lifespan:32 | Tum modeller yukleniyor...
2025-12-22 08:41:48 | INFO     | __main__ | lifespan:33 | ============================================================
2025-12-22 08:41:48 | INFO     | veri_cek | _initialize:402 | Supabase bağlantısı başarılı (SupabaseManager).
2025-12-22 08:41:49 | ERROR    | veri_cek | fetch_table:434 | genel_elektrik çekilemedi: [Errno 11001] getaddrinfo failed
2025-12-22 08:41:49 | INFO     | veri_cek | fetch_tables:470 | genel_elektrik tablosu yüklendi -> (0, 0)
2025-12-22 08:41:49 | ERROR    | veri_cek | fetch_table:434 | weather çekilemedi: [Errno 11001] getaddrinfo failed
2025-12-22 08:41:49 | INFO     | veri_cek | fetch_tables:470 | weather tablosu yüklendi -> (0, 0)
2025-12-22 08:41:49 | ERROR    | veri_cek | fetch_table:434 | nufus çekilemedi: [Errno 11001] getaddrinfo failed
2025-12-22 08:41:49 | INFO     | veri_cek | fetch_tables:470 | nufus tablosu yüklendi -> (0, 0)
2025-12-22 08:41:49 | ERROR    | veri_cek | fetch_table:434 | hizmet çekilemedi: [Errno 11001] getaddrinfo failed
2025-12-22 08:41:49 | INFO     | veri_cek | fetch_tables:470 | hizmet tablosu yüklendi -> (0, 0)
2025-12-22 08:41:49 | ERROR    | veri_cek | fetch_table:434 | train_2022_2023 çekilemedi: [Errno 11001] getaddrinfo failed
2025-12-22 08:41:49 | INFO     | veri_cek | fetch_tables:470 | train_2022_2023 tablosu yüklendi -> (0, 0)
2025-12-22 08:41:49 | ERROR    | veri_cek | fetch_table:434 | test_2024_2025 çekilemedi: [Errno 11001] getaddrinfo failed
2025-12-22 08:41:49 | INFO     | veri_cek | fetch_tables:470 | test_2024_2025 tablosu yüklendi -> (0, 0)
2025-12-22 08:41:49 | ERROR    | veri_cek | build_train_test_frames:489 | Train veya test verisi boş!
2025-12-22 08:41:49 | ERROR    | veri_cek | get_processed_data:534 | Veri işleme hatası: Eğitim veya test verisi boş!
2025-12-22 08:41:49 | ERROR    | veri_cek | fetch_table:434 | genel_elektrik çekilemedi: [Errno 11001] getaddrinfo failed
2025-12-22 08:41:49 | INFO     | veri_cek | fetch_tables:470 | genel_elektrik tablosu yüklendi -> (0, 0)
2025-12-22 08:41:49 | ERROR    | veri_cek | fetch_table:434 | weather çekilemedi: [Errno 11001] getaddrinfo failed
2025-12-22 08:41:49 | INFO     | veri_cek | fetch_tables:470 | weather tablosu yüklendi -> (0, 0)
2025-12-22 08:41:49 | ERROR    | veri_cek | fetch_table:434 | nufus çekilemedi: [Errno 11001] getaddrinfo failed
2025-12-22 08:41:49 | INFO     | veri_cek | fetch_tables:470 | nufus tablosu yüklendi -> (0, 0)
2025-12-22 08:41:49 | ERROR    | veri_cek | fetch_table:434 | hizmet çekilemedi: [Errno 11001] getaddrinfo failed
2025-12-22 08:41:49 | INFO     | veri_cek | fetch_tables:470 | hizmet tablosu yüklendi -> (0, 0)
2025-12-22 08:41:49 | ERROR    | veri_cek | fetch_table:434 | train_2022_2023 çekilemedi: [Errno 11001] getaddrinfo failed
2025-12-22 08:41:49 | INFO     | veri_cek | fetch_tables:470 | train_2022_2023 tablosu yüklendi -> (0, 0)
2025-12-22 08:41:49 | ERROR    | veri_cek | fetch_table:434 | test_2024_2025 çekilemedi: [Errno 11001] getaddrinfo failed
2025-12-22 08:41:49 | INFO     | veri_cek | fetch_tables:470 | test_2024_2025 tablosu yüklendi -> (0, 0)
2025-12-22 08:41:49 | ERROR    | veri_cek | build_train_test_frames:489 | Train veya test verisi boş!
2025-12-22 08:41:49 | ERROR    | veri_cek | get_processed_data:534 | Veri işleme hatası: Eğitim veya test verisi boş!
2025-12-22 08:41:49 | ERROR    | veri_cek | fetch_table:434 | genel_elektrik çekilemedi: [Errno 11001] getaddrinfo failed
2025-12-22 08:41:49 | INFO     | veri_cek | fetch_tables:470 | genel_elektrik tablosu yüklendi -> (0, 0)
2025-12-22 08:41:49 | ERROR    | veri_cek | fetch_table:434 | weather çekilemedi: [Errno 11001] getaddrinfo failed
2025-12-22 08:41:49 | INFO     | veri_cek | fetch_tables:470 | weather tablosu yüklendi -> (0, 0)
2025-12-22 08:41:49 | ERROR    | veri_cek | fetch_table:434 | nufus çekilemedi: [Errno 11001] getaddrinfo failed
2025-12-22 08:41:49 | INFO     | veri_cek | fetch_tables:470 | nufus tablosu yüklendi -> (0, 0)
2025-12-22 08:41:49 | ERROR    | veri_cek | fetch_table:434 | hizmet çekilemedi: [Errno 11001] getaddrinfo failed
2025-12-22 08:41:49 | INFO     | veri_cek | fetch_tables:470 | hizmet tablosu yüklendi -> (0, 0)
2025-12-22 08:41:49 | ERROR    | veri_cek | fetch_table:434 | train_2022_2023 çekilemedi: [Errno 11001] getaddrinfo failed
2025-12-22 08:41:49 | INFO     | veri_cek | fetch_tables:470 | train_2022_2023 tablosu yüklendi -> (0, 0)
2025-12-22 08:41:49 | ERROR    | veri_cek | fetch_table:434 | test_2024_2025 çekilemedi: [Errno 11001] getaddrinfo failed
2025-12-22 08:41:49 | INFO     | veri_cek | fetch_tables:470 | test_2024_2025 tablosu yüklendi -> (0, 0)
2025-12-22 08:41:49 | ERROR    | veri_cek | build_train_test_frames:489 | Train veya test verisi boş!
2025-12-22 08:41:49 | ERROR    | veri_cek | get_processed_data:534 | Veri işleme hatası: Eğitim veya test verisi boş!
2025-12-22 08:41:49 | ERROR    | veri_cek | fetch_table:434 | genel_elektrik çekilemedi: [Errno 11001] getaddrinfo failed
2025-12-22 08:41:49 | INFO     | veri_cek | fetch_tables:470 | genel_elektrik tablosu yüklendi -> (0, 0)
2025-12-22 08:41:49 | ERROR    | veri_cek | fetch_table:434 | weather çekilemedi: [Errno 11001] getaddrinfo failed
2025-12-22 08:41:49 | INFO     | veri_cek | fetch_tables:470 | weather tablosu yüklendi -> (0, 0)
2025-12-22 08:41:49 | ERROR    | veri_cek | fetch_table:434 | nufus çekilemedi: [Errno 11001] getaddrinfo failed
2025-12-22 08:41:49 | INFO     | veri_cek | fetch_tables:470 | nufus tablosu yüklendi -> (0, 0)
2025-12-22 08:41:49 | ERROR    | veri_cek | fetch_table:434 | hizmet çekilemedi: [Errno 11001] getaddrinfo failed
2025-12-22 08:41:49 | INFO     | veri_cek | fetch_tables:470 | hizmet tablosu yüklendi -> (0, 0)
2025-12-22 08:41:49 | ERROR    | veri_cek | fetch_table:434 | train_2022_2023 çekilemedi: [Errno 11001] getaddrinfo failed
2025-12-22 08:41:49 | INFO     | veri_cek | fetch_tables:470 | train_2022_2023 tablosu yüklendi -> (0, 0)
2025-12-22 08:41:49 | ERROR    | veri_cek | fetch_table:434 | test_2024_2025 çekilemedi: [Errno 11001] getaddrinfo failed
2025-12-22 08:41:49 | INFO     | veri_cek | fetch_tables:470 | test_2024_2025 tablosu yüklendi -> (0, 0)
2025-12-22 08:41:49 | ERROR    | veri_cek | build_train_test_frames:489 | Train veya test verisi boş!
2025-12-22 08:41:49 | ERROR    | veri_cek | get_processed_data:534 | Veri işleme hatası: Eğitim veya test verisi boş!
2025-12-22 08:41:49 | ERROR    | veri_cek | fetch_table:434 | genel_elektrik çekilemedi: [Errno 11001] getaddrinfo failed
2025-12-22 08:41:49 | INFO     | veri_cek | fetch_tables:470 | genel_elektrik tablosu yüklendi -> (0, 0)
2025-12-22 08:41:49 | ERROR    | veri_cek | fetch_table:434 | weather çekilemedi: [Errno 11001] getaddrinfo failed
2025-12-22 08:41:49 | INFO     | veri_cek | fetch_tables:470 | weather tablosu yüklendi -> (0, 0)
2025-12-22 08:41:49 | ERROR    | veri_cek | fetch_table:434 | nufus çekilemedi: [Errno 11001] getaddrinfo failed
2025-12-22 08:41:49 | INFO     | veri_cek | fetch_tables:470 | nufus tablosu yüklendi -> (0, 0)
2025-12-22 08:41:49 | ERROR    | veri_cek | fetch_table:434 | hizmet çekilemedi: [Errno 11001] getaddrinfo failed
2025-12-22 08:41:49 | INFO     | veri_cek | fetch_tables:470 | hizmet tablosu yüklendi -> (0, 0)
2025-12-22 08:41:49 | ERROR    | veri_cek | fetch_table:434 | train_2022_2023 çekilemedi: [Errno 11001] getaddrinfo failed
2025-12-22 08:41:49 | INFO     | veri_cek | fetch_tables:470 | train_2022_2023 tablosu yüklendi -> (0, 0)
2025-12-22 08:41:49 | ERROR    | veri_cek | fetch_table:434 | test_2024_2025 çekilemedi: [Errno 11001] getaddrinfo failed
2025-12-22 08:41:49 | INFO     | veri_cek | fetch_tables:470 | test_2024_2025 tablosu yüklendi -> (0, 0)
2025-12-22 08:41:49 | ERROR    | veri_cek | build_train_test_frames:489 | Train veya test verisi boş!
2025-12-22 08:41:49 | ERROR    | veri_cek | get_processed_data:534 | Veri işleme hatası: Eğitim veya test verisi boş!
2025-12-22 08:41:49 | ERROR    | veri_cek | fetch_table:434 | genel_elektrik çekilemedi: [Errno 11001] getaddrinfo failed
2025-12-22 08:41:49 | INFO     | veri_cek | fetch_tables:470 | genel_elektrik tablosu yüklendi -> (0, 0)
2025-12-22 08:41:49 | ERROR    | veri_cek | fetch_table:434 | weather çekilemedi: [Errno 11001] getaddrinfo failed
2025-12-22 08:41:49 | INFO     | veri_cek | fetch_tables:470 | weather tablosu yüklendi -> (0, 0)
2025-12-22 08:41:49 | ERROR    | veri_cek | fetch_table:434 | nufus çekilemedi: [Errno 11001] getaddrinfo failed
2025-12-22 08:41:49 | INFO     | veri_cek | fetch_tables:470 | nufus tablosu yüklendi -> (0, 0)
2025-12-22 08:41:49 | ERROR    | veri_cek | fetch_table:434 | hizmet çekilemedi: [Errno 11001] getaddrinfo failed
2025-12-22 08:41:49 | INFO     | veri_cek | fetch_tables:470 | hizmet tablosu yüklendi -> (0, 0)
2025-12-22 08:41:49 | ERROR    | veri_cek | fetch_table:434 | train_2022_2023 çekilemedi: [Errno 11001] getaddrinfo failed
2025-12-22 08:41:49 | INFO     | veri_cek | fetch_tables:470 | train_2022_2023 tablosu yüklendi -> (0, 0)
2025-12-22 08:41:49 | ERROR    | veri_cek | fetch_table:434 | test_2024_2025 çekilemedi: [Errno 11001] getaddrinfo failed
2025-12-22 08:41:49 | INFO     | veri_cek | fetch_tables:470 | test_2024_2025 tablosu yüklendi -> (0, 0)
2025-12-22 08:41:49 | ERROR    | veri_cek | build_train_test_frames:489 | Train veya test verisi boş!
2025-12-22 08:41:49 | ERROR    | veri_cek | get_processed_data:534 | Veri işleme hatası: Eğitim veya test verisi boş!
2025-12-22 08:41:49 | ERROR    | veri_cek | fetch_table:434 | genel_elektrik çekilemedi: [Errno 11001] getaddrinfo failed
2025-12-22 08:41:49 | INFO     | veri_cek | fetch_tables:470 | genel_elektrik tablosu yüklendi -> (0, 0)
2025-12-22 08:41:49 | ERROR    | veri_cek | fetch_table:434 | weather çekilemedi: [Errno 11001] getaddrinfo failed
2025-12-22 08:41:49 | INFO     | veri_cek | fetch_tables:470 | weather tablosu yüklendi -> (0, 0)
2025-12-22 08:41:49 | ERROR    | veri_cek | fetch_table:434 | nufus çekilemedi: [Errno 11001] getaddrinfo failed
2025-12-22 08:41:49 | INFO     | veri_cek | fetch_tables:470 | nufus tablosu yüklendi -> (0, 0)
2025-12-22 08:41:49 | ERROR    | veri_cek | fetch_table:434 | hizmet çekilemedi: [Errno 11001] getaddrinfo failed
2025-12-22 08:41:49 | INFO     | veri_cek | fetch_tables:470 | hizmet tablosu yüklendi -> (0, 0)
2025-12-22 08:41:49 | ERROR    | veri_cek | fetch_table:434 | train_2022_2023 çekilemedi: [Errno 11001] getaddrinfo failed
2025-12-22 08:41:49 | INFO     | veri_cek | fetch_tables:470 | train_2022_2023 tablosu yüklendi -> (0, 0)
2025-12-22 08:41:49 | ERROR    | veri_cek | fetch_table:434 | test_2024_2025 çekilemedi: [Errno 11001] getaddrinfo failed
2025-12-22 08:41:49 | INFO     | veri_cek | fetch_tables:470 | test_2024_2025 tablosu yüklendi -> (0, 0)
2025-12-22 08:41:49 | ERROR    | veri_cek | build_train_test_frames:489 | Train veya test verisi boş!
2025-12-22 08:41:49 | ERROR    | veri_cek | get_processed_data:534 | Veri işleme hatası: Eğitim veya test verisi boş!
2025-12-22 08:41:49 | INFO     | __main__ | lifespan:35 | ElektrAize API hazir!
2025-12-22 08:46:09 | INFO     | __main__ | lifespan:37 | ElektrAize API kapatiliyor...
2025-12-22 08:46:26 | WARNING  | rate_limiter | <module>:57 | Redis bağlantısı başarısız, in-memory kullanılacak: Timeout connecting to server
2025-12-22 08:46:26 | INFO     | rate_limiter | setup_rate_limiter:104 | Rate limiting middleware aktif ✅
2025-12-22 08:46:26 | INFO     | __main__ | lifespan:31 | ElektrAize API baslatiliyor...
2025-12-22 08:46:26 | INFO     | __main__ | lifespan:32 | ============================================================
2025-12-22 08:46:26 | INFO     | __main__ | lifespan:33 | Tum modeller yukleniyor...
2025-12-22 08:46:26 | INFO     | __main__ | lifespan:34 | ============================================================
2025-12-22 08:46:26 | INFO     | veri_cek | _initialize:402 | Supabase bağlantısı başarılı (SupabaseManager).
2025-12-22 08:46:27 | ERROR    | veri_cek | fetch_table:434 | genel_elektrik çekilemedi: [Errno 11001] getaddrinfo failed
2025-12-22 08:46:27 | INFO     | veri_cek | fetch_tables:470 | genel_elektrik tablosu yüklendi -> (0, 0)
2025-12-22 08:46:27 | ERROR    | veri_cek | fetch_table:434 | weather çekilemedi: [Errno 11001] getaddrinfo failed
2025-12-22 08:46:27 | INFO     | veri_cek | fetch_tables:470 | weather tablosu yüklendi -> (0, 0)
2025-12-22 08:46:27 | ERROR    | veri_cek | fetch_table:434 | nufus çekilemedi: [Errno 11001] getaddrinfo failed
2025-12-22 08:46:27 | INFO     | veri_cek | fetch_tables:470 | nufus tablosu yüklendi -> (0, 0)
2025-12-22 08:46:27 | ERROR    | veri_cek | fetch_table:434 | hizmet çekilemedi: [Errno 11001] getaddrinfo failed
2025-12-22 08:46:27 | INFO     | veri_cek | fetch_tables:470 | hizmet tablosu yüklendi -> (0, 0)
2025-12-22 08:46:27 | ERROR    | veri_cek | fetch_table:434 | train_2022_2023 çekilemedi: [Errno 11001] getaddrinfo failed
2025-12-22 08:46:27 | INFO     | veri_cek | fetch_tables:470 | train_2022_2023 tablosu yüklendi -> (0, 0)
2025-12-22 08:46:27 | ERROR    | veri_cek | fetch_table:434 | test_2024_2025 çekilemedi: [Errno 11001] getaddrinfo failed
2025-12-22 08:46:27 | INFO     | veri_cek | fetch_tables:470 | test_2024_2025 tablosu yüklendi -> (0, 0)
2025-12-22 08:46:27 | ERROR    | veri_cek | build_train_test_frames:489 | Train veya test verisi boş!
2025-12-22 08:46:27 | ERROR    | veri_cek | get_processed_data:534 | Veri işleme hatası: Eğitim veya test verisi boş!
2025-12-22 08:46:27 | ERROR    | veri_cek | fetch_table:434 | genel_elektrik çekilemedi: [Errno 11001] getaddrinfo failed
2025-12-22 08:46:27 | INFO     | veri_cek | fetch_tables:470 | genel_elektrik tablosu yüklendi -> (0, 0)
2025-12-22 08:46:27 | ERROR    | veri_cek | fetch_table:434 | weather çekilemedi: [Errno 11001] getaddrinfo failed
2025-12-22 08:46:27 | INFO     | veri_cek | fetch_tables:470 | weather tablosu yüklendi -> (0, 0)
2025-12-22 08:46:27 | ERROR    | veri_cek | fetch_table:434 | nufus çekilemedi: [Errno 11001] getaddrinfo failed
2025-12-22 08:46:27 | INFO     | veri_cek | fetch_tables:470 | nufus tablosu yüklendi -> (0, 0)
2025-12-22 08:46:27 | ERROR    | veri_cek | fetch_table:434 | hizmet çekilemedi: [Errno 11001] getaddrinfo failed
2025-12-22 08:46:27 | INFO     | veri_cek | fetch_tables:470 | hizmet tablosu yüklendi -> (0, 0)
2025-12-22 08:46:27 | ERROR    | veri_cek | fetch_table:434 | train_2022_2023 çekilemedi: [Errno 11001] getaddrinfo failed
2025-12-22 08:46:27 | INFO     | veri_cek | fetch_tables:470 | train_2022_2023 tablosu yüklendi -> (0, 0)
2025-12-22 08:46:27 | ERROR    | veri_cek | fetch_table:434 | test_2024_2025 çekilemedi: [Errno 11001] getaddrinfo failed
2025-12-22 08:46:27 | INFO     | veri_cek | fetch_tables:470 | test_2024_2025 tablosu yüklendi -> (0, 0)
2025-12-22 08:46:27 | ERROR    | veri_cek | build_train_test_frames:489 | Train veya test verisi boş!
2025-12-22 08:46:27 | ERROR    | veri_cek | get_processed_data:534 | Veri işleme hatası: Eğitim veya test verisi boş!
2025-12-22 08:46:27 | ERROR    | veri_cek | fetch_table:434 | genel_elektrik çekilemedi: [Errno 11001] getaddrinfo failed
2025-12-22 08:46:27 | INFO     | veri_cek | fetch_tables:470 | genel_elektrik tablosu yüklendi -> (0, 0)
2025-12-22 08:46:27 | ERROR    | veri_cek | fetch_table:434 | weather çekilemedi: [Errno 11001] getaddrinfo failed
2025-12-22 08:46:27 | INFO     | veri_cek | fetch_tables:470 | weather tablosu yüklendi -> (0, 0)
2025-12-22 08:46:27 | ERROR    | veri_cek | fetch_table:434 | nufus çekilemedi: [Errno 11001] getaddrinfo failed
2025-12-22 08:46:27 | INFO     | veri_cek | fetch_tables:470 | nufus tablosu yüklendi -> (0, 0)
2025-12-22 08:46:27 | ERROR    | veri_cek | fetch_table:434 | hizmet çekilemedi: [Errno 11001] getaddrinfo failed
2025-12-22 08:46:27 | INFO     | veri_cek | fetch_tables:470 | hizmet tablosu yüklendi -> (0, 0)
2025-12-22 08:46:27 | ERROR    | veri_cek | fetch_table:434 | train_2022_2023 çekilemedi: [Errno 11001] getaddrinfo failed
2025-12-22 08:46:27 | INFO     | veri_cek | fetch_tables:470 | train_2022_2023 tablosu yüklendi -> (0, 0)
2025-12-22 08:46:27 | ERROR    | veri_cek | fetch_table:434 | test_2024_2025 çekilemedi: [Errno 11001] getaddrinfo failed
2025-12-22 08:46:27 | INFO     | veri_cek | fetch_tables:470 | test_2024_2025 tablosu yüklendi -> (0, 0)
2025-12-22 08:46:27 | ERROR    | veri_cek | build_train_test_frames:489 | Train veya test verisi boş!
2025-12-22 08:46:27 | ERROR    | veri_cek | get_processed_data:534 | Veri işleme hatası: Eğitim veya test verisi boş!
2025-12-22 08:46:27 | ERROR    | veri_cek | fetch_table:434 | genel_elektrik çekilemedi: [Errno 11001] getaddrinfo failed
2025-12-22 08:46:27 | INFO     | veri_cek | fetch_tables:470 | genel_elektrik tablosu yüklendi -> (0, 0)
2025-12-22 08:46:27 | ERROR    | veri_cek | fetch_table:434 | weather çekilemedi: [Errno 11001] getaddrinfo failed
2025-12-22 08:46:27 | INFO     | veri_cek | fetch_tables:470 | weather tablosu yüklendi -> (0, 0)
2025-12-22 08:46:27 | ERROR    | veri_cek | fetch_table:434 | nufus çekilemedi: [Errno 11001] getaddrinfo failed
2025-12-22 08:46:27 | INFO     | veri_cek | fetch_tables:470 | nufus tablosu yüklendi -> (0, 0)
2025-12-22 08:46:27 | ERROR    | veri_cek | fetch_table:434 | hizmet çekilemedi: [Errno 11001] getaddrinfo failed
2025-12-22 08:46:27 | INFO     | veri_cek | fetch_tables:470 | hizmet tablosu yüklendi -> (0, 0)
2025-12-22 08:46:27 | ERROR    | veri_cek | fetch_table:434 | train_2022_2023 çekilemedi: [Errno 11001] getaddrinfo failed
2025-12-22 08:46:27 | INFO     | veri_cek | fetch_tables:470 | train_2022_2023 tablosu yüklendi -> (0, 0)
2025-12-22 08:46:27 | ERROR    | veri_cek | fetch_table:434 | test_2024_2025 çekilemedi: [Errno 11001] getaddrinfo failed
2025-12-22 08:46:27 | INFO     | veri_cek | fetch_tables:470 | test_2024_2025 tablosu yüklendi -> (0, 0)
2025-12-22 08:46:27 | ERROR    | veri_cek | build_train_test_frames:489 | Train veya test verisi boş!
2025-12-22 08:46:27 | ERROR    | veri_cek | get_processed_data:534 | Veri işleme hatası: Eğitim veya test verisi boş!
2025-12-22 08:46:27 | ERROR    | veri_cek | fetch_table:434 | genel_elektrik çekilemedi: [Errno 11001] getaddrinfo failed
2025-12-22 08:46:27 | INFO     | veri_cek | fetch_tables:470 | genel_elektrik tablosu yüklendi -> (0, 0)
2025-12-22 08:46:27 | ERROR    | veri_cek | fetch_table:434 | weather çekilemedi: [Errno 11001] getaddrinfo failed
2025-12-22 08:46:27 | INFO     | veri_cek | fetch_tables:470 | weather tablosu yüklendi -> (0, 0)
2025-12-22 08:46:27 | ERROR    | veri_cek | fetch_table:434 | nufus çekilemedi: [Errno 11001] getaddrinfo failed
2025-12-22 08:46:27 | INFO     | veri_cek | fetch_tables:470 | nufus tablosu yüklendi -> (0, 0)
2025-12-22 08:46:27 | ERROR    | veri_cek | fetch_table:434 | hizmet çekilemedi: [Errno 11001] getaddrinfo failed
2025-12-22 08:46:27 | INFO     | veri_cek | fetch_tables:470 | hizmet tablosu yüklendi -> (0, 0)
2025-12-22 08:46:27 | ERROR    | veri_cek | fetch_table:434 | train_2022_2023 çekilemedi: [Errno 11001] getaddrinfo failed
2025-12-22 08:46:27 | INFO     | veri_cek | fetch_tables:470 | train_2022_2023 tablosu yüklendi -> (0, 0)
2025-12-22 08:46:27 | ERROR    | veri_cek | fetch_table:434 | test_2024_2025 çekilemedi: [Errno 11001] getaddrinfo failed
2025-12-22 08:46:27 | INFO     | veri_cek | fetch_tables:470 | test_2024_2025 tablosu yüklendi -> (0, 0)
2025-12-22 08:46:27 | ERROR    | veri_cek | build_train_test_frames:489 | Train veya test verisi boş!
2025-12-22 08:46:27 | ERROR    | veri_cek | get_processed_data:534 | Veri işleme hatası: Eğitim veya test verisi boş!
2025-12-22 08:46:27 | ERROR    | veri_cek | fetch_table:434 | genel_elektrik çekilemedi: [Errno 11001] getaddrinfo failed
2025-12-22 08:46:27 | INFO     | veri_cek | fetch_tables:470 | genel_elektrik tablosu yüklendi -> (0, 0)
2025-12-22 08:46:27 | ERROR    | veri_cek | fetch_table:434 | weather çekilemedi: [Errno 11001] getaddrinfo failed
2025-12-22 08:46:27 | INFO     | veri_cek | fetch_tables:470 | weather tablosu yüklendi -> (0, 0)
2025-12-22 08:46:27 | ERROR    | veri_cek | fetch_table:434 | nufus çekilemedi: [Errno 11001] getaddrinfo failed
2025-12-22 08:46:27 | INFO     | veri_cek | fetch_tables:470 | nufus tablosu yüklendi -> (0, 0)
2025-12-22 08:46:27 | ERROR    | veri_cek | fetch_table:434 | hizmet çekilemedi: [Errno 11001] getaddrinfo failed
2025-12-22 08:46:27 | INFO     | veri_cek | fetch_tables:470 | hizmet tablosu yüklendi -> (0, 0)
2025-12-22 08:46:27 | ERROR    | veri_cek | fetch_table:434 | train_2022_2023 çekilemedi: [Errno 11001] getaddrinfo failed
2025-12-22 08:46:27 | INFO     | veri_cek | fetch_tables:470 | train_2022_2023 tablosu yüklendi -> (0, 0)
2025-12-22 08:46:27 | ERROR    | veri_cek | fetch_table:434 | test_2024_2025 çekilemedi: [Errno 11001] getaddrinfo failed
2025-12-22 08:46:27 | INFO     | veri_cek | fetch_tables:470 | test_2024_2025 tablosu yüklendi -> (0, 0)
2025-12-22 08:46:27 | ERROR    | veri_cek | build_train_test_frames:489 | Train veya test verisi boş!
2025-12-22 08:46:27 | ERROR    | veri_cek | get_processed_data:534 | Veri işleme hatası: Eğitim veya test verisi boş!
2025-12-22 08:46:27 | ERROR    | veri_cek | fetch_table:434 | genel_elektrik çekilemedi: [Errno 11001] getaddrinfo failed
2025-12-22 08:46:27 | INFO     | veri_cek | fetch_tables:470 | genel_elektrik tablosu yüklendi -> (0, 0)
2025-12-22 08:46:27 | ERROR    | veri_cek | fetch_table:434 | weather çekilemedi: [Errno 11001] getaddrinfo failed
2025-12-22 08:46:27 | INFO     | veri_cek | fetch_tables:470 | weather tablosu yüklendi -> (0, 0)
2025-12-22 08:46:27 | ERROR    | veri_cek | fetch_table:434 | nufus çekilemedi: [Errno 11001] getaddrinfo failed
2025-12-22 08:46:27 | INFO     | veri_cek | fetch_tables:470 | nufus tablosu yüklendi -> (0, 0)
2025-12-22 08:46:27 | ERROR    | veri_cek | fetch_table:434 | hizmet çekilemedi: [Errno 11001] getaddrinfo failed
2025-12-22 08:46:27 | INFO     | veri_cek | fetch_tables:470 | hizmet tablosu yüklendi -> (0, 0)
2025-12-22 08:46:27 | ERROR    | veri_cek | fetch_table:434 | train_2022_2023 çekilemedi: [Errno 11001] getaddrinfo failed
2025-12-22 08:46:27 | INFO     | veri_cek | fetch_tables:470 | train_2022_2023 tablosu yüklendi -> (0, 0)
2025-12-22 08:46:27 | ERROR    | veri_cek | fetch_table:434 | test_2024_2025 çekilemedi: [Errno 11001] getaddrinfo failed
2025-12-22 08:46:27 | INFO     | veri_cek | fetch_tables:470 | test_2024_2025 tablosu yüklendi -> (0, 0)
2025-12-22 08:46:27 | ERROR    | veri_cek | build_train_test_frames:489 | Train veya test verisi boş!
2025-12-22 08:46:27 | ERROR    | veri_cek | get_processed_data:534 | Veri işleme hatası: Eğitim veya test verisi boş!
2025-12-22 08:46:27 | INFO     | __main__ | lifespan:36 | ElektrAize API hazir!
2025-12-22 08:46:55 | ERROR    | error_handlers | http_exception_handler:9 | HTTP error occurred: Failed to send email: You can only send testing emails to your own email address (eneraizeproje@gmail.com). To send emails to other recipients, please verify a domain at resend.com/domains, and change the `from` address to an email using this domain.
2025-12-22 08:47:37 | ERROR    | error_handlers | http_exception_handler:9 | HTTP error occurred: Failed to send email: You can only send testing emails to your own email address (eneraizeproje@gmail.com). To send emails to other recipients, please verify a domain at resend.com/domains, and change the `from` address to an email using this domain.
2025-12-22 08:51:04 | ERROR    | error_handlers | http_exception_handler:9 | HTTP error occurred: Failed to send email: You can only send testing emails to your own email address (eneraizeproje@gmail.com). To send emails to other recipients, please verify a domain at resend.com/domains, and change the `from` address to an email using this domain.
2025-12-22 09:02:37 | INFO     | __main__ | lifespan:38 | ElektrAize API kapatiliyor...
2025-12-22 09:02:53 | WARNING  | rate_limiter | <module>:57 | Redis bağlantısı başarısız, in-memory kullanılacak: Timeout connecting to server
2025-12-22 09:02:53 | INFO     | rate_limiter | setup_rate_limiter:104 | Rate limiting middleware aktif ✅
2025-12-22 09:02:53 | INFO     | __main__ | lifespan:31 | ElektrAize API baslatiliyor...
2025-12-22 09:02:53 | INFO     | __main__ | lifespan:32 | ============================================================
2025-12-22 09:02:53 | INFO     | __main__ | lifespan:33 | Tum modeller yukleniyor...
2025-12-22 09:02:53 | INFO     | __main__ | lifespan:34 | ============================================================
2025-12-22 09:02:53 | INFO     | veri_cek | _initialize:402 | Supabase bağlantısı başarılı (SupabaseManager).
2025-12-22 09:02:53 | ERROR    | veri_cek | fetch_table:434 | genel_elektrik çekilemedi: [Errno 11001] getaddrinfo failed
2025-12-22 09:02:53 | INFO     | veri_cek | fetch_tables:470 | genel_elektrik tablosu yüklendi -> (0, 0)
2025-12-22 09:02:53 | ERROR    | veri_cek | fetch_table:434 | weather çekilemedi: [Errno 11001] getaddrinfo failed
2025-12-22 09:02:53 | INFO     | veri_cek | fetch_tables:470 | weather tablosu yüklendi -> (0, 0)
2025-12-22 09:02:53 | ERROR    | veri_cek | fetch_table:434 | nufus çekilemedi: [Errno 11001] getaddrinfo failed
2025-12-22 09:02:53 | INFO     | veri_cek | fetch_tables:470 | nufus tablosu yüklendi -> (0, 0)
2025-12-22 09:02:53 | ERROR    | veri_cek | fetch_table:434 | hizmet çekilemedi: [Errno 11001] getaddrinfo failed
2025-12-22 09:02:53 | INFO     | veri_cek | fetch_tables:470 | hizmet tablosu yüklendi -> (0, 0)
2025-12-22 09:02:53 | ERROR    | veri_cek | fetch_table:434 | train_2022_2023 çekilemedi: [Errno 11001] getaddrinfo failed
2025-12-22 09:02:53 | INFO     | veri_cek | fetch_tables:470 | train_2022_2023 tablosu yüklendi -> (0, 0)
2025-12-22 09:02:53 | ERROR    | veri_cek | fetch_table:434 | test_2024_2025 çekilemedi: [Errno 11001] getaddrinfo failed
2025-12-22 09:02:53 | INFO     | veri_cek | fetch_tables:470 | test_2024_2025 tablosu yüklendi -> (0, 0)
2025-12-22 09:02:53 | ERROR    | veri_cek | build_train_test_frames:489 | Train veya test verisi boş!
2025-12-22 09:02:53 | ERROR    | veri_cek | get_processed_data:534 | Veri işleme hatası: Eğitim veya test verisi boş!
2025-12-22 09:02:53 | ERROR    | veri_cek | fetch_table:434 | genel_elektrik çekilemedi: [Errno 11001] getaddrinfo failed
2025-12-22 09:02:53 | INFO     | veri_cek | fetch_tables:470 | genel_elektrik tablosu yüklendi -> (0, 0)
2025-12-22 09:02:53 | ERROR    | veri_cek | fetch_table:434 | weather çekilemedi: [Errno 11001] getaddrinfo failed
2025-12-22 09:02:53 | INFO     | veri_cek | fetch_tables:470 | weather tablosu yüklendi -> (0, 0)
2025-12-22 09:02:53 | ERROR    | veri_cek | fetch_table:434 | nufus çekilemedi: [Errno 11001] getaddrinfo failed
2025-12-22 09:02:53 | INFO     | veri_cek | fetch_tables:470 | nufus tablosu yüklendi -> (0, 0)
2025-12-22 09:02:53 | ERROR    | veri_cek | fetch_table:434 | hizmet çekilemedi: [Errno 11001] getaddrinfo failed
2025-12-22 09:02:53 | INFO     | veri_cek | fetch_tables:470 | hizmet tablosu yüklendi -> (0, 0)
2025-12-22 09:02:53 | ERROR    | veri_cek | fetch_table:434 | train_2022_2023 çekilemedi: [Errno 11001] getaddrinfo failed
2025-12-22 09:02:53 | INFO     | veri_cek | fetch_tables:470 | train_2022_2023 tablosu yüklendi -> (0, 0)
2025-12-22 09:02:53 | ERROR    | veri_cek | fetch_table:434 | test_2024_2025 çekilemedi: [Errno 11001] getaddrinfo failed
2025-12-22 09:02:53 | INFO     | veri_cek | fetch_tables:470 | test_2024_2025 tablosu yüklendi -> (0, 0)
2025-12-22 09:02:53 | ERROR    | veri_cek | build_train_test_frames:489 | Train veya test verisi boş!
2025-12-22 09:02:53 | ERROR    | veri_cek | get_processed_data:534 | Veri işleme hatası: Eğitim veya test verisi boş!
2025-12-22 09:02:53 | ERROR    | veri_cek | fetch_table:434 | genel_elektrik çekilemedi: [Errno 11001] getaddrinfo failed
2025-12-22 09:02:53 | INFO     | veri_cek | fetch_tables:470 | genel_elektrik tablosu yüklendi -> (0, 0)
2025-12-22 09:02:53 | ERROR    | veri_cek | fetch_table:434 | weather çekilemedi: [Errno 11001] getaddrinfo failed
2025-12-22 09:02:53 | INFO     | veri_cek | fetch_tables:470 | weather tablosu yüklendi -> (0, 0)
2025-12-22 09:02:53 | ERROR    | veri_cek | fetch_table:434 | nufus çekilemedi: [Errno 11001] getaddrinfo failed
2025-12-22 09:02:53 | INFO     | veri_cek | fetch_tables:470 | nufus tablosu yüklendi -> (0, 0)
2025-12-22 09:02:53 | ERROR    | veri_cek | fetch_table:434 | hizmet çekilemedi: [Errno 11001] getaddrinfo failed
2025-12-22 09:02:53 | INFO     | veri_cek | fetch_tables:470 | hizmet tablosu yüklendi -> (0, 0)
2025-12-22 09:02:53 | ERROR    | veri_cek | fetch_table:434 | train_2022_2023 çekilemedi: [Errno 11001] getaddrinfo failed
2025-12-22 09:02:53 | INFO     | veri_cek | fetch_tables:470 | train_2022_2023 tablosu yüklendi -> (0, 0)
2025-12-22 09:02:53 | ERROR    | veri_cek | fetch_table:434 | test_2024_2025 çekilemedi: [Errno 11001] getaddrinfo failed
2025-12-22 09:02:53 | INFO     | veri_cek | fetch_tables:470 | test_2024_2025 tablosu yüklendi -> (0, 0)
2025-12-22 09:02:53 | ERROR    | veri_cek | build_train_test_frames:489 | Train veya test verisi boş!
2025-12-22 09:02:53 | ERROR    | veri_cek | get_processed_data:534 | Veri işleme hatası: Eğitim veya test verisi boş!
2025-12-22 09:02:53 | ERROR    | veri_cek | fetch_table:434 | genel_elektrik çekilemedi: [Errno 11001] getaddrinfo failed
2025-12-22 09:02:53 | INFO     | veri_cek | fetch_tables:470 | genel_elektrik tablosu yüklendi -> (0, 0)
2025-12-22 09:02:53 | ERROR    | veri_cek | fetch_table:434 | weather çekilemedi: [Errno 11001] getaddrinfo failed
2025-12-22 09:02:53 | INFO     | veri_cek | fetch_tables:470 | weather tablosu yüklendi -> (0, 0)
2025-12-22 09:02:53 | ERROR    | veri_cek | fetch_table:434 | nufus çekilemedi: [Errno 11001] getaddrinfo failed
2025-12-22 09:02:53 | INFO     | veri_cek | fetch_tables:470 | nufus tablosu yüklendi -> (0, 0)
2025-12-22 09:02:53 | ERROR    | veri_cek | fetch_table:434 | hizmet çekilemedi: [Errno 11001] getaddrinfo failed
2025-12-22 09:02:53 | INFO     | veri_cek | fetch_tables:470 | hizmet tablosu yüklendi -> (0, 0)
2025-12-22 09:02:53 | ERROR    | veri_cek | fetch_table:434 | train_2022_2023 çekilemedi: [Errno 11001] getaddrinfo failed
2025-12-22 09:02:53 | INFO     | veri_cek | fetch_tables:470 | train_2022_2023 tablosu yüklendi -> (0, 0)
2025-12-22 09:02:53 | ERROR    | veri_cek | fetch_table:434 | test_2024_2025 çekilemedi: [Errno 11001] getaddrinfo failed
2025-12-22 09:02:53 | INFO     | veri_cek | fetch_tables:470 | test_2024_2025 tablosu yüklendi -> (0, 0)
2025-12-22 09:02:53 | ERROR    | veri_cek | build_train_test_frames:489 | Train veya test verisi boş!
2025-12-22 09:02:53 | ERROR    | veri_cek | get_processed_data:534 | Veri işleme hatası: Eğitim veya test verisi boş!
2025-12-22 09:02:53 | ERROR    | veri_cek | fetch_table:434 | genel_elektrik çekilemedi: [Errno 11001] getaddrinfo failed
2025-12-22 09:02:53 | INFO     | veri_cek | fetch_tables:470 | genel_elektrik tablosu yüklendi -> (0, 0)
2025-12-22 09:02:53 | ERROR    | veri_cek | fetch_table:434 | weather çekilemedi: [Errno 11001] getaddrinfo failed
2025-12-22 09:02:53 | INFO     | veri_cek | fetch_tables:470 | weather tablosu yüklendi -> (0, 0)
2025-12-22 09:02:53 | ERROR    | veri_cek | fetch_table:434 | nufus çekilemedi: [Errno 11001] getaddrinfo failed
2025-12-22 09:02:53 | INFO     | veri_cek | fetch_tables:470 | nufus tablosu yüklendi -> (0, 0)
2025-12-22 09:02:53 | ERROR    | veri_cek | fetch_table:434 | hizmet çekilemedi: [Errno 11001] getaddrinfo failed
2025-12-22 09:02:53 | INFO     | veri_cek | fetch_tables:470 | hizmet tablosu yüklendi -> (0, 0)
2025-12-22 09:02:53 | ERROR    | veri_cek | fetch_table:434 | train_2022_2023 çekilemedi: [Errno 11001] getaddrinfo failed
2025-12-22 09:02:53 | INFO     | veri_cek | fetch_tables:470 | train_2022_2023 tablosu yüklendi -> (0, 0)
2025-12-22 09:02:53 | ERROR    | veri_cek | fetch_table:434 | test_2024_2025 çekilemedi: [Errno 11001] getaddrinfo failed
2025-12-22 09:02:53 | INFO     | veri_cek | fetch_tables:470 | test_2024_2025 tablosu yüklendi -> (0, 0)
2025-12-22 09:02:53 | ERROR    | veri_cek | build_train_test_frames:489 | Train veya test verisi boş!
2025-12-22 09:02:53 | ERROR    | veri_cek | get_processed_data:534 | Veri işleme hatası: Eğitim veya test verisi boş!
2025-12-22 09:02:53 | ERROR    | veri_cek | fetch_table:434 | genel_elektrik çekilemedi: [Errno 11001] getaddrinfo failed
2025-12-22 09:02:53 | INFO     | veri_cek | fetch_tables:470 | genel_elektrik tablosu yüklendi -> (0, 0)
2025-12-22 09:02:53 | ERROR    | veri_cek | fetch_table:434 | weather çekilemedi: [Errno 11001] getaddrinfo failed
2025-12-22 09:02:53 | INFO     | veri_cek | fetch_tables:470 | weather tablosu yüklendi -> (0, 0)
2025-12-22 09:02:53 | ERROR    | veri_cek | fetch_table:434 | nufus çekilemedi: [Errno 11001] getaddrinfo failed
2025-12-22 09:02:53 | INFO     | veri_cek | fetch_tables:470 | nufus tablosu yüklendi -> (0, 0)
2025-12-22 09:02:53 | ERROR    | veri_cek | fetch_table:434 | hizmet çekilemedi: [Errno 11001] getaddrinfo failed
2025-12-22 09:02:53 | INFO     | veri_cek | fetch_tables:470 | hizmet tablosu yüklendi -> (0, 0)
2025-12-22 09:02:53 | ERROR    | veri_cek | fetch_table:434 | train_2022_2023 çekilemedi: [Errno 11001] getaddrinfo failed
2025-12-22 09:02:53 | INFO     | veri_cek | fetch_tables:470 | train_2022_2023 tablosu yüklendi -> (0, 0)
2025-12-22 09:02:53 | ERROR    | veri_cek | fetch_table:434 | test_2024_2025 çekilemedi: [Errno 11001] getaddrinfo failed
2025-12-22 09:02:53 | INFO     | veri_cek | fetch_tables:470 | test_2024_2025 tablosu yüklendi -> (0, 0)
2025-12-22 09:02:53 | ERROR    | veri_cek | build_train_test_frames:489 | Train veya test verisi boş!
2025-12-22 09:02:53 | ERROR    | veri_cek | get_processed_data:534 | Veri işleme hatası: Eğitim veya test verisi boş!
2025-12-22 09:02:53 | ERROR    | veri_cek | fetch_table:434 | genel_elektrik çekilemedi: [Errno 11001] getaddrinfo failed
2025-12-22 09:02:53 | INFO     | veri_cek | fetch_tables:470 | genel_elektrik tablosu yüklendi -> (0, 0)
2025-12-22 09:02:53 | ERROR    | veri_cek | fetch_table:434 | weather çekilemedi: [Errno 11001] getaddrinfo failed
2025-12-22 09:02:53 | INFO     | veri_cek | fetch_tables:470 | weather tablosu yüklendi -> (0, 0)
2025-12-22 09:02:53 | ERROR    | veri_cek | fetch_table:434 | nufus çekilemedi: [Errno 11001] getaddrinfo failed
2025-12-22 09:02:53 | INFO     | veri_cek | fetch_tables:470 | nufus tablosu yüklendi -> (0, 0)
2025-12-22 09:02:53 | ERROR    | veri_cek | fetch_table:434 | hizmet çekilemedi: [Errno 11001] getaddrinfo failed
2025-12-22 09:02:53 | INFO     | veri_cek | fetch_tables:470 | hizmet tablosu yüklendi -> (0, 0)
2025-12-22 09:02:53 | ERROR    | veri_cek | fetch_table:434 | train_2022_2023 çekilemedi: [Errno 11001] getaddrinfo failed
2025-12-22 09:02:53 | INFO     | veri_cek | fetch_tables:470 | train_2022_2023 tablosu yüklendi -> (0, 0)
2025-12-22 09:02:53 | ERROR    | veri_cek | fetch_table:434 | test_2024_2025 çekilemedi: [Errno 11001] getaddrinfo failed
2025-12-22 09:02:53 | INFO     | veri_cek | fetch_tables:470 | test_2024_2025 tablosu yüklendi -> (0, 0)
2025-12-22 09:02:53 | ERROR    | veri_cek | build_train_test_frames:489 | Train veya test verisi boş!
2025-12-22 09:02:53 | ERROR    | veri_cek | get_processed_data:534 | Veri işleme hatası: Eğitim veya test verisi boş!
2025-12-22 09:02:53 | INFO     | __main__ | lifespan:36 | ElektrAize API hazir!
2025-12-22 09:08:26 | INFO     | __main__ | lifespan:38 | ElektrAize API kapatiliyor...
2025-12-22 09:08:46 | WARNING  | rate_limiter | <module>:57 | Redis bağlantısı başarısız, in-memory kullanılacak: Timeout connecting to server
2025-12-22 09:08:46 | INFO     | rate_limiter | setup_rate_limiter:104 | Rate limiting middleware aktif ✅
2025-12-22 09:08:47 | INFO     | __main__ | lifespan:31 | ElektrAize API baslatiliyor...
2025-12-22 09:08:47 | INFO     | __main__ | lifespan:32 | ============================================================
2025-12-22 09:08:47 | INFO     | __main__ | lifespan:33 | Tum modeller yukleniyor...
2025-12-22 09:08:47 | INFO     | __main__ | lifespan:34 | ============================================================
2025-12-22 09:08:47 | INFO     | veri_cek | _initialize:402 | Supabase bağlantısı başarılı (SupabaseManager).
2025-12-22 09:08:47 | ERROR    | veri_cek | fetch_table:434 | genel_elektrik çekilemedi: [Errno 11001] getaddrinfo failed
2025-12-22 09:08:47 | INFO     | veri_cek | fetch_tables:470 | genel_elektrik tablosu yüklendi -> (0, 0)
2025-12-22 09:08:47 | ERROR    | veri_cek | fetch_table:434 | weather çekilemedi: [Errno 11001] getaddrinfo failed
2025-12-22 09:08:47 | INFO     | veri_cek | fetch_tables:470 | weather tablosu yüklendi -> (0, 0)
2025-12-22 09:08:47 | ERROR    | veri_cek | fetch_table:434 | nufus çekilemedi: [Errno 11001] getaddrinfo failed
2025-12-22 09:08:47 | INFO     | veri_cek | fetch_tables:470 | nufus tablosu yüklendi -> (0, 0)
2025-12-22 09:08:47 | ERROR    | veri_cek | fetch_table:434 | hizmet çekilemedi: [Errno 11001] getaddrinfo failed
2025-12-22 09:08:47 | INFO     | veri_cek | fetch_tables:470 | hizmet tablosu yüklendi -> (0, 0)
2025-12-22 09:08:47 | ERROR    | veri_cek | fetch_table:434 | train_2022_2023 çekilemedi: [Errno 11001] getaddrinfo failed
2025-12-22 09:08:47 | INFO     | veri_cek | fetch_tables:470 | train_2022_2023 tablosu yüklendi -> (0, 0)
2025-12-22 09:08:47 | ERROR    | veri_cek | fetch_table:434 | test_2024_2025 çekilemedi: [Errno 11001] getaddrinfo failed
2025-12-22 09:08:47 | INFO     | veri_cek | fetch_tables:470 | test_2024_2025 tablosu yüklendi -> (0, 0)
2025-12-22 09:08:47 | ERROR    | veri_cek | build_train_test_frames:489 | Train veya test verisi boş!
2025-12-22 09:08:47 | ERROR    | veri_cek | get_processed_data:534 | Veri işleme hatası: Eğitim veya test verisi boş!
2025-12-22 09:08:47 | ERROR    | veri_cek | fetch_table:434 | genel_elektrik çekilemedi: [Errno 11001] getaddrinfo failed
2025-12-22 09:08:47 | INFO     | veri_cek | fetch_tables:470 | genel_elektrik tablosu yüklendi -> (0, 0)
2025-12-22 09:08:47 | ERROR    | veri_cek | fetch_table:434 | weather çekilemedi: [Errno 11001] getaddrinfo failed
2025-12-22 09:08:47 | INFO     | veri_cek | fetch_tables:470 | weather tablosu yüklendi -> (0, 0)
2025-12-22 09:08:47 | ERROR    | veri_cek | fetch_table:434 | nufus çekilemedi: [Errno 11001] getaddrinfo failed
2025-12-22 09:08:47 | INFO     | veri_cek | fetch_tables:470 | nufus tablosu yüklendi -> (0, 0)
2025-12-22 09:08:47 | ERROR    | veri_cek | fetch_table:434 | hizmet çekilemedi: [Errno 11001] getaddrinfo failed
2025-12-22 09:08:47 | INFO     | veri_cek | fetch_tables:470 | hizmet tablosu yüklendi -> (0, 0)
2025-12-22 09:08:47 | ERROR    | veri_cek | fetch_table:434 | train_2022_2023 çekilemedi: [Errno 11001] getaddrinfo failed
2025-12-22 09:08:47 | INFO     | veri_cek | fetch_tables:470 | train_2022_2023 tablosu yüklendi -> (0, 0)
2025-12-22 09:08:47 | ERROR    | veri_cek | fetch_table:434 | test_2024_2025 çekilemedi: [Errno 11001] getaddrinfo failed
2025-12-22 09:08:47 | INFO     | veri_cek | fetch_tables:470 | test_2024_2025 tablosu yüklendi -> (0, 0)
2025-12-22 09:08:47 | ERROR    | veri_cek | build_train_test_frames:489 | Train veya test verisi boş!
2025-12-22 09:08:47 | ERROR    | veri_cek | get_processed_data:534 | Veri işleme hatası: Eğitim veya test verisi boş!
2025-12-22 09:08:47 | ERROR    | veri_cek | fetch_table:434 | genel_elektrik çekilemedi: [Errno 11001] getaddrinfo failed
2025-12-22 09:08:47 | INFO     | veri_cek | fetch_tables:470 | genel_elektrik tablosu yüklendi -> (0, 0)
2025-12-22 09:08:47 | ERROR    | veri_cek | fetch_table:434 | weather çekilemedi: [Errno 11001] getaddrinfo failed
2025-12-22 09:08:47 | INFO     | veri_cek | fetch_tables:470 | weather tablosu yüklendi -> (0, 0)
2025-12-22 09:08:47 | ERROR    | veri_cek | fetch_table:434 | nufus çekilemedi: [Errno 11001] getaddrinfo failed
2025-12-22 09:08:47 | INFO     | veri_cek | fetch_tables:470 | nufus tablosu yüklendi -> (0, 0)
2025-12-22 09:08:47 | ERROR    | veri_cek | fetch_table:434 | hizmet çekilemedi: [Errno 11001] getaddrinfo failed
2025-12-22 09:08:47 | INFO     | veri_cek | fetch_tables:470 | hizmet tablosu yüklendi -> (0, 0)
2025-12-22 09:08:47 | ERROR    | veri_cek | fetch_table:434 | train_2022_2023 çekilemedi: [Errno 11001] getaddrinfo failed
2025-12-22 09:08:47 | INFO     | veri_cek | fetch_tables:470 | train_2022_2023 tablosu yüklendi -> (0, 0)
2025-12-22 09:08:47 | ERROR    | veri_cek | fetch_table:434 | test_2024_2025 çekilemedi: [Errno 11001] getaddrinfo failed
2025-12-22 09:08:47 | INFO     | veri_cek | fetch_tables:470 | test_2024_2025 tablosu yüklendi -> (0, 0)
2025-12-22 09:08:47 | ERROR    | veri_cek | build_train_test_frames:489 | Train veya test verisi boş!
2025-12-22 09:08:47 | ERROR    | veri_cek | get_processed_data:534 | Veri işleme hatası: Eğitim veya test verisi boş!
2025-12-22 09:08:47 | ERROR    | veri_cek | fetch_table:434 | genel_elektrik çekilemedi: [Errno 11001] getaddrinfo failed
2025-12-22 09:08:47 | INFO     | veri_cek | fetch_tables:470 | genel_elektrik tablosu yüklendi -> (0, 0)
2025-12-22 09:08:47 | ERROR    | veri_cek | fetch_table:434 | weather çekilemedi: [Errno 11001] getaddrinfo failed
2025-12-22 09:08:47 | INFO     | veri_cek | fetch_tables:470 | weather tablosu yüklendi -> (0, 0)
2025-12-22 09:08:47 | ERROR    | veri_cek | fetch_table:434 | nufus çekilemedi: [Errno 11001] getaddrinfo failed
2025-12-22 09:08:47 | INFO     | veri_cek | fetch_tables:470 | nufus tablosu yüklendi -> (0, 0)
2025-12-22 09:08:47 | ERROR    | veri_cek | fetch_table:434 | hizmet çekilemedi: [Errno 11001] getaddrinfo failed
2025-12-22 09:08:47 | INFO     | veri_cek | fetch_tables:470 | hizmet tablosu yüklendi -> (0, 0)
2025-12-22 09:08:47 | ERROR    | veri_cek | fetch_table:434 | train_2022_2023 çekilemedi: [Errno 11001] getaddrinfo failed
2025-12-22 09:08:47 | INFO     | veri_cek | fetch_tables:470 | train_2022_2023 tablosu yüklendi -> (0, 0)
2025-12-22 09:08:47 | ERROR    | veri_cek | fetch_table:434 | test_2024_2025 çekilemedi: [Errno 11001] getaddrinfo failed
2025-12-22 09:08:47 | INFO     | veri_cek | fetch_tables:470 | test_2024_2025 tablosu yüklendi -> (0, 0)
2025-12-22 09:08:47 | ERROR    | veri_cek | build_train_test_frames:489 | Train veya test verisi boş!
2025-12-22 09:08:47 | ERROR    | veri_cek | get_processed_data:534 | Veri işleme hatası: Eğitim veya test verisi boş!
2025-12-22 09:08:47 | ERROR    | veri_cek | fetch_table:434 | genel_elektrik çekilemedi: [Errno 11001] getaddrinfo failed
2025-12-22 09:08:47 | INFO     | veri_cek | fetch_tables:470 | genel_elektrik tablosu yüklendi -> (0, 0)
2025-12-22 09:08:47 | ERROR    | veri_cek | fetch_table:434 | weather çekilemedi: [Errno 11001] getaddrinfo failed
2025-12-22 09:08:47 | INFO     | veri_cek | fetch_tables:470 | weather tablosu yüklendi -> (0, 0)
2025-12-22 09:08:47 | ERROR    | veri_cek | fetch_table:434 | nufus çekilemedi: [Errno 11001] getaddrinfo failed
2025-12-22 09:08:47 | INFO     | veri_cek | fetch_tables:470 | nufus tablosu yüklendi -> (0, 0)
2025-12-22 09:08:47 | ERROR    | veri_cek | fetch_table:434 | hizmet çekilemedi: [Errno 11001] getaddrinfo failed
2025-12-22 09:08:47 | INFO     | veri_cek | fetch_tables:470 | hizmet tablosu yüklendi -> (0, 0)
2025-12-22 09:08:47 | ERROR    | veri_cek | fetch_table:434 | train_2022_2023 çekilemedi: [Errno 11001] getaddrinfo failed
2025-12-22 09:08:47 | INFO     | veri_cek | fetch_tables:470 | train_2022_2023 tablosu yüklendi -> (0, 0)
2025-12-22 09:08:47 | ERROR    | veri_cek | fetch_table:434 | test_2024_2025 çekilemedi: [Errno 11001] getaddrinfo failed
2025-12-22 09:08:47 | INFO     | veri_cek | fetch_tables:470 | test_2024_2025 tablosu yüklendi -> (0, 0)
2025-12-22 09:08:47 | ERROR    | veri_cek | build_train_test_frames:489 | Train veya test verisi boş!
2025-12-22 09:08:47 | ERROR    | veri_cek | get_processed_data:534 | Veri işleme hatası: Eğitim veya test verisi boş!
2025-12-22 09:08:47 | ERROR    | veri_cek | fetch_table:434 | genel_elektrik çekilemedi: [Errno 11001] getaddrinfo failed
2025-12-22 09:08:47 | INFO     | veri_cek | fetch_tables:470 | genel_elektrik tablosu yüklendi -> (0, 0)
2025-12-22 09:08:47 | ERROR    | veri_cek | fetch_table:434 | weather çekilemedi: [Errno 11001] getaddrinfo failed
2025-12-22 09:08:47 | INFO     | veri_cek | fetch_tables:470 | weather tablosu yüklendi -> (0, 0)
2025-12-22 09:08:47 | ERROR    | veri_cek | fetch_table:434 | nufus çekilemedi: [Errno 11001] getaddrinfo failed
2025-12-22 09:08:47 | INFO     | veri_cek | fetch_tables:470 | nufus tablosu yüklendi -> (0, 0)
2025-12-22 09:08:47 | ERROR    | veri_cek | fetch_table:434 | hizmet çekilemedi: [Errno 11001] getaddrinfo failed
2025-12-22 09:08:47 | INFO     | veri_cek | fetch_tables:470 | hizmet tablosu yüklendi -> (0, 0)
2025-12-22 09:08:47 | ERROR    | veri_cek | fetch_table:434 | train_2022_2023 çekilemedi: [Errno 11001] getaddrinfo failed
2025-12-22 09:08:47 | INFO     | veri_cek | fetch_tables:470 | train_2022_2023 tablosu yüklendi -> (0, 0)
2025-12-22 09:08:47 | ERROR    | veri_cek | fetch_table:434 | test_2024_2025 çekilemedi: [Errno 11001] getaddrinfo failed
2025-12-22 09:08:47 | INFO     | veri_cek | fetch_tables:470 | test_2024_2025 tablosu yüklendi -> (0, 0)
2025-12-22 09:08:47 | ERROR    | veri_cek | build_train_test_frames:489 | Train veya test verisi boş!
2025-12-22 09:08:47 | ERROR    | veri_cek | get_processed_data:534 | Veri işleme hatası: Eğitim veya test verisi boş!
2025-12-22 09:08:47 | ERROR    | veri_cek | fetch_table:434 | genel_elektrik çekilemedi: [Errno 11001] getaddrinfo failed
2025-12-22 09:08:47 | INFO     | veri_cek | fetch_tables:470 | genel_elektrik tablosu yüklendi -> (0, 0)
2025-12-22 09:08:47 | ERROR    | veri_cek | fetch_table:434 | weather çekilemedi: [Errno 11001] getaddrinfo failed
2025-12-22 09:08:47 | INFO     | veri_cek | fetch_tables:470 | weather tablosu yüklendi -> (0, 0)
2025-12-22 09:08:47 | ERROR    | veri_cek | fetch_table:434 | nufus çekilemedi: [Errno 11001] getaddrinfo failed
2025-12-22 09:08:47 | INFO     | veri_cek | fetch_tables:470 | nufus tablosu yüklendi -> (0, 0)
2025-12-22 09:08:47 | ERROR    | veri_cek | fetch_table:434 | hizmet çekilemedi: [Errno 11001] getaddrinfo failed
2025-12-22 09:08:47 | INFO     | veri_cek | fetch_tables:470 | hizmet tablosu yüklendi -> (0, 0)
2025-12-22 09:08:47 | ERROR    | veri_cek | fetch_table:434 | train_2022_2023 çekilemedi: [Errno 11001] getaddrinfo failed
2025-12-22 09:08:47 | INFO     | veri_cek | fetch_tables:470 | train_2022_2023 tablosu yüklendi -> (0, 0)
2025-12-22 09:08:47 | ERROR    | veri_cek | fetch_table:434 | test_2024_2025 çekilemedi: [Errno 11001] getaddrinfo failed
2025-12-22 09:08:47 | INFO     | veri_cek | fetch_tables:470 | test_2024_2025 tablosu yüklendi -> (0, 0)
2025-12-22 09:08:47 | ERROR    | veri_cek | build_train_test_frames:489 | Train veya test verisi boş!
2025-12-22 09:08:47 | ERROR    | veri_cek | get_processed_data:534 | Veri işleme hatası: Eğitim veya test verisi boş!
2025-12-22 09:08:47 | INFO     | __main__ | lifespan:36 | ElektrAize API hazir!
2025-12-22 09:09:54 | INFO     | __main__ | lifespan:38 | ElektrAize API kapatiliyor...
2025-12-22 09:10:10 | WARNING  | rate_limiter | <module>:57 | Redis bağlantısı başarısız, in-memory kullanılacak: Timeout connecting to server
2025-12-22 09:10:10 | INFO     | rate_limiter | setup_rate_limiter:104 | Rate limiting middleware aktif ✅
2025-12-22 09:10:10 | INFO     | __main__ | lifespan:31 | ElektrAize API baslatiliyor...
2025-12-22 09:10:10 | INFO     | __main__ | lifespan:32 | ============================================================
2025-12-22 09:10:10 | INFO     | __main__ | lifespan:33 | Tum modeller yukleniyor...
2025-12-22 09:10:10 | INFO     | __main__ | lifespan:34 | ============================================================
2025-12-22 09:10:10 | INFO     | veri_cek | _initialize:402 | Supabase bağlantısı başarılı (SupabaseManager).
2025-12-22 09:10:10 | ERROR    | veri_cek | fetch_table:434 | genel_elektrik çekilemedi: [Errno 11001] getaddrinfo failed
2025-12-22 09:10:10 | INFO     | veri_cek | fetch_tables:470 | genel_elektrik tablosu yüklendi -> (0, 0)
2025-12-22 09:10:10 | ERROR    | veri_cek | fetch_table:434 | weather çekilemedi: [Errno 11001] getaddrinfo failed
2025-12-22 09:10:10 | INFO     | veri_cek | fetch_tables:470 | weather tablosu yüklendi -> (0, 0)
2025-12-22 09:10:10 | ERROR    | veri_cek | fetch_table:434 | nufus çekilemedi: [Errno 11001] getaddrinfo failed
2025-12-22 09:10:10 | INFO     | veri_cek | fetch_tables:470 | nufus tablosu yüklendi -> (0, 0)
2025-12-22 09:10:10 | ERROR    | veri_cek | fetch_table:434 | hizmet çekilemedi: [Errno 11001] getaddrinfo failed
2025-12-22 09:10:10 | INFO     | veri_cek | fetch_tables:470 | hizmet tablosu yüklendi -> (0, 0)
2025-12-22 09:10:10 | ERROR    | veri_cek | fetch_table:434 | train_2022_2023 çekilemedi: [Errno 11001] getaddrinfo failed
2025-12-22 09:10:10 | INFO     | veri_cek | fetch_tables:470 | train_2022_2023 tablosu yüklendi -> (0, 0)
2025-12-22 09:10:10 | ERROR    | veri_cek | fetch_table:434 | test_2024_2025 çekilemedi: [Errno 11001] getaddrinfo failed
2025-12-22 09:10:10 | INFO     | veri_cek | fetch_tables:470 | test_2024_2025 tablosu yüklendi -> (0, 0)
2025-12-22 09:10:10 | ERROR    | veri_cek | build_train_test_frames:489 | Train veya test verisi boş!
2025-12-22 09:10:10 | ERROR    | veri_cek | get_processed_data:534 | Veri işleme hatası: Eğitim veya test verisi boş!
2025-12-22 09:10:10 | ERROR    | veri_cek | fetch_table:434 | genel_elektrik çekilemedi: [Errno 11001] getaddrinfo failed
2025-12-22 09:10:10 | INFO     | veri_cek | fetch_tables:470 | genel_elektrik tablosu yüklendi -> (0, 0)
2025-12-22 09:10:10 | ERROR    | veri_cek | fetch_table:434 | weather çekilemedi: [Errno 11001] getaddrinfo failed
2025-12-22 09:10:10 | INFO     | veri_cek | fetch_tables:470 | weather tablosu yüklendi -> (0, 0)
2025-12-22 09:10:10 | ERROR    | veri_cek | fetch_table:434 | nufus çekilemedi: [Errno 11001] getaddrinfo failed
2025-12-22 09:10:10 | INFO     | veri_cek | fetch_tables:470 | nufus tablosu yüklendi -> (0, 0)
2025-12-22 09:10:10 | ERROR    | veri_cek | fetch_table:434 | hizmet çekilemedi: [Errno 11001] getaddrinfo failed
2025-12-22 09:10:10 | INFO     | veri_cek | fetch_tables:470 | hizmet tablosu yüklendi -> (0, 0)
2025-12-22 09:10:10 | ERROR    | veri_cek | fetch_table:434 | train_2022_2023 çekilemedi: [Errno 11001] getaddrinfo failed
2025-12-22 09:10:10 | INFO     | veri_cek | fetch_tables:470 | train_2022_2023 tablosu yüklendi -> (0, 0)
2025-12-22 09:10:10 | ERROR    | veri_cek | fetch_table:434 | test_2024_2025 çekilemedi: [Errno 11001] getaddrinfo failed
2025-12-22 09:10:10 | INFO     | veri_cek | fetch_tables:470 | test_2024_2025 tablosu yüklendi -> (0, 0)
2025-12-22 09:10:10 | ERROR    | veri_cek | build_train_test_frames:489 | Train veya test verisi boş!
2025-12-22 09:10:10 | ERROR    | veri_cek | get_processed_data:534 | Veri işleme hatası: Eğitim veya test verisi boş!
2025-12-22 09:10:10 | ERROR    | veri_cek | fetch_table:434 | genel_elektrik çekilemedi: [Errno 11001] getaddrinfo failed
2025-12-22 09:10:10 | INFO     | veri_cek | fetch_tables:470 | genel_elektrik tablosu yüklendi -> (0, 0)
2025-12-22 09:10:10 | ERROR    | veri_cek | fetch_table:434 | weather çekilemedi: [Errno 11001] getaddrinfo failed
2025-12-22 09:10:10 | INFO     | veri_cek | fetch_tables:470 | weather tablosu yüklendi -> (0, 0)
2025-12-22 09:10:10 | ERROR    | veri_cek | fetch_table:434 | nufus çekilemedi: [Errno 11001] getaddrinfo failed
2025-12-22 09:10:10 | INFO     | veri_cek | fetch_tables:470 | nufus tablosu yüklendi -> (0, 0)
2025-12-22 09:10:10 | ERROR    | veri_cek | fetch_table:434 | hizmet çekilemedi: [Errno 11001] getaddrinfo failed
2025-12-22 09:10:10 | INFO     | veri_cek | fetch_tables:470 | hizmet tablosu yüklendi -> (0, 0)
2025-12-22 09:10:10 | ERROR    | veri_cek | fetch_table:434 | train_2022_2023 çekilemedi: [Errno 11001] getaddrinfo failed
2025-12-22 09:10:10 | INFO     | veri_cek | fetch_tables:470 | train_2022_2023 tablosu yüklendi -> (0, 0)
2025-12-22 09:10:10 | ERROR    | veri_cek | fetch_table:434 | test_2024_2025 çekilemedi: [Errno 11001] getaddrinfo failed
2025-12-22 09:10:10 | INFO     | veri_cek | fetch_tables:470 | test_2024_2025 tablosu yüklendi -> (0, 0)
2025-12-22 09:10:10 | ERROR    | veri_cek | build_train_test_frames:489 | Train veya test verisi boş!
2025-12-22 09:10:10 | ERROR    | veri_cek | get_processed_data:534 | Veri işleme hatası: Eğitim veya test verisi boş!
2025-12-22 09:10:10 | ERROR    | veri_cek | fetch_table:434 | genel_elektrik çekilemedi: [Errno 11001] getaddrinfo failed
2025-12-22 09:10:10 | INFO     | veri_cek | fetch_tables:470 | genel_elektrik tablosu yüklendi -> (0, 0)
2025-12-22 09:10:10 | ERROR    | veri_cek | fetch_table:434 | weather çekilemedi: [Errno 11001] getaddrinfo failed
2025-12-22 09:10:10 | INFO     | veri_cek | fetch_tables:470 | weather tablosu yüklendi -> (0, 0)
2025-12-22 09:10:10 | ERROR    | veri_cek | fetch_table:434 | nufus çekilemedi: [Errno 11001] getaddrinfo failed
2025-12-22 09:10:10 | INFO     | veri_cek | fetch_tables:470 | nufus tablosu yüklendi -> (0, 0)
2025-12-22 09:10:10 | ERROR    | veri_cek | fetch_table:434 | hizmet çekilemedi: [Errno 11001] getaddrinfo failed
2025-12-22 09:10:10 | INFO     | veri_cek | fetch_tables:470 | hizmet tablosu yüklendi -> (0, 0)
2025-12-22 09:10:10 | ERROR    | veri_cek | fetch_table:434 | train_2022_2023 çekilemedi: [Errno 11001] getaddrinfo failed
2025-12-22 09:10:10 | INFO     | veri_cek | fetch_tables:470 | train_2022_2023 tablosu yüklendi -> (0, 0)
2025-12-22 09:10:10 | ERROR    | veri_cek | fetch_table:434 | test_2024_2025 çekilemedi: [Errno 11001] getaddrinfo failed
2025-12-22 09:10:10 | INFO     | veri_cek | fetch_tables:470 | test_2024_2025 tablosu yüklendi -> (0, 0)
2025-12-22 09:10:10 | ERROR    | veri_cek | build_train_test_frames:489 | Train veya test verisi boş!
2025-12-22 09:10:10 | ERROR    | veri_cek | get_processed_data:534 | Veri işleme hatası: Eğitim veya test verisi boş!
2025-12-22 09:10:10 | ERROR    | veri_cek | fetch_table:434 | genel_elektrik çekilemedi: [Errno 11001] getaddrinfo failed
2025-12-22 09:10:10 | INFO     | veri_cek | fetch_tables:470 | genel_elektrik tablosu yüklendi -> (0, 0)
2025-12-22 09:10:10 | ERROR    | veri_cek | fetch_table:434 | weather çekilemedi: [Errno 11001] getaddrinfo failed
2025-12-22 09:10:10 | INFO     | veri_cek | fetch_tables:470 | weather tablosu yüklendi -> (0, 0)
2025-12-22 09:10:10 | ERROR    | veri_cek | fetch_table:434 | nufus çekilemedi: [Errno 11001] getaddrinfo failed
2025-12-22 09:10:10 | INFO     | veri_cek | fetch_tables:470 | nufus tablosu yüklendi -> (0, 0)
2025-12-22 09:10:10 | ERROR    | veri_cek | fetch_table:434 | hizmet çekilemedi: [Errno 11001] getaddrinfo failed
2025-12-22 09:10:10 | INFO     | veri_cek | fetch_tables:470 | hizmet tablosu yüklendi -> (0, 0)
2025-12-22 09:10:10 | ERROR    | veri_cek | fetch_table:434 | train_2022_2023 çekilemedi: [Errno 11001] getaddrinfo failed
2025-12-22 09:10:10 | INFO     | veri_cek | fetch_tables:470 | train_2022_2023 tablosu yüklendi -> (0, 0)
2025-12-22 09:10:10 | ERROR    | veri_cek | fetch_table:434 | test_2024_2025 çekilemedi: [Errno 11001] getaddrinfo failed
2025-12-22 09:10:10 | INFO     | veri_cek | fetch_tables:470 | test_2024_2025 tablosu yüklendi -> (0, 0)
2025-12-22 09:10:10 | ERROR    | veri_cek | build_train_test_frames:489 | Train veya test verisi boş!
2025-12-22 09:10:10 | ERROR    | veri_cek | get_processed_data:534 | Veri işleme hatası: Eğitim veya test verisi boş!
2025-12-22 09:10:10 | ERROR    | veri_cek | fetch_table:434 | genel_elektrik çekilemedi: [Errno 11001] getaddrinfo failed
2025-12-22 09:10:10 | INFO     | veri_cek | fetch_tables:470 | genel_elektrik tablosu yüklendi -> (0, 0)
2025-12-22 09:10:10 | ERROR    | veri_cek | fetch_table:434 | weather çekilemedi: [Errno 11001] getaddrinfo failed
2025-12-22 09:10:10 | INFO     | veri_cek | fetch_tables:470 | weather tablosu yüklendi -> (0, 0)
2025-12-22 09:10:10 | ERROR    | veri_cek | fetch_table:434 | nufus çekilemedi: [Errno 11001] getaddrinfo failed
2025-12-22 09:10:10 | INFO     | veri_cek | fetch_tables:470 | nufus tablosu yüklendi -> (0, 0)
2025-12-22 09:10:10 | ERROR    | veri_cek | fetch_table:434 | hizmet çekilemedi: [Errno 11001] getaddrinfo failed
2025-12-22 09:10:10 | INFO     | veri_cek | fetch_tables:470 | hizmet tablosu yüklendi -> (0, 0)
2025-12-22 09:10:10 | ERROR    | veri_cek | fetch_table:434 | train_2022_2023 çekilemedi: [Errno 11001] getaddrinfo failed
2025-12-22 09:10:10 | INFO     | veri_cek | fetch_tables:470 | train_2022_2023 tablosu yüklendi -> (0, 0)
2025-12-22 09:10:10 | ERROR    | veri_cek | fetch_table:434 | test_2024_2025 çekilemedi: [Errno 11001] getaddrinfo failed
2025-12-22 09:10:10 | INFO     | veri_cek | fetch_tables:470 | test_2024_2025 tablosu yüklendi -> (0, 0)
2025-12-22 09:10:10 | ERROR    | veri_cek | build_train_test_frames:489 | Train veya test verisi boş!
2025-12-22 09:10:10 | ERROR    | veri_cek | get_processed_data:534 | Veri işleme hatası: Eğitim veya test verisi boş!
2025-12-22 09:10:10 | ERROR    | veri_cek | fetch_table:434 | genel_elektrik çekilemedi: [Errno 11001] getaddrinfo failed
2025-12-22 09:10:10 | INFO     | veri_cek | fetch_tables:470 | genel_elektrik tablosu yüklendi -> (0, 0)
2025-12-22 09:10:10 | ERROR    | veri_cek | fetch_table:434 | weather çekilemedi: [Errno 11001] getaddrinfo failed
2025-12-22 09:10:10 | INFO     | veri_cek | fetch_tables:470 | weather tablosu yüklendi -> (0, 0)
2025-12-22 09:10:10 | ERROR    | veri_cek | fetch_table:434 | nufus çekilemedi: [Errno 11001] getaddrinfo failed
2025-12-22 09:10:10 | INFO     | veri_cek | fetch_tables:470 | nufus tablosu yüklendi -> (0, 0)
2025-12-22 09:10:10 | ERROR    | veri_cek | fetch_table:434 | hizmet çekilemedi: [Errno 11001] getaddrinfo failed
2025-12-22 09:10:10 | INFO     | veri_cek | fetch_tables:470 | hizmet tablosu yüklendi -> (0, 0)
2025-12-22 09:10:10 | ERROR    | veri_cek | fetch_table:434 | train_2022_2023 çekilemedi: [Errno 11001] getaddrinfo failed
2025-12-22 09:10:10 | INFO     | veri_cek | fetch_tables:470 | train_2022_2023 tablosu yüklendi -> (0, 0)
2025-12-22 09:10:10 | ERROR    | veri_cek | fetch_table:434 | test_2024_2025 çekilemedi: [Errno 11001] getaddrinfo failed
2025-12-22 09:10:10 | INFO     | veri_cek | fetch_tables:470 | test_2024_2025 tablosu yüklendi -> (0, 0)
2025-12-22 09:10:10 | ERROR    | veri_cek | build_train_test_frames:489 | Train veya test verisi boş!
2025-12-22 09:10:10 | ERROR    | veri_cek | get_processed_data:534 | Veri işleme hatası: Eğitim veya test verisi boş!
2025-12-22 09:10:10 | INFO     | __main__ | lifespan:36 | ElektrAize API hazir!
2025-12-22 09:12:34 | INFO     | __main__ | lifespan:38 | ElektrAize API kapatiliyor...
2025-12-22 09:12:49 | WARNING  | rate_limiter | <module>:57 | Redis bağlantısı başarısız, in-memory kullanılacak: Timeout connecting to server
2025-12-22 09:12:49 | INFO     | rate_limiter | setup_rate_limiter:104 | Rate limiting middleware aktif ✅
2025-12-22 09:12:49 | INFO     | __main__ | lifespan:31 | ElektrAize API baslatiliyor...
2025-12-22 09:12:49 | INFO     | __main__ | lifespan:32 | ============================================================
2025-12-22 09:12:49 | INFO     | __main__ | lifespan:33 | Tum modeller yukleniyor...
2025-12-22 09:12:49 | INFO     | __main__ | lifespan:34 | ============================================================
2025-12-22 09:12:49 | INFO     | veri_cek | _initialize:402 | Supabase bağlantısı başarılı (SupabaseManager).
2025-12-22 09:12:49 | ERROR    | veri_cek | fetch_table:434 | genel_elektrik çekilemedi: [Errno 11001] getaddrinfo failed
2025-12-22 09:12:49 | INFO     | veri_cek | fetch_tables:470 | genel_elektrik tablosu yüklendi -> (0, 0)
2025-12-22 09:12:49 | ERROR    | veri_cek | fetch_table:434 | weather çekilemedi: [Errno 11001] getaddrinfo failed
2025-12-22 09:12:49 | INFO     | veri_cek | fetch_tables:470 | weather tablosu yüklendi -> (0, 0)
2025-12-22 09:12:49 | ERROR    | veri_cek | fetch_table:434 | nufus çekilemedi: [Errno 11001] getaddrinfo failed
2025-12-22 09:12:49 | INFO     | veri_cek | fetch_tables:470 | nufus tablosu yüklendi -> (0, 0)
2025-12-22 09:12:49 | ERROR    | veri_cek | fetch_table:434 | hizmet çekilemedi: [Errno 11001] getaddrinfo failed
2025-12-22 09:12:49 | INFO     | veri_cek | fetch_tables:470 | hizmet tablosu yüklendi -> (0, 0)
2025-12-22 09:12:49 | ERROR    | veri_cek | fetch_table:434 | train_2022_2023 çekilemedi: [Errno 11001] getaddrinfo failed
2025-12-22 09:12:49 | INFO     | veri_cek | fetch_tables:470 | train_2022_2023 tablosu yüklendi -> (0, 0)
2025-12-22 09:12:49 | ERROR    | veri_cek | fetch_table:434 | test_2024_2025 çekilemedi: [Errno 11001] getaddrinfo failed
2025-12-22 09:12:49 | INFO     | veri_cek | fetch_tables:470 | test_2024_2025 tablosu yüklendi -> (0, 0)
2025-12-22 09:12:49 | ERROR    | veri_cek | build_train_test_frames:489 | Train veya test verisi boş!
2025-12-22 09:12:49 | ERROR    | veri_cek | get_processed_data:534 | Veri işleme hatası: Eğitim veya test verisi boş!
2025-12-22 09:12:49 | ERROR    | veri_cek | fetch_table:434 | genel_elektrik çekilemedi: [Errno 11001] getaddrinfo failed
2025-12-22 09:12:49 | INFO     | veri_cek | fetch_tables:470 | genel_elektrik tablosu yüklendi -> (0, 0)
2025-12-22 09:12:49 | ERROR    | veri_cek | fetch_table:434 | weather çekilemedi: [Errno 11001] getaddrinfo failed
2025-12-22 09:12:49 | INFO     | veri_cek | fetch_tables:470 | weather tablosu yüklendi -> (0, 0)
2025-12-22 09:12:49 | ERROR    | veri_cek | fetch_table:434 | nufus çekilemedi: [Errno 11001] getaddrinfo failed
2025-12-22 09:12:49 | INFO     | veri_cek | fetch_tables:470 | nufus tablosu yüklendi -> (0, 0)
2025-12-22 09:12:49 | ERROR    | veri_cek | fetch_table:434 | hizmet çekilemedi: [Errno 11001] getaddrinfo failed
2025-12-22 09:12:49 | INFO     | veri_cek | fetch_tables:470 | hizmet tablosu yüklendi -> (0, 0)
2025-12-22 09:12:49 | ERROR    | veri_cek | fetch_table:434 | train_2022_2023 çekilemedi: [Errno 11001] getaddrinfo failed
2025-12-22 09:12:49 | INFO     | veri_cek | fetch_tables:470 | train_2022_2023 tablosu yüklendi -> (0, 0)
2025-12-22 09:12:49 | ERROR    | veri_cek | fetch_table:434 | test_2024_2025 çekilemedi: [Errno 11001] getaddrinfo failed
2025-12-22 09:12:49 | INFO     | veri_cek | fetch_tables:470 | test_2024_2025 tablosu yüklendi -> (0, 0)
2025-12-22 09:12:49 | ERROR    | veri_cek | build_train_test_frames:489 | Train veya test verisi boş!
2025-12-22 09:12:49 | ERROR    | veri_cek | get_processed_data:534 | Veri işleme hatası: Eğitim veya test verisi boş!
2025-12-22 09:12:49 | ERROR    | veri_cek | fetch_table:434 | genel_elektrik çekilemedi: [Errno 11001] getaddrinfo failed
2025-12-22 09:12:49 | INFO     | veri_cek | fetch_tables:470 | genel_elektrik tablosu yüklendi -> (0, 0)
2025-12-22 09:12:49 | ERROR    | veri_cek | fetch_table:434 | weather çekilemedi: [Errno 11001] getaddrinfo failed
2025-12-22 09:12:49 | INFO     | veri_cek | fetch_tables:470 | weather tablosu yüklendi -> (0, 0)
2025-12-22 09:12:49 | ERROR    | veri_cek | fetch_table:434 | nufus çekilemedi: [Errno 11001] getaddrinfo failed
2025-12-22 09:12:49 | INFO     | veri_cek | fetch_tables:470 | nufus tablosu yüklendi -> (0, 0)
2025-12-22 09:12:49 | ERROR    | veri_cek | fetch_table:434 | hizmet çekilemedi: [Errno 11001] getaddrinfo failed
2025-12-22 09:12:49 | INFO     | veri_cek | fetch_tables:470 | hizmet tablosu yüklendi -> (0, 0)
2025-12-22 09:12:49 | ERROR    | veri_cek | fetch_table:434 | train_2022_2023 çekilemedi: [Errno 11001] getaddrinfo failed
2025-12-22 09:12:49 | INFO     | veri_cek | fetch_tables:470 | train_2022_2023 tablosu yüklendi -> (0, 0)
2025-12-22 09:12:49 | ERROR    | veri_cek | fetch_table:434 | test_2024_2025 çekilemedi: [Errno 11001] getaddrinfo failed
2025-12-22 09:12:49 | INFO     | veri_cek | fetch_tables:470 | test_2024_2025 tablosu yüklendi -> (0, 0)
2025-12-22 09:12:49 | ERROR    | veri_cek | build_train_test_frames:489 | Train veya test verisi boş!
2025-12-22 09:12:49 | ERROR    | veri_cek | get_processed_data:534 | Veri işleme hatası: Eğitim veya test verisi boş!
2025-12-22 09:12:49 | ERROR    | veri_cek | fetch_table:434 | genel_elektrik çekilemedi: [Errno 11001] getaddrinfo failed
2025-12-22 09:12:49 | INFO     | veri_cek | fetch_tables:470 | genel_elektrik tablosu yüklendi -> (0, 0)
2025-12-22 09:12:49 | ERROR    | veri_cek | fetch_table:434 | weather çekilemedi: [Errno 11001] getaddrinfo failed
2025-12-22 09:12:49 | INFO     | veri_cek | fetch_tables:470 | weather tablosu yüklendi -> (0, 0)
2025-12-22 09:12:49 | ERROR    | veri_cek | fetch_table:434 | nufus çekilemedi: [Errno 11001] getaddrinfo failed
2025-12-22 09:12:49 | INFO     | veri_cek | fetch_tables:470 | nufus tablosu yüklendi -> (0, 0)
2025-12-22 09:12:49 | ERROR    | veri_cek | fetch_table:434 | hizmet çekilemedi: [Errno 11001] getaddrinfo failed
2025-12-22 09:12:49 | INFO     | veri_cek | fetch_tables:470 | hizmet tablosu yüklendi -> (0, 0)
2025-12-22 09:12:49 | ERROR    | veri_cek | fetch_table:434 | train_2022_2023 çekilemedi: [Errno 11001] getaddrinfo failed
2025-12-22 09:12:49 | INFO     | veri_cek | fetch_tables:470 | train_2022_2023 tablosu yüklendi -> (0, 0)
2025-12-22 09:12:49 | ERROR    | veri_cek | fetch_table:434 | test_2024_2025 çekilemedi: [Errno 11001] getaddrinfo failed
2025-12-22 09:12:49 | INFO     | veri_cek | fetch_tables:470 | test_2024_2025 tablosu yüklendi -> (0, 0)
2025-12-22 09:12:49 | ERROR    | veri_cek | build_train_test_frames:489 | Train veya test verisi boş!
2025-12-22 09:12:49 | ERROR    | veri_cek | get_processed_data:534 | Veri işleme hatası: Eğitim veya test verisi boş!
2025-12-22 09:12:49 | ERROR    | veri_cek | fetch_table:434 | genel_elektrik çekilemedi: [Errno 11001] getaddrinfo failed
2025-12-22 09:12:49 | INFO     | veri_cek | fetch_tables:470 | genel_elektrik tablosu yüklendi -> (0, 0)
2025-12-22 09:12:49 | ERROR    | veri_cek | fetch_table:434 | weather çekilemedi: [Errno 11001] getaddrinfo failed
2025-12-22 09:12:49 | INFO     | veri_cek | fetch_tables:470 | weather tablosu yüklendi -> (0, 0)
2025-12-22 09:12:49 | ERROR    | veri_cek | fetch_table:434 | nufus çekilemedi: [Errno 11001] getaddrinfo failed
2025-12-22 09:12:49 | INFO     | veri_cek | fetch_tables:470 | nufus tablosu yüklendi -> (0, 0)
2025-12-22 09:12:49 | ERROR    | veri_cek | fetch_table:434 | hizmet çekilemedi: [Errno 11001] getaddrinfo failed
2025-12-22 09:12:49 | INFO     | veri_cek | fetch_tables:470 | hizmet tablosu yüklendi -> (0, 0)
2025-12-22 09:12:49 | ERROR    | veri_cek | fetch_table:434 | train_2022_2023 çekilemedi: [Errno 11001] getaddrinfo failed
2025-12-22 09:12:49 | INFO     | veri_cek | fetch_tables:470 | train_2022_2023 tablosu yüklendi -> (0, 0)
2025-12-22 09:12:49 | ERROR    | veri_cek | fetch_table:434 | test_2024_2025 çekilemedi: [Errno 11001] getaddrinfo failed
2025-12-22 09:12:49 | INFO     | veri_cek | fetch_tables:470 | test_2024_2025 tablosu yüklendi -> (0, 0)
2025-12-22 09:12:49 | ERROR    | veri_cek | build_train_test_frames:489 | Train veya test verisi boş!
2025-12-22 09:12:49 | ERROR    | veri_cek | get_processed_data:534 | Veri işleme hatası: Eğitim veya test verisi boş!
2025-12-22 09:12:49 | ERROR    | veri_cek | fetch_table:434 | genel_elektrik çekilemedi: [Errno 11001] getaddrinfo failed
2025-12-22 09:12:49 | INFO     | veri_cek | fetch_tables:470 | genel_elektrik tablosu yüklendi -> (0, 0)
2025-12-22 09:12:49 | ERROR    | veri_cek | fetch_table:434 | weather çekilemedi: [Errno 11001] getaddrinfo failed
2025-12-22 09:12:49 | INFO     | veri_cek | fetch_tables:470 | weather tablosu yüklendi -> (0, 0)
2025-12-22 09:12:49 | ERROR    | veri_cek | fetch_table:434 | nufus çekilemedi: [Errno 11001] getaddrinfo failed
2025-12-22 09:12:49 | INFO     | veri_cek | fetch_tables:470 | nufus tablosu yüklendi -> (0, 0)
2025-12-22 09:12:49 | ERROR    | veri_cek | fetch_table:434 | hizmet çekilemedi: [Errno 11001] getaddrinfo failed
2025-12-22 09:12:49 | INFO     | veri_cek | fetch_tables:470 | hizmet tablosu yüklendi -> (0, 0)
2025-12-22 09:12:49 | ERROR    | veri_cek | fetch_table:434 | train_2022_2023 çekilemedi: [Errno 11001] getaddrinfo failed
2025-12-22 09:12:49 | INFO     | veri_cek | fetch_tables:470 | train_2022_2023 tablosu yüklendi -> (0, 0)
2025-12-22 09:12:49 | ERROR    | veri_cek | fetch_table:434 | test_2024_2025 çekilemedi: [Errno 11001] getaddrinfo failed
2025-12-22 09:12:49 | INFO     | veri_cek | fetch_tables:470 | test_2024_2025 tablosu yüklendi -> (0, 0)
2025-12-22 09:12:49 | ERROR    | veri_cek | build_train_test_frames:489 | Train veya test verisi boş!
2025-12-22 09:12:49 | ERROR    | veri_cek | get_processed_data:534 | Veri işleme hatası: Eğitim veya test verisi boş!
2025-12-22 09:12:49 | ERROR    | veri_cek | fetch_table:434 | genel_elektrik çekilemedi: [Errno 11001] getaddrinfo failed
2025-12-22 09:12:49 | INFO     | veri_cek | fetch_tables:470 | genel_elektrik tablosu yüklendi -> (0, 0)
2025-12-22 09:12:49 | ERROR    | veri_cek | fetch_table:434 | weather çekilemedi: [Errno 11001] getaddrinfo failed
2025-12-22 09:12:49 | INFO     | veri_cek | fetch_tables:470 | weather tablosu yüklendi -> (0, 0)
2025-12-22 09:12:49 | ERROR    | veri_cek | fetch_table:434 | nufus çekilemedi: [Errno 11001] getaddrinfo failed
2025-12-22 09:12:49 | INFO     | veri_cek | fetch_tables:470 | nufus tablosu yüklendi -> (0, 0)
2025-12-22 09:12:49 | ERROR    | veri_cek | fetch_table:434 | hizmet çekilemedi: [Errno 11001] getaddrinfo failed
2025-12-22 09:12:49 | INFO     | veri_cek | fetch_tables:470 | hizmet tablosu yüklendi -> (0, 0)
2025-12-22 09:12:49 | ERROR    | veri_cek | fetch_table:434 | train_2022_2023 çekilemedi: [Errno 11001] getaddrinfo failed
2025-12-22 09:12:49 | INFO     | veri_cek | fetch_tables:470 | train_2022_2023 tablosu yüklendi -> (0, 0)
2025-12-22 09:12:49 | ERROR    | veri_cek | fetch_table:434 | test_2024_2025 çekilemedi: [Errno 11001] getaddrinfo failed
2025-12-22 09:12:49 | INFO     | veri_cek | fetch_tables:470 | test_2024_2025 tablosu yüklendi -> (0, 0)
2025-12-22 09:12:49 | ERROR    | veri_cek | build_train_test_frames:489 | Train veya test verisi boş!
2025-12-22 09:12:49 | ERROR    | veri_cek | get_processed_data:534 | Veri işleme hatası: Eğitim veya test verisi boş!
2025-12-22 09:12:49 | INFO     | __main__ | lifespan:36 | ElektrAize API hazir!
2025-12-22 09:17:14 | ERROR    | error_handlers | http_exception_handler:9 | HTTP error occurred: Hiçbir model yüklenmemiş. Backend başlatılırken modeller yüklenmeye çalışıldı ama başarısız oldu.
2025-12-22 09:17:14 | ERROR    | error_handlers | http_exception_handler:9 | HTTP error occurred: Hiçbir model yüklenmemiş. Backend başlatılırken modeller yüklenmeye çalışıldı ama başarısız oldu.
2025-12-22 09:17:14 | ERROR    | error_handlers | http_exception_handler:9 | HTTP error occurred: Hiçbir model yüklenmemiş. Backend başlatılırken modeller yüklenmeye çalışıldı ama başarısız oldu.
2025-12-22 09:17:14 | ERROR    | error_handlers | http_exception_handler:9 | HTTP error occurred: Hiçbir model yüklenmemiş. Backend başlatılırken modeller yüklenmeye çalışıldı ama başarısız oldu.
2025-12-22 09:17:14 | ERROR    | error_handlers | http_exception_handler:9 | HTTP error occurred: Hiçbir model yüklenmemiş. Backend başlatılırken modeller yüklenmeye çalışıldı ama başarısız oldu.
2025-12-22 09:17:14 | ERROR    | error_handlers | http_exception_handler:9 | HTTP error occurred: Hiçbir model yüklenmemiş. Backend başlatılırken modeller yüklenmeye çalışıldı ama başarısız oldu.
2025-12-22 09:17:14 | ERROR    | error_handlers | http_exception_handler:9 | HTTP error occurred: Hiçbir model yüklenmemiş. Backend başlatılırken modeller yüklenmeye çalışıldı ama başarısız oldu.
2025-12-22 09:17:29 | ERROR    | error_handlers | http_exception_handler:9 | HTTP error occurred: Hiçbir model yüklenmemiş. Backend başlatılırken modeller yüklenmeye çalışıldı ama başarısız oldu.
2025-12-22 09:17:29 | ERROR    | error_handlers | http_exception_handler:9 | HTTP error occurred: Hiçbir model yüklenmemiş. Backend başlatılırken modeller yüklenmeye çalışıldı ama başarısız oldu.
2025-12-22 09:17:29 | ERROR    | error_handlers | http_exception_handler:9 | HTTP error occurred: Hiçbir model yüklenmemiş. Backend başlatılırken modeller yüklenmeye çalışıldı ama başarısız oldu.
2025-12-22 09:17:29 | ERROR    | error_handlers | http_exception_handler:9 | HTTP error occurred: Hiçbir model yüklenmemiş. Backend başlatılırken modeller yüklenmeye çalışıldı ama başarısız oldu.
2025-12-22 09:17:29 | ERROR    | error_handlers | http_exception_handler:9 | HTTP error occurred: Hiçbir model yüklenmemiş. Backend başlatılırken modeller yüklenmeye çalışıldı ama başarısız oldu.
2025-12-22 09:17:29 | ERROR    | error_handlers | http_exception_handler:9 | HTTP error occurred: Hiçbir model yüklenmemiş. Backend başlatılırken modeller yüklenmeye çalışıldı ama başarısız oldu.
2025-12-22 09:17:29 | ERROR    | error_handlers | http_exception_handler:9 | HTTP error occurred: Hiçbir model yüklenmemiş. Backend başlatılırken modeller yüklenmeye çalışıldı ama başarısız oldu.
2025-12-22 09:30:06 | INFO     | __main__ | lifespan:38 | ElektrAize API kapatiliyor...
2025-12-22 09:30:24 | WARNING  | rate_limiter | <module>:57 | Redis bağlantısı başarısız, in-memory kullanılacak: Timeout connecting to server
2025-12-22 09:30:24 | INFO     | rate_limiter | setup_rate_limiter:104 | Rate limiting middleware aktif ✅
2025-12-22 09:30:25 | INFO     | __main__ | lifespan:31 | ElektrAize API baslatiliyor...
2025-12-22 09:30:25 | INFO     | __main__ | lifespan:32 | ============================================================
2025-12-22 09:30:25 | INFO     | __main__ | lifespan:33 | Tum modeller yukleniyor...
2025-12-22 09:30:25 | INFO     | __main__ | lifespan:34 | ============================================================
2025-12-22 09:30:25 | INFO     | veri_cek | _initialize:402 | Supabase bağlantısı başarılı (SupabaseManager).
2025-12-22 09:30:25 | ERROR    | veri_cek | fetch_table:434 | genel_elektrik çekilemedi: [Errno 11001] getaddrinfo failed
2025-12-22 09:30:25 | INFO     | veri_cek | fetch_tables:470 | genel_elektrik tablosu yüklendi -> (0, 0)
2025-12-22 09:30:25 | ERROR    | veri_cek | fetch_table:434 | weather çekilemedi: [Errno 11001] getaddrinfo failed
2025-12-22 09:30:25 | INFO     | veri_cek | fetch_tables:470 | weather tablosu yüklendi -> (0, 0)
2025-12-22 09:30:25 | ERROR    | veri_cek | fetch_table:434 | nufus çekilemedi: [Errno 11001] getaddrinfo failed
2025-12-22 09:30:25 | INFO     | veri_cek | fetch_tables:470 | nufus tablosu yüklendi -> (0, 0)
2025-12-22 09:30:25 | ERROR    | veri_cek | fetch_table:434 | hizmet çekilemedi: [Errno 11001] getaddrinfo failed
2025-12-22 09:30:25 | INFO     | veri_cek | fetch_tables:470 | hizmet tablosu yüklendi -> (0, 0)
2025-12-22 09:30:25 | ERROR    | veri_cek | fetch_table:434 | train_2022_2023 çekilemedi: [Errno 11001] getaddrinfo failed
2025-12-22 09:30:25 | INFO     | veri_cek | fetch_tables:470 | train_2022_2023 tablosu yüklendi -> (0, 0)
2025-12-22 09:30:25 | ERROR    | veri_cek | fetch_table:434 | test_2024_2025 çekilemedi: [Errno 11001] getaddrinfo failed
2025-12-22 09:30:25 | INFO     | veri_cek | fetch_tables:470 | test_2024_2025 tablosu yüklendi -> (0, 0)
2025-12-22 09:30:25 | ERROR    | veri_cek | build_train_test_frames:489 | Train veya test verisi boş!
2025-12-22 09:30:25 | ERROR    | veri_cek | get_processed_data:534 | Veri işleme hatası: Eğitim veya test verisi boş!
2025-12-22 09:30:25 | ERROR    | veri_cek | fetch_table:434 | genel_elektrik çekilemedi: [Errno 11001] getaddrinfo failed
2025-12-22 09:30:25 | INFO     | veri_cek | fetch_tables:470 | genel_elektrik tablosu yüklendi -> (0, 0)
2025-12-22 09:30:25 | ERROR    | veri_cek | fetch_table:434 | weather çekilemedi: [Errno 11001] getaddrinfo failed
2025-12-22 09:30:25 | INFO     | veri_cek | fetch_tables:470 | weather tablosu yüklendi -> (0, 0)
2025-12-22 09:30:25 | ERROR    | veri_cek | fetch_table:434 | nufus çekilemedi: [Errno 11001] getaddrinfo failed
2025-12-22 09:30:25 | INFO     | veri_cek | fetch_tables:470 | nufus tablosu yüklendi -> (0, 0)
2025-12-22 09:30:25 | ERROR    | veri_cek | fetch_table:434 | hizmet çekilemedi: [Errno 11001] getaddrinfo failed
2025-12-22 09:30:25 | INFO     | veri_cek | fetch_tables:470 | hizmet tablosu yüklendi -> (0, 0)
2025-12-22 09:30:25 | ERROR    | veri_cek | fetch_table:434 | train_2022_2023 çekilemedi: [Errno 11001] getaddrinfo failed
2025-12-22 09:30:25 | INFO     | veri_cek | fetch_tables:470 | train_2022_2023 tablosu yüklendi -> (0, 0)
2025-12-22 09:30:25 | ERROR    | veri_cek | fetch_table:434 | test_2024_2025 çekilemedi: [Errno 11001] getaddrinfo failed
2025-12-22 09:30:25 | INFO     | veri_cek | fetch_tables:470 | test_2024_2025 tablosu yüklendi -> (0, 0)
2025-12-22 09:30:25 | ERROR    | veri_cek | build_train_test_frames:489 | Train veya test verisi boş!
2025-12-22 09:30:25 | ERROR    | veri_cek | get_processed_data:534 | Veri işleme hatası: Eğitim veya test verisi boş!
2025-12-22 09:30:25 | ERROR    | veri_cek | fetch_table:434 | genel_elektrik çekilemedi: [Errno 11001] getaddrinfo failed
2025-12-22 09:30:25 | INFO     | veri_cek | fetch_tables:470 | genel_elektrik tablosu yüklendi -> (0, 0)
2025-12-22 09:30:25 | ERROR    | veri_cek | fetch_table:434 | weather çekilemedi: [Errno 11001] getaddrinfo failed
2025-12-22 09:30:25 | INFO     | veri_cek | fetch_tables:470 | weather tablosu yüklendi -> (0, 0)
2025-12-22 09:30:25 | ERROR    | veri_cek | fetch_table:434 | nufus çekilemedi: [Errno 11001] getaddrinfo failed
2025-12-22 09:30:25 | INFO     | veri_cek | fetch_tables:470 | nufus tablosu yüklendi -> (0, 0)
2025-12-22 09:30:25 | ERROR    | veri_cek | fetch_table:434 | hizmet çekilemedi: [Errno 11001] getaddrinfo failed
2025-12-22 09:30:25 | INFO     | veri_cek | fetch_tables:470 | hizmet tablosu yüklendi -> (0, 0)
2025-12-22 09:30:25 | ERROR    | veri_cek | fetch_table:434 | train_2022_2023 çekilemedi: [Errno 11001] getaddrinfo failed
2025-12-22 09:30:25 | INFO     | veri_cek | fetch_tables:470 | train_2022_2023 tablosu yüklendi -> (0, 0)
2025-12-22 09:30:25 | ERROR    | veri_cek | fetch_table:434 | test_2024_2025 çekilemedi: [Errno 11001] getaddrinfo failed
2025-12-22 09:30:25 | INFO     | veri_cek | fetch_tables:470 | test_2024_2025 tablosu yüklendi -> (0, 0)
2025-12-22 09:30:25 | ERROR    | veri_cek | build_train_test_frames:489 | Train veya test verisi boş!
2025-12-22 09:30:25 | ERROR    | veri_cek | get_processed_data:534 | Veri işleme hatası: Eğitim veya test verisi boş!
2025-12-22 09:30:25 | ERROR    | veri_cek | fetch_table:434 | genel_elektrik çekilemedi: [Errno 11001] getaddrinfo failed
2025-12-22 09:30:25 | INFO     | veri_cek | fetch_tables:470 | genel_elektrik tablosu yüklendi -> (0, 0)
2025-12-22 09:30:25 | ERROR    | veri_cek | fetch_table:434 | weather çekilemedi: [Errno 11001] getaddrinfo failed
2025-12-22 09:30:25 | INFO     | veri_cek | fetch_tables:470 | weather tablosu yüklendi -> (0, 0)
2025-12-22 09:30:25 | ERROR    | veri_cek | fetch_table:434 | nufus çekilemedi: [Errno 11001] getaddrinfo failed
2025-12-22 09:30:25 | INFO     | veri_cek | fetch_tables:470 | nufus tablosu yüklendi -> (0, 0)
2025-12-22 09:30:25 | ERROR    | veri_cek | fetch_table:434 | hizmet çekilemedi: [Errno 11001] getaddrinfo failed
2025-12-22 09:30:25 | INFO     | veri_cek | fetch_tables:470 | hizmet tablosu yüklendi -> (0, 0)
2025-12-22 09:30:25 | ERROR    | veri_cek | fetch_table:434 | train_2022_2023 çekilemedi: [Errno 11001] getaddrinfo failed
2025-12-22 09:30:25 | INFO     | veri_cek | fetch_tables:470 | train_2022_2023 tablosu yüklendi -> (0, 0)
2025-12-22 09:30:25 | ERROR    | veri_cek | fetch_table:434 | test_2024_2025 çekilemedi: [Errno 11001] getaddrinfo failed
2025-12-22 09:30:25 | INFO     | veri_cek | fetch_tables:470 | test_2024_2025 tablosu yüklendi -> (0, 0)
2025-12-22 09:30:25 | ERROR    | veri_cek | build_train_test_frames:489 | Train veya test verisi boş!
2025-12-22 09:30:25 | ERROR    | veri_cek | get_processed_data:534 | Veri işleme hatası: Eğitim veya test verisi boş!
2025-12-22 09:30:25 | ERROR    | veri_cek | fetch_table:434 | genel_elektrik çekilemedi: [Errno 11001] getaddrinfo failed
2025-12-22 09:30:25 | INFO     | veri_cek | fetch_tables:470 | genel_elektrik tablosu yüklendi -> (0, 0)
2025-12-22 09:30:25 | ERROR    | veri_cek | fetch_table:434 | weather çekilemedi: [Errno 11001] getaddrinfo failed
2025-12-22 09:30:25 | INFO     | veri_cek | fetch_tables:470 | weather tablosu yüklendi -> (0, 0)
2025-12-22 09:30:25 | ERROR    | veri_cek | fetch_table:434 | nufus çekilemedi: [Errno 11001] getaddrinfo failed
2025-12-22 09:30:25 | INFO     | veri_cek | fetch_tables:470 | nufus tablosu yüklendi -> (0, 0)
2025-12-22 09:30:25 | ERROR    | veri_cek | fetch_table:434 | hizmet çekilemedi: [Errno 11001] getaddrinfo failed
2025-12-22 09:30:25 | INFO     | veri_cek | fetch_tables:470 | hizmet tablosu yüklendi -> (0, 0)
2025-12-22 09:30:25 | ERROR    | veri_cek | fetch_table:434 | train_2022_2023 çekilemedi: [Errno 11001] getaddrinfo failed
2025-12-22 09:30:25 | INFO     | veri_cek | fetch_tables:470 | train_2022_2023 tablosu yüklendi -> (0, 0)
2025-12-22 09:30:25 | ERROR    | veri_cek | fetch_table:434 | test_2024_2025 çekilemedi: [Errno 11001] getaddrinfo failed
2025-12-22 09:30:25 | INFO     | veri_cek | fetch_tables:470 | test_2024_2025 tablosu yüklendi -> (0, 0)
2025-12-22 09:30:25 | ERROR    | veri_cek | build_train_test_frames:489 | Train veya test verisi boş!
2025-12-22 09:30:25 | ERROR    | veri_cek | get_processed_data:534 | Veri işleme hatası: Eğitim veya test verisi boş!
2025-12-22 09:30:25 | ERROR    | veri_cek | fetch_table:434 | genel_elektrik çekilemedi: [Errno 11001] getaddrinfo failed
2025-12-22 09:30:25 | INFO     | veri_cek | fetch_tables:470 | genel_elektrik tablosu yüklendi -> (0, 0)
2025-12-22 09:30:25 | ERROR    | veri_cek | fetch_table:434 | weather çekilemedi: [Errno 11001] getaddrinfo failed
2025-12-22 09:30:25 | INFO     | veri_cek | fetch_tables:470 | weather tablosu yüklendi -> (0, 0)
2025-12-22 09:30:25 | ERROR    | veri_cek | fetch_table:434 | nufus çekilemedi: [Errno 11001] getaddrinfo failed
2025-12-22 09:30:25 | INFO     | veri_cek | fetch_tables:470 | nufus tablosu yüklendi -> (0, 0)
2025-12-22 09:30:25 | ERROR    | veri_cek | fetch_table:434 | hizmet çekilemedi: [Errno 11001] getaddrinfo failed
2025-12-22 09:30:25 | INFO     | veri_cek | fetch_tables:470 | hizmet tablosu yüklendi -> (0, 0)
2025-12-22 09:30:25 | ERROR    | veri_cek | fetch_table:434 | train_2022_2023 çekilemedi: [Errno 11001] getaddrinfo failed
2025-12-22 09:30:25 | INFO     | veri_cek | fetch_tables:470 | train_2022_2023 tablosu yüklendi -> (0, 0)
2025-12-22 09:30:25 | ERROR    | veri_cek | fetch_table:434 | test_2024_2025 çekilemedi: [Errno 11001] getaddrinfo failed
2025-12-22 09:30:25 | INFO     | veri_cek | fetch_tables:470 | test_2024_2025 tablosu yüklendi -> (0, 0)
2025-12-22 09:30:25 | ERROR    | veri_cek | build_train_test_frames:489 | Train veya test verisi boş!
2025-12-22 09:30:25 | ERROR    | veri_cek | get_processed_data:534 | Veri işleme hatası: Eğitim veya test verisi boş!
2025-12-22 09:30:25 | ERROR    | veri_cek | fetch_table:434 | genel_elektrik çekilemedi: [Errno 11001] getaddrinfo failed
2025-12-22 09:30:25 | INFO     | veri_cek | fetch_tables:470 | genel_elektrik tablosu yüklendi -> (0, 0)
2025-12-22 09:30:25 | ERROR    | veri_cek | fetch_table:434 | weather çekilemedi: [Errno 11001] getaddrinfo failed
2025-12-22 09:30:25 | INFO     | veri_cek | fetch_tables:470 | weather tablosu yüklendi -> (0, 0)
2025-12-22 09:30:25 | ERROR    | veri_cek | fetch_table:434 | nufus çekilemedi: [Errno 11001] getaddrinfo failed
2025-12-22 09:30:25 | INFO     | veri_cek | fetch_tables:470 | nufus tablosu yüklendi -> (0, 0)
2025-12-22 09:30:25 | ERROR    | veri_cek | fetch_table:434 | hizmet çekilemedi: [Errno 11001] getaddrinfo failed
2025-12-22 09:30:25 | INFO     | veri_cek | fetch_tables:470 | hizmet tablosu yüklendi -> (0, 0)
2025-12-22 09:30:25 | ERROR    | veri_cek | fetch_table:434 | train_2022_2023 çekilemedi: [Errno 11001] getaddrinfo failed
2025-12-22 09:30:25 | INFO     | veri_cek | fetch_tables:470 | train_2022_2023 tablosu yüklendi -> (0, 0)
2025-12-22 09:30:25 | ERROR    | veri_cek | fetch_table:434 | test_2024_2025 çekilemedi: [Errno 11001] getaddrinfo failed
2025-12-22 09:30:25 | INFO     | veri_cek | fetch_tables:470 | test_2024_2025 tablosu yüklendi -> (0, 0)
2025-12-22 09:30:25 | ERROR    | veri_cek | build_train_test_frames:489 | Train veya test verisi boş!
2025-12-22 09:30:25 | ERROR    | veri_cek | get_processed_data:534 | Veri işleme hatası: Eğitim veya test verisi boş!
2025-12-22 09:30:25 | INFO     | __main__ | lifespan:36 | ElektrAize API hazir!
2025-12-22 09:30:49 | ERROR    | error_handlers | http_exception_handler:9 | HTTP error occurred: Hiçbir model yüklenmemiş. Backend başlatılırken modeller yüklenmeye çalışıldı ama başarısız oldu.
2025-12-22 09:30:49 | ERROR    | error_handlers | http_exception_handler:9 | HTTP error occurred: Hiçbir model yüklenmemiş. Backend başlatılırken modeller yüklenmeye çalışıldı ama başarısız oldu.
2025-12-22 09:30:49 | ERROR    | error_handlers | http_exception_handler:9 | HTTP error occurred: Hiçbir model yüklenmemiş. Backend başlatılırken modeller yüklenmeye çalışıldı ama başarısız oldu.
2025-12-22 09:30:49 | ERROR    | error_handlers | http_exception_handler:9 | HTTP error occurred: Hiçbir model yüklenmemiş. Backend başlatılırken modeller yüklenmeye çalışıldı ama başarısız oldu.
2025-12-22 09:30:49 | ERROR    | error_handlers | http_exception_handler:9 | HTTP error occurred: Hiçbir model yüklenmemiş. Backend başlatılırken modeller yüklenmeye çalışıldı ama başarısız oldu.
2025-12-22 09:30:49 | ERROR    | error_handlers | http_exception_handler:9 | HTTP error occurred: Hiçbir model yüklenmemiş. Backend başlatılırken modeller yüklenmeye çalışıldı ama başarısız oldu.
2025-12-22 09:30:53 | ERROR    | error_handlers | http_exception_handler:9 | HTTP error occurred: Hiçbir model yüklenmemiş. Backend başlatılırken modeller yüklenmeye çalışıldı ama başarısız oldu.
2025-12-22 09:44:16 | WARNING  | rate_limiter | <module>:57 | Redis bağlantısı başarısız, in-memory kullanılacak: Timeout connecting to server
2025-12-22 09:44:16 | INFO     | rate_limiter | setup_rate_limiter:104 | Rate limiting middleware aktif ✅
2025-12-22 09:44:17 | INFO     | __main__ | lifespan:31 | ElektrAize API baslatiliyor...
2025-12-22 09:44:17 | INFO     | __main__ | lifespan:32 | ============================================================
2025-12-22 09:44:17 | INFO     | __main__ | lifespan:33 | Tum modeller yukleniyor...
2025-12-22 09:44:17 | INFO     | __main__ | lifespan:34 | ============================================================
2025-12-22 09:44:17 | INFO     | veri_cek | _initialize:402 | Supabase bağlantısı başarılı (SupabaseManager).
2025-12-22 09:44:17 | ERROR    | veri_cek | fetch_table:434 | genel_elektrik çekilemedi: [Errno 11001] getaddrinfo failed
2025-12-22 09:44:17 | INFO     | veri_cek | fetch_tables:470 | genel_elektrik tablosu yüklendi -> (0, 0)
2025-12-22 09:44:17 | ERROR    | veri_cek | fetch_table:434 | weather çekilemedi: [Errno 11001] getaddrinfo failed
2025-12-22 09:44:17 | INFO     | veri_cek | fetch_tables:470 | weather tablosu yüklendi -> (0, 0)
2025-12-22 09:44:17 | ERROR    | veri_cek | fetch_table:434 | nufus çekilemedi: [Errno 11001] getaddrinfo failed
2025-12-22 09:44:17 | INFO     | veri_cek | fetch_tables:470 | nufus tablosu yüklendi -> (0, 0)
2025-12-22 09:44:17 | ERROR    | veri_cek | fetch_table:434 | hizmet çekilemedi: [Errno 11001] getaddrinfo failed
2025-12-22 09:44:17 | INFO     | veri_cek | fetch_tables:470 | hizmet tablosu yüklendi -> (0, 0)
2025-12-22 09:44:17 | ERROR    | veri_cek | fetch_table:434 | train_2022_2023 çekilemedi: [Errno 11001] getaddrinfo failed
2025-12-22 09:44:17 | INFO     | veri_cek | fetch_tables:470 | train_2022_2023 tablosu yüklendi -> (0, 0)
2025-12-22 09:44:17 | ERROR    | veri_cek | fetch_table:434 | test_2024_2025 çekilemedi: [Errno 11001] getaddrinfo failed
2025-12-22 09:44:17 | INFO     | veri_cek | fetch_tables:470 | test_2024_2025 tablosu yüklendi -> (0, 0)
2025-12-22 09:44:17 | ERROR    | veri_cek | build_train_test_frames:489 | Train veya test verisi boş!
2025-12-22 09:44:17 | ERROR    | veri_cek | get_processed_data:534 | Veri işleme hatası: Eğitim veya test verisi boş!
2025-12-22 09:44:17 | ERROR    | veri_cek | fetch_table:434 | genel_elektrik çekilemedi: [Errno 11001] getaddrinfo failed
2025-12-22 09:44:17 | INFO     | veri_cek | fetch_tables:470 | genel_elektrik tablosu yüklendi -> (0, 0)
2025-12-22 09:44:17 | ERROR    | veri_cek | fetch_table:434 | weather çekilemedi: [Errno 11001] getaddrinfo failed
2025-12-22 09:44:17 | INFO     | veri_cek | fetch_tables:470 | weather tablosu yüklendi -> (0, 0)
2025-12-22 09:44:17 | ERROR    | veri_cek | fetch_table:434 | nufus çekilemedi: [Errno 11001] getaddrinfo failed
2025-12-22 09:44:17 | INFO     | veri_cek | fetch_tables:470 | nufus tablosu yüklendi -> (0, 0)
2025-12-22 09:44:17 | ERROR    | veri_cek | fetch_table:434 | hizmet çekilemedi: [Errno 11001] getaddrinfo failed
2025-12-22 09:44:17 | INFO     | veri_cek | fetch_tables:470 | hizmet tablosu yüklendi -> (0, 0)
2025-12-22 09:44:17 | ERROR    | veri_cek | fetch_table:434 | train_2022_2023 çekilemedi: [Errno 11001] getaddrinfo failed
2025-12-22 09:44:17 | INFO     | veri_cek | fetch_tables:470 | train_2022_2023 tablosu yüklendi -> (0, 0)
2025-12-22 09:44:17 | ERROR    | veri_cek | fetch_table:434 | test_2024_2025 çekilemedi: [Errno 11001] getaddrinfo failed
2025-12-22 09:44:17 | INFO     | veri_cek | fetch_tables:470 | test_2024_2025 tablosu yüklendi -> (0, 0)
2025-12-22 09:44:17 | ERROR    | veri_cek | build_train_test_frames:489 | Train veya test verisi boş!
2025-12-22 09:44:17 | ERROR    | veri_cek | get_processed_data:534 | Veri işleme hatası: Eğitim veya test verisi boş!
2025-12-22 09:44:17 | ERROR    | veri_cek | fetch_table:434 | genel_elektrik çekilemedi: [Errno 11001] getaddrinfo failed
2025-12-22 09:44:17 | INFO     | veri_cek | fetch_tables:470 | genel_elektrik tablosu yüklendi -> (0, 0)
2025-12-22 09:44:17 | ERROR    | veri_cek | fetch_table:434 | weather çekilemedi: [Errno 11001] getaddrinfo failed
2025-12-22 09:44:17 | INFO     | veri_cek | fetch_tables:470 | weather tablosu yüklendi -> (0, 0)
2025-12-22 09:44:17 | ERROR    | veri_cek | fetch_table:434 | nufus çekilemedi: [Errno 11001] getaddrinfo failed
2025-12-22 09:44:17 | INFO     | veri_cek | fetch_tables:470 | nufus tablosu yüklendi -> (0, 0)
2025-12-22 09:44:17 | ERROR    | veri_cek | fetch_table:434 | hizmet çekilemedi: [Errno 11001] getaddrinfo failed
2025-12-22 09:44:17 | INFO     | veri_cek | fetch_tables:470 | hizmet tablosu yüklendi -> (0, 0)
2025-12-22 09:44:17 | ERROR    | veri_cek | fetch_table:434 | train_2022_2023 çekilemedi: [Errno 11001] getaddrinfo failed
2025-12-22 09:44:17 | INFO     | veri_cek | fetch_tables:470 | train_2022_2023 tablosu yüklendi -> (0, 0)
2025-12-22 09:44:17 | ERROR    | veri_cek | fetch_table:434 | test_2024_2025 çekilemedi: [Errno 11001] getaddrinfo failed
2025-12-22 09:44:17 | INFO     | veri_cek | fetch_tables:470 | test_2024_2025 tablosu yüklendi -> (0, 0)
2025-12-22 09:44:17 | ERROR    | veri_cek | build_train_test_frames:489 | Train veya test verisi boş!
2025-12-22 09:44:17 | ERROR    | veri_cek | get_processed_data:534 | Veri işleme hatası: Eğitim veya test verisi boş!
2025-12-22 09:44:17 | ERROR    | veri_cek | fetch_table:434 | genel_elektrik çekilemedi: [Errno 11001] getaddrinfo failed
2025-12-22 09:44:17 | INFO     | veri_cek | fetch_tables:470 | genel_elektrik tablosu yüklendi -> (0, 0)
2025-12-22 09:44:17 | ERROR    | veri_cek | fetch_table:434 | weather çekilemedi: [Errno 11001] getaddrinfo failed
2025-12-22 09:44:17 | INFO     | veri_cek | fetch_tables:470 | weather tablosu yüklendi -> (0, 0)
2025-12-22 09:44:17 | ERROR    | veri_cek | fetch_table:434 | nufus çekilemedi: [Errno 11001] getaddrinfo failed
2025-12-22 09:44:17 | INFO     | veri_cek | fetch_tables:470 | nufus tablosu yüklendi -> (0, 0)
2025-12-22 09:44:17 | ERROR    | veri_cek | fetch_table:434 | hizmet çekilemedi: [Errno 11001] getaddrinfo failed
2025-12-22 09:44:17 | INFO     | veri_cek | fetch_tables:470 | hizmet tablosu yüklendi -> (0, 0)
2025-12-22 09:44:17 | ERROR    | veri_cek | fetch_table:434 | train_2022_2023 çekilemedi: [Errno 11001] getaddrinfo failed
2025-12-22 09:44:17 | INFO     | veri_cek | fetch_tables:470 | train_2022_2023 tablosu yüklendi -> (0, 0)
2025-12-22 09:44:17 | ERROR    | veri_cek | fetch_table:434 | test_2024_2025 çekilemedi: [Errno 11001] getaddrinfo failed
2025-12-22 09:44:17 | INFO     | veri_cek | fetch_tables:470 | test_2024_2025 tablosu yüklendi -> (0, 0)
2025-12-22 09:44:17 | ERROR    | veri_cek | build_train_test_frames:489 | Train veya test verisi boş!
2025-12-22 09:44:17 | ERROR    | veri_cek | get_processed_data:534 | Veri işleme hatası: Eğitim veya test verisi boş!
2025-12-22 09:44:17 | ERROR    | veri_cek | fetch_table:434 | genel_elektrik çekilemedi: [Errno 11001] getaddrinfo failed
2025-12-22 09:44:17 | INFO     | veri_cek | fetch_tables:470 | genel_elektrik tablosu yüklendi -> (0, 0)
2025-12-22 09:44:17 | ERROR    | veri_cek | fetch_table:434 | weather çekilemedi: [Errno 11001] getaddrinfo failed
2025-12-22 09:44:17 | INFO     | veri_cek | fetch_tables:470 | weather tablosu yüklendi -> (0, 0)
2025-12-22 09:44:17 | ERROR    | veri_cek | fetch_table:434 | nufus çekilemedi: [Errno 11001] getaddrinfo failed
2025-12-22 09:44:17 | INFO     | veri_cek | fetch_tables:470 | nufus tablosu yüklendi -> (0, 0)
2025-12-22 09:44:17 | ERROR    | veri_cek | fetch_table:434 | hizmet çekilemedi: [Errno 11001] getaddrinfo failed
2025-12-22 09:44:17 | INFO     | veri_cek | fetch_tables:470 | hizmet tablosu yüklendi -> (0, 0)
2025-12-22 09:44:17 | ERROR    | veri_cek | fetch_table:434 | train_2022_2023 çekilemedi: [Errno 11001] getaddrinfo failed
2025-12-22 09:44:17 | INFO     | veri_cek | fetch_tables:470 | train_2022_2023 tablosu yüklendi -> (0, 0)
2025-12-22 09:44:17 | ERROR    | veri_cek | fetch_table:434 | test_2024_2025 çekilemedi: [Errno 11001] getaddrinfo failed
2025-12-22 09:44:17 | INFO     | veri_cek | fetch_tables:470 | test_2024_2025 tablosu yüklendi -> (0, 0)
2025-12-22 09:44:17 | ERROR    | veri_cek | build_train_test_frames:489 | Train veya test verisi boş!
2025-12-22 09:44:17 | ERROR    | veri_cek | get_processed_data:534 | Veri işleme hatası: Eğitim veya test verisi boş!
2025-12-22 09:44:17 | ERROR    | veri_cek | fetch_table:434 | genel_elektrik çekilemedi: [Errno 11001] getaddrinfo failed
2025-12-22 09:44:17 | INFO     | veri_cek | fetch_tables:470 | genel_elektrik tablosu yüklendi -> (0, 0)
2025-12-22 09:44:17 | ERROR    | veri_cek | fetch_table:434 | weather çekilemedi: [Errno 11001] getaddrinfo failed
2025-12-22 09:44:17 | INFO     | veri_cek | fetch_tables:470 | weather tablosu yüklendi -> (0, 0)
2025-12-22 09:44:17 | ERROR    | veri_cek | fetch_table:434 | nufus çekilemedi: [Errno 11001] getaddrinfo failed
2025-12-22 09:44:17 | INFO     | veri_cek | fetch_tables:470 | nufus tablosu yüklendi -> (0, 0)
2025-12-22 09:44:17 | ERROR    | veri_cek | fetch_table:434 | hizmet çekilemedi: [Errno 11001] getaddrinfo failed
2025-12-22 09:44:17 | INFO     | veri_cek | fetch_tables:470 | hizmet tablosu yüklendi -> (0, 0)
2025-12-22 09:44:17 | ERROR    | veri_cek | fetch_table:434 | train_2022_2023 çekilemedi: [Errno 11001] getaddrinfo failed
2025-12-22 09:44:17 | INFO     | veri_cek | fetch_tables:470 | train_2022_2023 tablosu yüklendi -> (0, 0)
2025-12-22 09:44:17 | ERROR    | veri_cek | fetch_table:434 | test_2024_2025 çekilemedi: [Errno 11001] getaddrinfo failed
2025-12-22 09:44:17 | INFO     | veri_cek | fetch_tables:470 | test_2024_2025 tablosu yüklendi -> (0, 0)
2025-12-22 09:44:17 | ERROR    | veri_cek | build_train_test_frames:489 | Train veya test verisi boş!
2025-12-22 09:44:17 | ERROR    | veri_cek | get_processed_data:534 | Veri işleme hatası: Eğitim veya test verisi boş!
2025-12-22 09:44:17 | ERROR    | veri_cek | fetch_table:434 | genel_elektrik çekilemedi: [Errno 11001] getaddrinfo failed
2025-12-22 09:44:17 | INFO     | veri_cek | fetch_tables:470 | genel_elektrik tablosu yüklendi -> (0, 0)
2025-12-22 09:44:17 | ERROR    | veri_cek | fetch_table:434 | weather çekilemedi: [Errno 11001] getaddrinfo failed
2025-12-22 09:44:17 | INFO     | veri_cek | fetch_tables:470 | weather tablosu yüklendi -> (0, 0)
2025-12-22 09:44:17 | ERROR    | veri_cek | fetch_table:434 | nufus çekilemedi: [Errno 11001] getaddrinfo failed
2025-12-22 09:44:17 | INFO     | veri_cek | fetch_tables:470 | nufus tablosu yüklendi -> (0, 0)
2025-12-22 09:44:17 | ERROR    | veri_cek | fetch_table:434 | hizmet çekilemedi: [Errno 11001] getaddrinfo failed
2025-12-22 09:44:17 | INFO     | veri_cek | fetch_tables:470 | hizmet tablosu yüklendi -> (0, 0)
2025-12-22 09:44:17 | ERROR    | veri_cek | fetch_table:434 | train_2022_2023 çekilemedi: [Errno 11001] getaddrinfo failed
2025-12-22 09:44:17 | INFO     | veri_cek | fetch_tables:470 | train_2022_2023 tablosu yüklendi -> (0, 0)
2025-12-22 09:44:17 | ERROR    | veri_cek | fetch_table:434 | test_2024_2025 çekilemedi: [Errno 11001] getaddrinfo failed
2025-12-22 09:44:17 | INFO     | veri_cek | fetch_tables:470 | test_2024_2025 tablosu yüklendi -> (0, 0)
2025-12-22 09:44:17 | ERROR    | veri_cek | build_train_test_frames:489 | Train veya test verisi boş!
2025-12-22 09:44:17 | ERROR    | veri_cek | get_processed_data:534 | Veri işleme hatası: Eğitim veya test verisi boş!
2025-12-22 09:44:17 | INFO     | __main__ | lifespan:36 | ElektrAize API hazir!
2025-12-22 09:45:57 | INFO     | __main__ | lifespan:38 | ElektrAize API kapatiliyor...
2025-12-22 09:46:33 | WARNING  | rate_limiter | <module>:57 | Redis bağlantısı başarısız, in-memory kullanılacak: Timeout connecting to server
2025-12-22 09:46:33 | INFO     | rate_limiter | setup_rate_limiter:104 | Rate limiting middleware aktif ✅
2025-12-22 09:46:33 | INFO     | __main__ | lifespan:31 | ElektrAize API baslatiliyor...
2025-12-22 09:46:33 | INFO     | __main__ | lifespan:32 | ============================================================
2025-12-22 09:46:33 | INFO     | __main__ | lifespan:33 | Tum modeller yukleniyor...
2025-12-22 09:46:33 | INFO     | __main__ | lifespan:34 | ============================================================
2025-12-22 09:46:33 | INFO     | veri_cek | _initialize:402 | Supabase bağlantısı başarılı (SupabaseManager).
2025-12-22 09:46:33 | ERROR    | veri_cek | fetch_table:434 | genel_elektrik çekilemedi: [Errno 11001] getaddrinfo failed
2025-12-22 09:46:33 | INFO     | veri_cek | fetch_tables:470 | genel_elektrik tablosu yüklendi -> (0, 0)
2025-12-22 09:46:33 | ERROR    | veri_cek | fetch_table:434 | weather çekilemedi: [Errno 11001] getaddrinfo failed
2025-12-22 09:46:33 | INFO     | veri_cek | fetch_tables:470 | weather tablosu yüklendi -> (0, 0)
2025-12-22 09:46:33 | ERROR    | veri_cek | fetch_table:434 | nufus çekilemedi: [Errno 11001] getaddrinfo failed
2025-12-22 09:46:33 | INFO     | veri_cek | fetch_tables:470 | nufus tablosu yüklendi -> (0, 0)
2025-12-22 09:46:33 | ERROR    | veri_cek | fetch_table:434 | hizmet çekilemedi: [Errno 11001] getaddrinfo failed
2025-12-22 09:46:33 | INFO     | veri_cek | fetch_tables:470 | hizmet tablosu yüklendi -> (0, 0)
2025-12-22 09:46:33 | ERROR    | veri_cek | fetch_table:434 | train_2022_2023 çekilemedi: [Errno 11001] getaddrinfo failed
2025-12-22 09:46:33 | INFO     | veri_cek | fetch_tables:470 | train_2022_2023 tablosu yüklendi -> (0, 0)
2025-12-22 09:46:33 | ERROR    | veri_cek | fetch_table:434 | test_2024_2025 çekilemedi: [Errno 11001] getaddrinfo failed
2025-12-22 09:46:33 | INFO     | veri_cek | fetch_tables:470 | test_2024_2025 tablosu yüklendi -> (0, 0)
2025-12-22 09:46:33 | ERROR    | veri_cek | build_train_test_frames:489 | Train veya test verisi boş!
2025-12-22 09:46:33 | ERROR    | veri_cek | get_processed_data:534 | Veri işleme hatası: Eğitim veya test verisi boş!
2025-12-22 09:46:33 | ERROR    | veri_cek | fetch_table:434 | genel_elektrik çekilemedi: [Errno 11001] getaddrinfo failed
2025-12-22 09:46:33 | INFO     | veri_cek | fetch_tables:470 | genel_elektrik tablosu yüklendi -> (0, 0)
2025-12-22 09:46:33 | ERROR    | veri_cek | fetch_table:434 | weather çekilemedi: [Errno 11001] getaddrinfo failed
2025-12-22 09:46:33 | INFO     | veri_cek | fetch_tables:470 | weather tablosu yüklendi -> (0, 0)
2025-12-22 09:46:33 | ERROR    | veri_cek | fetch_table:434 | nufus çekilemedi: [Errno 11001] getaddrinfo failed
2025-12-22 09:46:33 | INFO     | veri_cek | fetch_tables:470 | nufus tablosu yüklendi -> (0, 0)
2025-12-22 09:46:33 | ERROR    | veri_cek | fetch_table:434 | hizmet çekilemedi: [Errno 11001] getaddrinfo failed
2025-12-22 09:46:33 | INFO     | veri_cek | fetch_tables:470 | hizmet tablosu yüklendi -> (0, 0)
2025-12-22 09:46:33 | ERROR    | veri_cek | fetch_table:434 | train_2022_2023 çekilemedi: [Errno 11001] getaddrinfo failed
2025-12-22 09:46:33 | INFO     | veri_cek | fetch_tables:470 | train_2022_2023 tablosu yüklendi -> (0, 0)
2025-12-22 09:46:33 | ERROR    | veri_cek | fetch_table:434 | test_2024_2025 çekilemedi: [Errno 11001] getaddrinfo failed
2025-12-22 09:46:33 | INFO     | veri_cek | fetch_tables:470 | test_2024_2025 tablosu yüklendi -> (0, 0)
2025-12-22 09:46:33 | ERROR    | veri_cek | build_train_test_frames:489 | Train veya test verisi boş!
2025-12-22 09:46:33 | ERROR    | veri_cek | get_processed_data:534 | Veri işleme hatası: Eğitim veya test verisi boş!
2025-12-22 09:46:33 | ERROR    | veri_cek | fetch_table:434 | genel_elektrik çekilemedi: [Errno 11001] getaddrinfo failed
2025-12-22 09:46:33 | INFO     | veri_cek | fetch_tables:470 | genel_elektrik tablosu yüklendi -> (0, 0)
2025-12-22 09:46:33 | ERROR    | veri_cek | fetch_table:434 | weather çekilemedi: [Errno 11001] getaddrinfo failed
2025-12-22 09:46:33 | INFO     | veri_cek | fetch_tables:470 | weather tablosu yüklendi -> (0, 0)
2025-12-22 09:46:33 | ERROR    | veri_cek | fetch_table:434 | nufus çekilemedi: [Errno 11001] getaddrinfo failed
2025-12-22 09:46:33 | INFO     | veri_cek | fetch_tables:470 | nufus tablosu yüklendi -> (0, 0)
2025-12-22 09:46:33 | ERROR    | veri_cek | fetch_table:434 | hizmet çekilemedi: [Errno 11001] getaddrinfo failed
2025-12-22 09:46:33 | INFO     | veri_cek | fetch_tables:470 | hizmet tablosu yüklendi -> (0, 0)
2025-12-22 09:46:33 | ERROR    | veri_cek | fetch_table:434 | train_2022_2023 çekilemedi: [Errno 11001] getaddrinfo failed
2025-12-22 09:46:33 | INFO     | veri_cek | fetch_tables:470 | train_2022_2023 tablosu yüklendi -> (0, 0)
2025-12-22 09:46:33 | ERROR    | veri_cek | fetch_table:434 | test_2024_2025 çekilemedi: [Errno 11001] getaddrinfo failed
2025-12-22 09:46:33 | INFO     | veri_cek | fetch_tables:470 | test_2024_2025 tablosu yüklendi -> (0, 0)
2025-12-22 09:46:33 | ERROR    | veri_cek | build_train_test_frames:489 | Train veya test verisi boş!
2025-12-22 09:46:33 | ERROR    | veri_cek | get_processed_data:534 | Veri işleme hatası: Eğitim veya test verisi boş!
2025-12-22 09:46:33 | ERROR    | veri_cek | fetch_table:434 | genel_elektrik çekilemedi: [Errno 11001] getaddrinfo failed
2025-12-22 09:46:33 | INFO     | veri_cek | fetch_tables:470 | genel_elektrik tablosu yüklendi -> (0, 0)
2025-12-22 09:46:33 | ERROR    | veri_cek | fetch_table:434 | weather çekilemedi: [Errno 11001] getaddrinfo failed
2025-12-22 09:46:33 | INFO     | veri_cek | fetch_tables:470 | weather tablosu yüklendi -> (0, 0)
2025-12-22 09:46:33 | ERROR    | veri_cek | fetch_table:434 | nufus çekilemedi: [Errno 11001] getaddrinfo failed
2025-12-22 09:46:33 | INFO     | veri_cek | fetch_tables:470 | nufus tablosu yüklendi -> (0, 0)
2025-12-22 09:46:33 | ERROR    | veri_cek | fetch_table:434 | hizmet çekilemedi: [Errno 11001] getaddrinfo failed
2025-12-22 09:46:33 | INFO     | veri_cek | fetch_tables:470 | hizmet tablosu yüklendi -> (0, 0)
2025-12-22 09:46:33 | ERROR    | veri_cek | fetch_table:434 | train_2022_2023 çekilemedi: [Errno 11001] getaddrinfo failed
2025-12-22 09:46:33 | INFO     | veri_cek | fetch_tables:470 | train_2022_2023 tablosu yüklendi -> (0, 0)
2025-12-22 09:46:33 | ERROR    | veri_cek | fetch_table:434 | test_2024_2025 çekilemedi: [Errno 11001] getaddrinfo failed
2025-12-22 09:46:33 | INFO     | veri_cek | fetch_tables:470 | test_2024_2025 tablosu yüklendi -> (0, 0)
2025-12-22 09:46:33 | ERROR    | veri_cek | build_train_test_frames:489 | Train veya test verisi boş!
2025-12-22 09:46:33 | ERROR    | veri_cek | get_processed_data:534 | Veri işleme hatası: Eğitim veya test verisi boş!
2025-12-22 09:46:33 | ERROR    | veri_cek | fetch_table:434 | genel_elektrik çekilemedi: [Errno 11001] getaddrinfo failed
2025-12-22 09:46:33 | INFO     | veri_cek | fetch_tables:470 | genel_elektrik tablosu yüklendi -> (0, 0)
2025-12-22 09:46:33 | ERROR    | veri_cek | fetch_table:434 | weather çekilemedi: [Errno 11001] getaddrinfo failed
2025-12-22 09:46:33 | INFO     | veri_cek | fetch_tables:470 | weather tablosu yüklendi -> (0, 0)
2025-12-22 09:46:33 | ERROR    | veri_cek | fetch_table:434 | nufus çekilemedi: [Errno 11001] getaddrinfo failed
2025-12-22 09:46:33 | INFO     | veri_cek | fetch_tables:470 | nufus tablosu yüklendi -> (0, 0)
2025-12-22 09:46:33 | ERROR    | veri_cek | fetch_table:434 | hizmet çekilemedi: [Errno 11001] getaddrinfo failed
2025-12-22 09:46:33 | INFO     | veri_cek | fetch_tables:470 | hizmet tablosu yüklendi -> (0, 0)
2025-12-22 09:46:33 | ERROR    | veri_cek | fetch_table:434 | train_2022_2023 çekilemedi: [Errno 11001] getaddrinfo failed
2025-12-22 09:46:33 | INFO     | veri_cek | fetch_tables:470 | train_2022_2023 tablosu yüklendi -> (0, 0)
2025-12-22 09:46:33 | ERROR    | veri_cek | fetch_table:434 | test_2024_2025 çekilemedi: [Errno 11001] getaddrinfo failed
2025-12-22 09:46:33 | INFO     | veri_cek | fetch_tables:470 | test_2024_2025 tablosu yüklendi -> (0, 0)
2025-12-22 09:46:33 | ERROR    | veri_cek | build_train_test_frames:489 | Train veya test verisi boş!
2025-12-22 09:46:33 | ERROR    | veri_cek | get_processed_data:534 | Veri işleme hatası: Eğitim veya test verisi boş!
2025-12-22 09:46:33 | ERROR    | veri_cek | fetch_table:434 | genel_elektrik çekilemedi: [Errno 11001] getaddrinfo failed
2025-12-22 09:46:33 | INFO     | veri_cek | fetch_tables:470 | genel_elektrik tablosu yüklendi -> (0, 0)
2025-12-22 09:46:33 | ERROR    | veri_cek | fetch_table:434 | weather çekilemedi: [Errno 11001] getaddrinfo failed
2025-12-22 09:46:33 | INFO     | veri_cek | fetch_tables:470 | weather tablosu yüklendi -> (0, 0)
2025-12-22 09:46:33 | ERROR    | veri_cek | fetch_table:434 | nufus çekilemedi: [Errno 11001] getaddrinfo failed
2025-12-22 09:46:33 | INFO     | veri_cek | fetch_tables:470 | nufus tablosu yüklendi -> (0, 0)
2025-12-22 09:46:33 | ERROR    | veri_cek | fetch_table:434 | hizmet çekilemedi: [Errno 11001] getaddrinfo failed
2025-12-22 09:46:33 | INFO     | veri_cek | fetch_tables:470 | hizmet tablosu yüklendi -> (0, 0)
2025-12-22 09:46:33 | ERROR    | veri_cek | fetch_table:434 | train_2022_2023 çekilemedi: [Errno 11001] getaddrinfo failed
2025-12-22 09:46:33 | INFO     | veri_cek | fetch_tables:470 | train_2022_2023 tablosu yüklendi -> (0, 0)
2025-12-22 09:46:33 | ERROR    | veri_cek | fetch_table:434 | test_2024_2025 çekilemedi: [Errno 11001] getaddrinfo failed
2025-12-22 09:46:33 | INFO     | veri_cek | fetch_tables:470 | test_2024_2025 tablosu yüklendi -> (0, 0)
2025-12-22 09:46:33 | ERROR    | veri_cek | build_train_test_frames:489 | Train veya test verisi boş!
2025-12-22 09:46:33 | ERROR    | veri_cek | get_processed_data:534 | Veri işleme hatası: Eğitim veya test verisi boş!
2025-12-22 09:46:33 | ERROR    | veri_cek | fetch_table:434 | genel_elektrik çekilemedi: [Errno 11001] getaddrinfo failed
2025-12-22 09:46:33 | INFO     | veri_cek | fetch_tables:470 | genel_elektrik tablosu yüklendi -> (0, 0)
2025-12-22 09:46:33 | ERROR    | veri_cek | fetch_table:434 | weather çekilemedi: [Errno 11001] getaddrinfo failed
2025-12-22 09:46:33 | INFO     | veri_cek | fetch_tables:470 | weather tablosu yüklendi -> (0, 0)
2025-12-22 09:46:33 | ERROR    | veri_cek | fetch_table:434 | nufus çekilemedi: [Errno 11001] getaddrinfo failed
2025-12-22 09:46:33 | INFO     | veri_cek | fetch_tables:470 | nufus tablosu yüklendi -> (0, 0)
2025-12-22 09:46:33 | ERROR    | veri_cek | fetch_table:434 | hizmet çekilemedi: [Errno 11001] getaddrinfo failed
2025-12-22 09:46:33 | INFO     | veri_cek | fetch_tables:470 | hizmet tablosu yüklendi -> (0, 0)
2025-12-22 09:46:33 | ERROR    | veri_cek | fetch_table:434 | train_2022_2023 çekilemedi: [Errno 11001] getaddrinfo failed
2025-12-22 09:46:33 | INFO     | veri_cek | fetch_tables:470 | train_2022_2023 tablosu yüklendi -> (0, 0)
2025-12-22 09:46:33 | ERROR    | veri_cek | fetch_table:434 | test_2024_2025 çekilemedi: [Errno 11001] getaddrinfo failed
2025-12-22 09:46:33 | INFO     | veri_cek | fetch_tables:470 | test_2024_2025 tablosu yüklendi -> (0, 0)
2025-12-22 09:46:33 | ERROR    | veri_cek | build_train_test_frames:489 | Train veya test verisi boş!
2025-12-22 09:46:33 | ERROR    | veri_cek | get_processed_data:534 | Veri işleme hatası: Eğitim veya test verisi boş!
2025-12-22 09:46:33 | INFO     | __main__ | lifespan:36 | ElektrAize API hazir!
2025-12-22 09:57:52 | INFO     | __main__ | lifespan:38 | ElektrAize API kapatiliyor...
2025-12-22 09:58:27 | WARNING  | rate_limiter | <module>:57 | Redis bağlantısı başarısız, in-memory kullanılacak: Timeout connecting to server
2025-12-22 09:58:27 | INFO     | rate_limiter | setup_rate_limiter:104 | Rate limiting middleware aktif ✅
2025-12-22 09:58:27 | INFO     | __main__ | lifespan:31 | ElektrAize API baslatiliyor...
2025-12-22 09:58:27 | INFO     | __main__ | lifespan:32 | ============================================================
2025-12-22 09:58:27 | INFO     | __main__ | lifespan:33 | Tum modeller yukleniyor...
2025-12-22 09:58:27 | INFO     | __main__ | lifespan:34 | ============================================================
2025-12-22 09:58:27 | INFO     | veri_cek | _initialize:402 | Supabase bağlantısı başarılı (SupabaseManager).
2025-12-22 09:58:28 | INFO     | veri_cek | fetch_tables:470 | genel_elektrik tablosu yüklendi -> (45, 2)
2025-12-22 09:58:29 | INFO     | veri_cek | fetch_tables:470 | weather tablosu yüklendi -> (2997, 8)
2025-12-22 09:58:30 | INFO     | veri_cek | fetch_tables:470 | nufus tablosu yüklendi -> (3645, 3)
2025-12-22 09:58:30 | INFO     | veri_cek | fetch_tables:470 | hizmet tablosu yüklendi -> (44, 6)
2025-12-22 09:58:30 | INFO     | veri_cek | fetch_tables:470 | train_2022_2023 tablosu yüklendi -> (1886, 19)
2025-12-22 09:58:31 | INFO     | veri_cek | fetch_tables:470 | test_2024_2025 tablosu yüklendi -> (1722, 19)
2025-12-22 09:58:31 | INFO     | veri_cek | build_train_test_frames:504 | Merge bitti -> Train: (1886, 31), Test: (1722, 31)
2025-12-22 09:58:31 | INFO     | veri_cek | add_weather_features:149 | 2 hava durumu kolonu bulundu: ['windspeed_10m_max', 'windgusts_10m_max']...
2025-12-22 09:58:31 | INFO     | veri_cek | add_population_features:190 | 1 nüfus kolonu bulundu: ['Nufus_Sayisi']...
2025-12-22 09:58:31 | INFO     | veri_cek | add_weather_features:149 | 2 hava durumu kolonu bulundu: ['windspeed_10m_max', 'windgusts_10m_max']...
2025-12-22 09:58:31 | INFO     | veri_cek | add_population_features:190 | 1 nüfus kolonu bulundu: ['Nufus_Sayisi']...
2025-12-22 09:58:32 | INFO     | veri_cek | fetch_tables:455 | Tablolar cache'den alındı.
2025-12-22 09:58:32 | INFO     | veri_cek | build_train_test_frames:504 | Merge bitti -> Train: (1886, 31), Test: (1722, 31)
2025-12-22 09:58:32 | INFO     | veri_cek | add_weather_features:149 | 2 hava durumu kolonu bulundu: ['windspeed_10m_max', 'windgusts_10m_max']...
2025-12-22 09:58:32 | INFO     | veri_cek | add_population_features:190 | 1 nüfus kolonu bulundu: ['Nufus_Sayisi']...
2025-12-22 09:58:32 | INFO     | veri_cek | add_weather_features:149 | 2 hava durumu kolonu bulundu: ['windspeed_10m_max', 'windgusts_10m_max']...
2025-12-22 09:58:32 | INFO     | veri_cek | add_population_features:190 | 1 nüfus kolonu bulundu: ['Nufus_Sayisi']...
2025-12-22 09:58:33 | INFO     | veri_cek | fetch_tables:455 | Tablolar cache'den alındı.
2025-12-22 09:58:33 | INFO     | veri_cek | build_train_test_frames:504 | Merge bitti -> Train: (1886, 31), Test: (1722, 31)
2025-12-22 09:58:33 | INFO     | veri_cek | add_weather_features:149 | 2 hava durumu kolonu bulundu: ['windspeed_10m_max', 'windgusts_10m_max']...
2025-12-22 09:58:33 | INFO     | veri_cek | add_population_features:190 | 1 nüfus kolonu bulundu: ['Nufus_Sayisi']...
2025-12-22 09:58:33 | INFO     | veri_cek | add_weather_features:149 | 2 hava durumu kolonu bulundu: ['windspeed_10m_max', 'windgusts_10m_max']...
2025-12-22 09:58:33 | INFO     | veri_cek | add_population_features:190 | 1 nüfus kolonu bulundu: ['Nufus_Sayisi']...
2025-12-22 09:58:34 | INFO     | veri_cek | fetch_tables:455 | Tablolar cache'den alındı.
2025-12-22 09:58:34 | INFO     | veri_cek | build_train_test_frames:504 | Merge bitti -> Train: (1886, 31), Test: (1722, 31)
2025-12-22 09:58:34 | INFO     | veri_cek | add_weather_features:149 | 2 hava durumu kolonu bulundu: ['windspeed_10m_max', 'windgusts_10m_max']...
2025-12-22 09:58:34 | INFO     | veri_cek | add_population_features:190 | 1 nüfus kolonu bulundu: ['Nufus_Sayisi']...
2025-12-22 09:58:34 | INFO     | veri_cek | add_weather_features:149 | 2 hava durumu kolonu bulundu: ['windspeed_10m_max', 'windgusts_10m_max']...
2025-12-22 09:58:34 | INFO     | veri_cek | add_population_features:190 | 1 nüfus kolonu bulundu: ['Nufus_Sayisi']...
2025-12-22 09:58:35 | INFO     | veri_cek | fetch_tables:455 | Tablolar cache'den alındı.
2025-12-22 09:58:35 | INFO     | veri_cek | build_train_test_frames:504 | Merge bitti -> Train: (1886, 31), Test: (1722, 31)
2025-12-22 09:58:35 | INFO     | veri_cek | add_weather_features:149 | 2 hava durumu kolonu bulundu: ['windspeed_10m_max', 'windgusts_10m_max']...
2025-12-22 09:58:35 | INFO     | veri_cek | add_population_features:190 | 1 nüfus kolonu bulundu: ['Nufus_Sayisi']...
2025-12-22 09:58:35 | INFO     | veri_cek | add_weather_features:149 | 2 hava durumu kolonu bulundu: ['windspeed_10m_max', 'windgusts_10m_max']...
2025-12-22 09:58:35 | INFO     | veri_cek | add_population_features:190 | 1 nüfus kolonu bulundu: ['Nufus_Sayisi']...
2025-12-22 09:58:36 | INFO     | veri_cek | fetch_tables:455 | Tablolar cache'den alındı.
2025-12-22 09:58:36 | INFO     | veri_cek | build_train_test_frames:504 | Merge bitti -> Train: (1886, 31), Test: (1722, 31)
2025-12-22 09:58:36 | INFO     | veri_cek | add_weather_features:149 | 2 hava durumu kolonu bulundu: ['windspeed_10m_max', 'windgusts_10m_max']...
2025-12-22 09:58:36 | INFO     | veri_cek | add_population_features:190 | 1 nüfus kolonu bulundu: ['Nufus_Sayisi']...
2025-12-22 09:58:36 | INFO     | veri_cek | add_weather_features:149 | 2 hava durumu kolonu bulundu: ['windspeed_10m_max', 'windgusts_10m_max']...
2025-12-22 09:58:36 | INFO     | veri_cek | add_population_features:190 | 1 nüfus kolonu bulundu: ['Nufus_Sayisi']...
2025-12-22 09:58:37 | INFO     | veri_cek | fetch_tables:455 | Tablolar cache'den alındı.
2025-12-22 09:58:37 | INFO     | veri_cek | build_train_test_frames:504 | Merge bitti -> Train: (1886, 31), Test: (1722, 31)
2025-12-22 09:58:37 | INFO     | veri_cek | add_weather_features:149 | 2 hava durumu kolonu bulundu: ['windspeed_10m_max', 'windgusts_10m_max']...
2025-12-22 09:58:37 | INFO     | veri_cek | add_population_features:190 | 1 nüfus kolonu bulundu: ['Nufus_Sayisi']...
2025-12-22 09:58:37 | INFO     | veri_cek | add_weather_features:149 | 2 hava durumu kolonu bulundu: ['windspeed_10m_max', 'windgusts_10m_max']...
2025-12-22 09:58:37 | INFO     | veri_cek | add_population_features:190 | 1 nüfus kolonu bulundu: ['Nufus_Sayisi']...
2025-12-22 09:58:38 | INFO     | __main__ | lifespan:36 | ElektrAize API hazir!
2025-12-22 10:02:24 | INFO     | veri_cek | fetch_tables:455 | Tablolar cache'den alındı.
2025-12-22 10:02:24 | INFO     | veri_cek | fetch_tables:455 | Tablolar cache'den alındı.
2025-12-22 10:02:24 | INFO     | veri_cek | fetch_tables:455 | Tablolar cache'den alındı.
2025-12-22 10:02:24 | INFO     | veri_cek | fetch_tables:455 | Tablolar cache'den alındı.
2025-12-22 10:02:24 | INFO     | veri_cek | fetch_tables:455 | Tablolar cache'den alındı.
2025-12-22 10:02:24 | INFO     | veri_cek | fetch_tables:455 | Tablolar cache'den alındı.
2025-12-22 10:02:24 | INFO     | veri_cek | build_train_test_frames:504 | Merge bitti -> Train: (1886, 31), Test: (1722, 31)
2025-12-22 10:02:24 | INFO     | veri_cek | build_train_test_frames:504 | Merge bitti -> Train: (1886, 31), Test: (1722, 31)
2025-12-22 10:02:24 | INFO     | veri_cek | build_train_test_frames:504 | Merge bitti -> Train: (1886, 31), Test: (1722, 31)
2025-12-22 10:02:24 | INFO     | veri_cek | build_train_test_frames:504 | Merge bitti -> Train: (1886, 31), Test: (1722, 31)
2025-12-22 10:02:24 | INFO     | veri_cek | build_train_test_frames:504 | Merge bitti -> Train: (1886, 31), Test: (1722, 31)
2025-12-22 10:02:24 | INFO     | veri_cek | build_train_test_frames:504 | Merge bitti -> Train: (1886, 31), Test: (1722, 31)
2025-12-22 10:02:25 | INFO     | veri_cek | add_weather_features:149 | 2 hava durumu kolonu bulundu: ['windspeed_10m_max', 'windgusts_10m_max']...
2025-12-22 10:02:25 | INFO     | veri_cek | add_weather_features:149 | 2 hava durumu kolonu bulundu: ['windspeed_10m_max', 'windgusts_10m_max']...
2025-12-22 10:02:25 | INFO     | veri_cek | add_weather_features:149 | 2 hava durumu kolonu bulundu: ['windspeed_10m_max', 'windgusts_10m_max']...
2025-12-22 10:02:25 | INFO     | veri_cek | add_weather_features:149 | 2 hava durumu kolonu bulundu: ['windspeed_10m_max', 'windgusts_10m_max']...
2025-12-22 10:02:25 | INFO     | veri_cek | add_weather_features:149 | 2 hava durumu kolonu bulundu: ['windspeed_10m_max', 'windgusts_10m_max']...
2025-12-22 10:02:25 | INFO     | veri_cek | add_weather_features:149 | 2 hava durumu kolonu bulundu: ['windspeed_10m_max', 'windgusts_10m_max']...
2025-12-22 10:02:25 | INFO     | veri_cek | add_population_features:190 | 1 nüfus kolonu bulundu: ['Nufus_Sayisi']...
2025-12-22 10:02:25 | INFO     | veri_cek | add_population_features:190 | 1 nüfus kolonu bulundu: ['Nufus_Sayisi']...
2025-12-22 10:02:25 | INFO     | veri_cek | add_population_features:190 | 1 nüfus kolonu bulundu: ['Nufus_Sayisi']...
2025-12-22 10:02:25 | INFO     | veri_cek | add_population_features:190 | 1 nüfus kolonu bulundu: ['Nufus_Sayisi']...
2025-12-22 10:02:25 | INFO     | veri_cek | add_population_features:190 | 1 nüfus kolonu bulundu: ['Nufus_Sayisi']...
2025-12-22 10:02:25 | INFO     | veri_cek | add_population_features:190 | 1 nüfus kolonu bulundu: ['Nufus_Sayisi']...
2025-12-22 10:02:26 | INFO     | veri_cek | add_weather_features:149 | 2 hava durumu kolonu bulundu: ['windspeed_10m_max', 'windgusts_10m_max']...
2025-12-22 10:02:26 | INFO     | veri_cek | add_weather_features:149 | 2 hava durumu kolonu bulundu: ['windspeed_10m_max', 'windgusts_10m_max']...
2025-12-22 10:02:26 | INFO     | veri_cek | add_weather_features:149 | 2 hava durumu kolonu bulundu: ['windspeed_10m_max', 'windgusts_10m_max']...
2025-12-22 10:02:26 | INFO     | veri_cek | add_weather_features:149 | 2 hava durumu kolonu bulundu: ['windspeed_10m_max', 'windgusts_10m_max']...
2025-12-22 10:02:26 | INFO     | veri_cek | add_weather_features:149 | 2 hava durumu kolonu bulundu: ['windspeed_10m_max', 'windgusts_10m_max']...
2025-12-22 10:02:26 | INFO     | veri_cek | add_weather_features:149 | 2 hava durumu kolonu bulundu: ['windspeed_10m_max', 'windgusts_10m_max']...
2025-12-22 10:02:27 | INFO     | veri_cek | add_population_features:190 | 1 nüfus kolonu bulundu: ['Nufus_Sayisi']...
2025-12-22 10:02:27 | INFO     | veri_cek | add_population_features:190 | 1 nüfus kolonu bulundu: ['Nufus_Sayisi']...
2025-12-22 10:02:27 | INFO     | veri_cek | add_population_features:190 | 1 nüfus kolonu bulundu: ['Nufus_Sayisi']...
2025-12-22 10:02:27 | INFO     | veri_cek | add_population_features:190 | 1 nüfus kolonu bulundu: ['Nufus_Sayisi']...
2025-12-22 10:02:27 | INFO     | veri_cek | fetch_tables:455 | Tablolar cache'den alındı.
2025-12-22 10:02:27 | INFO     | veri_cek | add_population_features:190 | 1 nüfus kolonu bulundu: ['Nufus_Sayisi']...
2025-12-22 10:02:27 | INFO     | veri_cek | add_population_features:190 | 1 nüfus kolonu bulundu: ['Nufus_Sayisi']...
2025-12-22 10:02:27 | INFO     | veri_cek | fetch_tables:455 | Tablolar cache'den alındı.
2025-12-22 10:02:27 | INFO     | veri_cek | fetch_tables:455 | Tablolar cache'den alındı.
2025-12-22 10:02:27 | INFO     | veri_cek | fetch_tables:455 | Tablolar cache'den alındı.
2025-12-22 10:02:27 | INFO     | veri_cek | fetch_tables:455 | Tablolar cache'den alındı.
2025-12-22 10:02:27 | INFO     | veri_cek | fetch_tables:455 | Tablolar cache'den alındı.
2025-12-22 10:02:27 | INFO     | veri_cek | build_train_test_frames:504 | Merge bitti -> Train: (1886, 31), Test: (1722, 31)
2025-12-22 10:02:27 | INFO     | veri_cek | build_train_test_frames:504 | Merge bitti -> Train: (1886, 31), Test: (1722, 31)
2025-12-22 10:02:27 | INFO     | veri_cek | build_train_test_frames:504 | Merge bitti -> Train: (1886, 31), Test: (1722, 31)
2025-12-22 10:02:27 | INFO     | veri_cek | build_train_test_frames:504 | Merge bitti -> Train: (1886, 31), Test: (1722, 31)
2025-12-22 10:02:27 | INFO     | veri_cek | build_train_test_frames:504 | Merge bitti -> Train: (1886, 31), Test: (1722, 31)
2025-12-22 10:02:27 | INFO     | veri_cek | build_train_test_frames:504 | Merge bitti -> Train: (1886, 31), Test: (1722, 31)
2025-12-22 10:02:28 | INFO     | veri_cek | add_weather_features:149 | 2 hava durumu kolonu bulundu: ['windspeed_10m_max', 'windgusts_10m_max']...
2025-12-22 10:02:28 | INFO     | veri_cek | add_weather_features:149 | 2 hava durumu kolonu bulundu: ['windspeed_10m_max', 'windgusts_10m_max']...
2025-12-22 10:02:28 | INFO     | veri_cek | add_weather_features:149 | 2 hava durumu kolonu bulundu: ['windspeed_10m_max', 'windgusts_10m_max']...
2025-12-22 10:02:28 | INFO     | veri_cek | add_weather_features:149 | 2 hava durumu kolonu bulundu: ['windspeed_10m_max', 'windgusts_10m_max']...
2025-12-22 10:02:28 | INFO     | veri_cek | add_weather_features:149 | 2 hava durumu kolonu bulundu: ['windspeed_10m_max', 'windgusts_10m_max']...
2025-12-22 10:02:28 | INFO     | veri_cek | add_weather_features:149 | 2 hava durumu kolonu bulundu: ['windspeed_10m_max', 'windgusts_10m_max']...
2025-12-22 10:02:28 | INFO     | veri_cek | add_population_features:190 | 1 nüfus kolonu bulundu: ['Nufus_Sayisi']...
2025-12-22 10:02:28 | INFO     | veri_cek | add_population_features:190 | 1 nüfus kolonu bulundu: ['Nufus_Sayisi']...
2025-12-22 10:02:28 | INFO     | veri_cek | add_population_features:190 | 1 nüfus kolonu bulundu: ['Nufus_Sayisi']...
2025-12-22 10:02:28 | INFO     | veri_cek | add_population_features:190 | 1 nüfus kolonu bulundu: ['Nufus_Sayisi']...
2025-12-22 10:02:28 | INFO     | veri_cek | add_population_features:190 | 1 nüfus kolonu bulundu: ['Nufus_Sayisi']...
2025-12-22 10:02:28 | INFO     | veri_cek | add_population_features:190 | 1 nüfus kolonu bulundu: ['Nufus_Sayisi']...
2025-12-22 10:02:29 | INFO     | veri_cek | add_weather_features:149 | 2 hava durumu kolonu bulundu: ['windspeed_10m_max', 'windgusts_10m_max']...
2025-12-22 10:02:29 | INFO     | veri_cek | add_weather_features:149 | 2 hava durumu kolonu bulundu: ['windspeed_10m_max', 'windgusts_10m_max']...
2025-12-22 10:02:29 | INFO     | veri_cek | add_weather_features:149 | 2 hava durumu kolonu bulundu: ['windspeed_10m_max', 'windgusts_10m_max']...
2025-12-22 10:02:29 | INFO     | veri_cek | add_weather_features:149 | 2 hava durumu kolonu bulundu: ['windspeed_10m_max', 'windgusts_10m_max']...
2025-12-22 10:02:29 | INFO     | veri_cek | add_weather_features:149 | 2 hava durumu kolonu bulundu: ['windspeed_10m_max', 'windgusts_10m_max']...
2025-12-22 10:02:29 | INFO     | veri_cek | add_weather_features:149 | 2 hava durumu kolonu bulundu: ['windspeed_10m_max', 'windgusts_10m_max']...
2025-12-22 10:02:29 | INFO     | veri_cek | add_population_features:190 | 1 nüfus kolonu bulundu: ['Nufus_Sayisi']...
2025-12-22 10:02:29 | INFO     | veri_cek | add_population_features:190 | 1 nüfus kolonu bulundu: ['Nufus_Sayisi']...
2025-12-22 10:02:29 | INFO     | veri_cek | add_population_features:190 | 1 nüfus kolonu bulundu: ['Nufus_Sayisi']...
2025-12-22 10:02:29 | INFO     | veri_cek | add_population_features:190 | 1 nüfus kolonu bulundu: ['Nufus_Sayisi']...
2025-12-22 10:02:30 | INFO     | veri_cek | add_population_features:190 | 1 nüfus kolonu bulundu: ['Nufus_Sayisi']...
2025-12-22 10:02:30 | INFO     | veri_cek | add_population_features:190 | 1 nüfus kolonu bulundu: ['Nufus_Sayisi']...
2025-12-22 10:02:30 | INFO     | veri_cek | fetch_tables:455 | Tablolar cache'den alındı.
2025-12-22 10:02:31 | INFO     | veri_cek | build_train_test_frames:504 | Merge bitti -> Train: (1886, 31), Test: (1722, 31)
2025-12-22 10:02:31 | INFO     | veri_cek | add_weather_features:149 | 2 hava durumu kolonu bulundu: ['windspeed_10m_max', 'windgusts_10m_max']...
2025-12-22 10:02:31 | INFO     | veri_cek | add_population_features:190 | 1 nüfus kolonu bulundu: ['Nufus_Sayisi']...
2025-12-22 10:02:31 | INFO     | veri_cek | add_weather_features:149 | 2 hava durumu kolonu bulundu: ['windspeed_10m_max', 'windgusts_10m_max']...
2025-12-22 10:02:31 | INFO     | veri_cek | add_population_features:190 | 1 nüfus kolonu bulundu: ['Nufus_Sayisi']...
2025-12-22 10:02:31 | INFO     | veri_cek | fetch_tables:455 | Tablolar cache'den alındı.
2025-12-22 10:02:31 | INFO     | veri_cek | build_train_test_frames:504 | Merge bitti -> Train: (1886, 31), Test: (1722, 31)
2025-12-22 10:02:31 | INFO     | veri_cek | add_weather_features:149 | 2 hava durumu kolonu bulundu: ['windspeed_10m_max', 'windgusts_10m_max']...
2025-12-22 10:02:31 | INFO     | veri_cek | add_population_features:190 | 1 nüfus kolonu bulundu: ['Nufus_Sayisi']...
2025-12-22 10:02:31 | INFO     | veri_cek | add_weather_features:149 | 2 hava durumu kolonu bulundu: ['windspeed_10m_max', 'windgusts_10m_max']...
2025-12-22 10:02:31 | INFO     | veri_cek | add_population_features:190 | 1 nüfus kolonu bulundu: ['Nufus_Sayisi']...
2025-12-22 10:02:32 | INFO     | veri_cek | fetch_tables:455 | Tablolar cache'den alındı.
2025-12-22 10:02:32 | INFO     | veri_cek | build_train_test_frames:504 | Merge bitti -> Train: (1886, 31), Test: (1722, 31)
2025-12-22 10:02:32 | INFO     | veri_cek | add_weather_features:149 | 2 hava durumu kolonu bulundu: ['windspeed_10m_max', 'windgusts_10m_max']...
2025-12-22 10:02:32 | INFO     | veri_cek | add_population_features:190 | 1 nüfus kolonu bulundu: ['Nufus_Sayisi']...
2025-12-22 10:02:32 | INFO     | veri_cek | add_weather_features:149 | 2 hava durumu kolonu bulundu: ['windspeed_10m_max', 'windgusts_10m_max']...
2025-12-22 10:02:32 | INFO     | veri_cek | add_population_features:190 | 1 nüfus kolonu bulundu: ['Nufus_Sayisi']...
2025-12-22 10:02:32 | INFO     | veri_cek | fetch_tables:455 | Tablolar cache'den alındı.
2025-12-22 10:02:32 | INFO     | veri_cek | build_train_test_frames:504 | Merge bitti -> Train: (1886, 31), Test: (1722, 31)
2025-12-22 10:02:33 | INFO     | veri_cek | add_weather_features:149 | 2 hava durumu kolonu bulundu: ['windspeed_10m_max', 'windgusts_10m_max']...
2025-12-22 10:02:33 | INFO     | veri_cek | add_population_features:190 | 1 nüfus kolonu bulundu: ['Nufus_Sayisi']...
2025-12-22 10:02:33 | INFO     | veri_cek | add_weather_features:149 | 2 hava durumu kolonu bulundu: ['windspeed_10m_max', 'windgusts_10m_max']...
2025-12-22 10:02:33 | INFO     | veri_cek | add_population_features:190 | 1 nüfus kolonu bulundu: ['Nufus_Sayisi']...
2025-12-22 10:24:58 | INFO     | veri_cek | fetch_tables:455 | Tablolar cache'den alındı.
2025-12-22 10:24:58 | INFO     | veri_cek | fetch_tables:455 | Tablolar cache'den alındı.
2025-12-22 10:24:58 | INFO     | veri_cek | fetch_tables:455 | Tablolar cache'den alındı.
2025-12-22 10:24:58 | INFO     | veri_cek | fetch_tables:455 | Tablolar cache'den alındı.
2025-12-22 10:24:58 | INFO     | veri_cek | fetch_tables:455 | Tablolar cache'den alındı.
2025-12-22 10:24:58 | INFO     | veri_cek | fetch_tables:455 | Tablolar cache'den alındı.
2025-12-22 10:24:59 | INFO     | veri_cek | build_train_test_frames:504 | Merge bitti -> Train: (1886, 31), Test: (1722, 31)
2025-12-22 10:24:59 | INFO     | veri_cek | build_train_test_frames:504 | Merge bitti -> Train: (1886, 31), Test: (1722, 31)
2025-12-22 10:24:59 | INFO     | veri_cek | build_train_test_frames:504 | Merge bitti -> Train: (1886, 31), Test: (1722, 31)
2025-12-22 10:24:59 | INFO     | veri_cek | build_train_test_frames:504 | Merge bitti -> Train: (1886, 31), Test: (1722, 31)
2025-12-22 10:24:59 | INFO     | veri_cek | build_train_test_frames:504 | Merge bitti -> Train: (1886, 31), Test: (1722, 31)
2025-12-22 10:24:59 | INFO     | veri_cek | build_train_test_frames:504 | Merge bitti -> Train: (1886, 31), Test: (1722, 31)
2025-12-22 10:24:59 | INFO     | veri_cek | add_weather_features:149 | 2 hava durumu kolonu bulundu: ['windspeed_10m_max', 'windgusts_10m_max']...
2025-12-22 10:24:59 | INFO     | veri_cek | add_weather_features:149 | 2 hava durumu kolonu bulundu: ['windspeed_10m_max', 'windgusts_10m_max']...
2025-12-22 10:24:59 | INFO     | veri_cek | add_weather_features:149 | 2 hava durumu kolonu bulundu: ['windspeed_10m_max', 'windgusts_10m_max']...
2025-12-22 10:24:59 | INFO     | veri_cek | add_weather_features:149 | 2 hava durumu kolonu bulundu: ['windspeed_10m_max', 'windgusts_10m_max']...
2025-12-22 10:24:59 | INFO     | veri_cek | add_weather_features:149 | 2 hava durumu kolonu bulundu: ['windspeed_10m_max', 'windgusts_10m_max']...
2025-12-22 10:24:59 | INFO     | veri_cek | add_weather_features:149 | 2 hava durumu kolonu bulundu: ['windspeed_10m_max', 'windgusts_10m_max']...
2025-12-22 10:25:00 | INFO     | veri_cek | add_population_features:190 | 1 nüfus kolonu bulundu: ['Nufus_Sayisi']...
2025-12-22 10:25:00 | INFO     | veri_cek | add_population_features:190 | 1 nüfus kolonu bulundu: ['Nufus_Sayisi']...
2025-12-22 10:25:00 | INFO     | veri_cek | add_population_features:190 | 1 nüfus kolonu bulundu: ['Nufus_Sayisi']...
2025-12-22 10:25:00 | INFO     | veri_cek | add_population_features:190 | 1 nüfus kolonu bulundu: ['Nufus_Sayisi']...
2025-12-22 10:25:00 | INFO     | veri_cek | add_population_features:190 | 1 nüfus kolonu bulundu: ['Nufus_Sayisi']...
2025-12-22 10:25:00 | INFO     | veri_cek | add_population_features:190 | 1 nüfus kolonu bulundu: ['Nufus_Sayisi']...
2025-12-22 10:25:00 | INFO     | veri_cek | add_weather_features:149 | 2 hava durumu kolonu bulundu: ['windspeed_10m_max', 'windgusts_10m_max']...
2025-12-22 10:25:00 | INFO     | veri_cek | add_weather_features:149 | 2 hava durumu kolonu bulundu: ['windspeed_10m_max', 'windgusts_10m_max']...
2025-12-22 10:25:00 | INFO     | veri_cek | add_weather_features:149 | 2 hava durumu kolonu bulundu: ['windspeed_10m_max', 'windgusts_10m_max']...
2025-12-22 10:25:00 | INFO     | veri_cek | add_weather_features:149 | 2 hava durumu kolonu bulundu: ['windspeed_10m_max', 'windgusts_10m_max']...
2025-12-22 10:25:00 | INFO     | veri_cek | add_weather_features:149 | 2 hava durumu kolonu bulundu: ['windspeed_10m_max', 'windgusts_10m_max']...
2025-12-22 10:25:00 | INFO     | veri_cek | add_weather_features:149 | 2 hava durumu kolonu bulundu: ['windspeed_10m_max', 'windgusts_10m_max']...
2025-12-22 10:25:01 | INFO     | veri_cek | add_population_features:190 | 1 nüfus kolonu bulundu: ['Nufus_Sayisi']...
2025-12-22 10:25:01 | INFO     | veri_cek | add_population_features:190 | 1 nüfus kolonu bulundu: ['Nufus_Sayisi']...
2025-12-22 10:25:01 | INFO     | veri_cek | add_population_features:190 | 1 nüfus kolonu bulundu: ['Nufus_Sayisi']...
2025-12-22 10:25:01 | INFO     | veri_cek | add_population_features:190 | 1 nüfus kolonu bulundu: ['Nufus_Sayisi']...
2025-12-22 10:25:01 | INFO     | veri_cek | add_population_features:190 | 1 nüfus kolonu bulundu: ['Nufus_Sayisi']...
2025-12-22 10:25:01 | INFO     | veri_cek | add_population_features:190 | 1 nüfus kolonu bulundu: ['Nufus_Sayisi']...
2025-12-22 10:25:01 | INFO     | veri_cek | fetch_tables:455 | Tablolar cache'den alındı.
2025-12-22 10:25:01 | INFO     | veri_cek | fetch_tables:455 | Tablolar cache'den alındı.
2025-12-22 10:25:01 | INFO     | veri_cek | fetch_tables:455 | Tablolar cache'den alındı.
2025-12-22 10:25:01 | INFO     | veri_cek | fetch_tables:455 | Tablolar cache'den alındı.
2025-12-22 10:25:01 | INFO     | veri_cek | fetch_tables:455 | Tablolar cache'den alındı.
2025-12-22 10:25:01 | INFO     | veri_cek | fetch_tables:455 | Tablolar cache'den alındı.
2025-12-22 10:25:01 | INFO     | veri_cek | build_train_test_frames:504 | Merge bitti -> Train: (1886, 31), Test: (1722, 31)
2025-12-22 10:25:01 | INFO     | veri_cek | build_train_test_frames:504 | Merge bitti -> Train: (1886, 31), Test: (1722, 31)
2025-12-22 10:25:01 | INFO     | veri_cek | build_train_test_frames:504 | Merge bitti -> Train: (1886, 31), Test: (1722, 31)
2025-12-22 10:25:01 | INFO     | veri_cek | build_train_test_frames:504 | Merge bitti -> Train: (1886, 31), Test: (1722, 31)
2025-12-22 10:25:01 | INFO     | veri_cek | build_train_test_frames:504 | Merge bitti -> Train: (1886, 31), Test: (1722, 31)
2025-12-22 10:25:01 | INFO     | veri_cek | build_train_test_frames:504 | Merge bitti -> Train: (1886, 31), Test: (1722, 31)
2025-12-22 10:25:02 | INFO     | veri_cek | add_weather_features:149 | 2 hava durumu kolonu bulundu: ['windspeed_10m_max', 'windgusts_10m_max']...
2025-12-22 10:25:02 | INFO     | veri_cek | add_weather_features:149 | 2 hava durumu kolonu bulundu: ['windspeed_10m_max', 'windgusts_10m_max']...
2025-12-22 10:25:02 | INFO     | veri_cek | add_weather_features:149 | 2 hava durumu kolonu bulundu: ['windspeed_10m_max', 'windgusts_10m_max']...
2025-12-22 10:25:02 | INFO     | veri_cek | add_weather_features:149 | 2 hava durumu kolonu bulundu: ['windspeed_10m_max', 'windgusts_10m_max']...
2025-12-22 10:25:02 | INFO     | veri_cek | add_weather_features:149 | 2 hava durumu kolonu bulundu: ['windspeed_10m_max', 'windgusts_10m_max']...
2025-12-22 10:25:02 | INFO     | veri_cek | add_weather_features:149 | 2 hava durumu kolonu bulundu: ['windspeed_10m_max', 'windgusts_10m_max']...
2025-12-22 10:25:02 | INFO     | veri_cek | add_population_features:190 | 1 nüfus kolonu bulundu: ['Nufus_Sayisi']...
2025-12-22 10:25:02 | INFO     | veri_cek | add_population_features:190 | 1 nüfus kolonu bulundu: ['Nufus_Sayisi']...
2025-12-22 10:25:02 | INFO     | veri_cek | add_population_features:190 | 1 nüfus kolonu bulundu: ['Nufus_Sayisi']...
2025-12-22 10:25:02 | INFO     | veri_cek | add_population_features:190 | 1 nüfus kolonu bulundu: ['Nufus_Sayisi']...
2025-12-22 10:25:02 | INFO     | veri_cek | add_population_features:190 | 1 nüfus kolonu bulundu: ['Nufus_Sayisi']...
2025-12-22 10:25:02 | INFO     | veri_cek | add_population_features:190 | 1 nüfus kolonu bulundu: ['Nufus_Sayisi']...
2025-12-22 10:25:03 | INFO     | veri_cek | add_weather_features:149 | 2 hava durumu kolonu bulundu: ['windspeed_10m_max', 'windgusts_10m_max']...
2025-12-22 10:25:03 | INFO     | veri_cek | add_weather_features:149 | 2 hava durumu kolonu bulundu: ['windspeed_10m_max', 'windgusts_10m_max']...
2025-12-22 10:25:03 | INFO     | veri_cek | add_weather_features:149 | 2 hava durumu kolonu bulundu: ['windspeed_10m_max', 'windgusts_10m_max']...
2025-12-22 10:25:03 | INFO     | veri_cek | add_weather_features:149 | 2 hava durumu kolonu bulundu: ['windspeed_10m_max', 'windgusts_10m_max']...
2025-12-22 10:25:03 | INFO     | veri_cek | add_weather_features:149 | 2 hava durumu kolonu bulundu: ['windspeed_10m_max', 'windgusts_10m_max']...
2025-12-22 10:25:03 | INFO     | veri_cek | add_weather_features:149 | 2 hava durumu kolonu bulundu: ['windspeed_10m_max', 'windgusts_10m_max']...
2025-12-22 10:25:03 | INFO     | veri_cek | add_population_features:190 | 1 nüfus kolonu bulundu: ['Nufus_Sayisi']...
2025-12-22 10:25:03 | INFO     | veri_cek | add_population_features:190 | 1 nüfus kolonu bulundu: ['Nufus_Sayisi']...
2025-12-22 10:25:03 | INFO     | veri_cek | add_population_features:190 | 1 nüfus kolonu bulundu: ['Nufus_Sayisi']...
2025-12-22 10:25:03 | INFO     | veri_cek | add_population_features:190 | 1 nüfus kolonu bulundu: ['Nufus_Sayisi']...
2025-12-22 10:25:03 | INFO     | veri_cek | add_population_features:190 | 1 nüfus kolonu bulundu: ['Nufus_Sayisi']...
2025-12-22 10:25:03 | INFO     | veri_cek | add_population_features:190 | 1 nüfus kolonu bulundu: ['Nufus_Sayisi']...
2025-12-22 10:25:04 | INFO     | veri_cek | fetch_tables:455 | Tablolar cache'den alındı.
2025-12-22 10:25:04 | INFO     | veri_cek | fetch_tables:455 | Tablolar cache'den alındı.
2025-12-22 10:25:04 | INFO     | veri_cek | build_train_test_frames:504 | Merge bitti -> Train: (1886, 31), Test: (1722, 31)
2025-12-22 10:25:04 | INFO     | veri_cek | build_train_test_frames:504 | Merge bitti -> Train: (1886, 31), Test: (1722, 31)
2025-12-22 10:25:04 | INFO     | veri_cek | add_weather_features:149 | 2 hava durumu kolonu bulundu: ['windspeed_10m_max', 'windgusts_10m_max']...
2025-12-22 10:25:04 | INFO     | veri_cek | add_weather_features:149 | 2 hava durumu kolonu bulundu: ['windspeed_10m_max', 'windgusts_10m_max']...
2025-12-22 10:25:05 | INFO     | veri_cek | add_population_features:190 | 1 nüfus kolonu bulundu: ['Nufus_Sayisi']...
2025-12-22 10:25:05 | INFO     | veri_cek | add_population_features:190 | 1 nüfus kolonu bulundu: ['Nufus_Sayisi']...
2025-12-22 10:25:05 | INFO     | veri_cek | add_weather_features:149 | 2 hava durumu kolonu bulundu: ['windspeed_10m_max', 'windgusts_10m_max']...
2025-12-22 10:25:05 | INFO     | veri_cek | add_weather_features:149 | 2 hava durumu kolonu bulundu: ['windspeed_10m_max', 'windgusts_10m_max']...
2025-12-22 10:25:05 | INFO     | veri_cek | add_population_features:190 | 1 nüfus kolonu bulundu: ['Nufus_Sayisi']...
2025-12-22 10:25:05 | INFO     | veri_cek | add_population_features:190 | 1 nüfus kolonu bulundu: ['Nufus_Sayisi']...
2025-12-22 10:25:05 | INFO     | veri_cek | fetch_tables:455 | Tablolar cache'den alındı.
2025-12-22 10:25:05 | INFO     | veri_cek | fetch_tables:455 | Tablolar cache'den alındı.
2025-12-22 10:25:05 | INFO     | veri_cek | build_train_test_frames:504 | Merge bitti -> Train: (1886, 31), Test: (1722, 31)
2025-12-22 10:25:05 | INFO     | veri_cek | build_train_test_frames:504 | Merge bitti -> Train: (1886, 31), Test: (1722, 31)
2025-12-22 10:25:05 | INFO     | veri_cek | add_weather_features:149 | 2 hava durumu kolonu bulundu: ['windspeed_10m_max', 'windgusts_10m_max']...
2025-12-22 10:25:05 | INFO     | veri_cek | add_weather_features:149 | 2 hava durumu kolonu bulundu: ['windspeed_10m_max', 'windgusts_10m_max']...
2025-12-22 10:25:05 | INFO     | veri_cek | add_population_features:190 | 1 nüfus kolonu bulundu: ['Nufus_Sayisi']...
2025-12-22 10:25:05 | INFO     | veri_cek | add_population_features:190 | 1 nüfus kolonu bulundu: ['Nufus_Sayisi']...
2025-12-22 10:25:06 | INFO     | veri_cek | add_weather_features:149 | 2 hava durumu kolonu bulundu: ['windspeed_10m_max', 'windgusts_10m_max']...
2025-12-22 10:25:06 | INFO     | veri_cek | add_weather_features:149 | 2 hava durumu kolonu bulundu: ['windspeed_10m_max', 'windgusts_10m_max']...
2025-12-22 10:25:06 | INFO     | veri_cek | add_population_features:190 | 1 nüfus kolonu bulundu: ['Nufus_Sayisi']...
2025-12-22 10:25:06 | INFO     | veri_cek | add_population_features:190 | 1 nüfus kolonu bulundu: ['Nufus_Sayisi']...
2025-12-22 12:29:38 | INFO     | __main__ | lifespan:38 | ElektrAize API kapatiliyor...
2025-12-22 12:32:32 | WARNING  | rate_limiter | <module>:57 | Redis bağlantısı başarısız, in-memory kullanılacak: Timeout connecting to server
2025-12-22 12:32:32 | INFO     | rate_limiter | setup_rate_limiter:104 | Rate limiting middleware aktif ✅
2025-12-22 12:32:32 | INFO     | __main__ | lifespan:31 | ElektrAize API baslatiliyor...
2025-12-22 12:32:32 | INFO     | __main__ | lifespan:32 | ============================================================
2025-12-22 12:32:32 | INFO     | __main__ | lifespan:33 | Tum modeller yukleniyor...
2025-12-22 12:32:32 | INFO     | __main__ | lifespan:34 | ============================================================
2025-12-22 12:32:32 | INFO     | veri_cek | _initialize:402 | Supabase bağlantısı başarılı (SupabaseManager).
2025-12-22 12:32:34 | INFO     | veri_cek | fetch_tables:470 | genel_elektrik tablosu yüklendi -> (45, 2)
2025-12-22 12:32:35 | INFO     | veri_cek | fetch_tables:470 | weather tablosu yüklendi -> (2997, 8)
2025-12-22 12:32:36 | INFO     | veri_cek | fetch_tables:470 | nufus tablosu yüklendi -> (3645, 3)
2025-12-22 12:32:36 | INFO     | veri_cek | fetch_tables:470 | hizmet tablosu yüklendi -> (44, 6)
2025-12-22 12:32:37 | INFO     | veri_cek | fetch_tables:470 | train_2022_2023 tablosu yüklendi -> (1886, 19)
2025-12-22 12:32:37 | INFO     | veri_cek | fetch_tables:470 | test_2024_2025 tablosu yüklendi -> (1722, 19)
2025-12-22 12:32:37 | INFO     | veri_cek | build_train_test_frames:504 | Merge bitti -> Train: (1886, 31), Test: (1722, 31)
2025-12-22 12:32:37 | INFO     | veri_cek | add_weather_features:149 | 2 hava durumu kolonu bulundu: ['windspeed_10m_max', 'windgusts_10m_max']...
2025-12-22 12:32:37 | INFO     | veri_cek | add_population_features:190 | 1 nüfus kolonu bulundu: ['Nufus_Sayisi']...
2025-12-22 12:32:37 | INFO     | veri_cek | add_weather_features:149 | 2 hava durumu kolonu bulundu: ['windspeed_10m_max', 'windgusts_10m_max']...
2025-12-22 12:32:37 | INFO     | veri_cek | add_population_features:190 | 1 nüfus kolonu bulundu: ['Nufus_Sayisi']...
2025-12-22 12:32:38 | INFO     | veri_cek | fetch_tables:455 | Tablolar cache'den alındı.
2025-12-22 12:32:38 | INFO     | veri_cek | build_train_test_frames:504 | Merge bitti -> Train: (1886, 31), Test: (1722, 31)
2025-12-22 12:32:38 | INFO     | veri_cek | add_weather_features:149 | 2 hava durumu kolonu bulundu: ['windspeed_10m_max', 'windgusts_10m_max']...
2025-12-22 12:32:38 | INFO     | veri_cek | add_population_features:190 | 1 nüfus kolonu bulundu: ['Nufus_Sayisi']...
2025-12-22 12:32:38 | INFO     | veri_cek | add_weather_features:149 | 2 hava durumu kolonu bulundu: ['windspeed_10m_max', 'windgusts_10m_max']...
2025-12-22 12:32:38 | INFO     | veri_cek | add_population_features:190 | 1 nüfus kolonu bulundu: ['Nufus_Sayisi']...
2025-12-22 12:32:39 | INFO     | veri_cek | fetch_tables:455 | Tablolar cache'den alındı.
2025-12-22 12:32:39 | INFO     | veri_cek | build_train_test_frames:504 | Merge bitti -> Train: (1886, 31), Test: (1722, 31)
2025-12-22 12:32:39 | INFO     | veri_cek | add_weather_features:149 | 2 hava durumu kolonu bulundu: ['windspeed_10m_max', 'windgusts_10m_max']...
2025-12-22 12:32:39 | INFO     | veri_cek | add_population_features:190 | 1 nüfus kolonu bulundu: ['Nufus_Sayisi']...
2025-12-22 12:32:39 | INFO     | veri_cek | add_weather_features:149 | 2 hava durumu kolonu bulundu: ['windspeed_10m_max', 'windgusts_10m_max']...
2025-12-22 12:32:39 | INFO     | veri_cek | add_population_features:190 | 1 nüfus kolonu bulundu: ['Nufus_Sayisi']...
2025-12-22 12:32:40 | INFO     | veri_cek | fetch_tables:455 | Tablolar cache'den alındı.
2025-12-22 12:32:40 | INFO     | veri_cek | build_train_test_frames:504 | Merge bitti -> Train: (1886, 31), Test: (1722, 31)
2025-12-22 12:32:40 | INFO     | veri_cek | add_weather_features:149 | 2 hava durumu kolonu bulundu: ['windspeed_10m_max', 'windgusts_10m_max']...
2025-12-22 12:32:40 | INFO     | veri_cek | add_population_features:190 | 1 nüfus kolonu bulundu: ['Nufus_Sayisi']...
2025-12-22 12:32:40 | INFO     | veri_cek | add_weather_features:149 | 2 hava durumu kolonu bulundu: ['windspeed_10m_max', 'windgusts_10m_max']...
2025-12-22 12:32:40 | INFO     | veri_cek | add_population_features:190 | 1 nüfus kolonu bulundu: ['Nufus_Sayisi']...
2025-12-22 12:32:41 | INFO     | veri_cek | fetch_tables:455 | Tablolar cache'den alındı.
2025-12-22 12:32:41 | INFO     | veri_cek | build_train_test_frames:504 | Merge bitti -> Train: (1886, 31), Test: (1722, 31)
2025-12-22 12:32:41 | INFO     | veri_cek | add_weather_features:149 | 2 hava durumu kolonu bulundu: ['windspeed_10m_max', 'windgusts_10m_max']...
2025-12-22 12:32:41 | INFO     | veri_cek | add_population_features:190 | 1 nüfus kolonu bulundu: ['Nufus_Sayisi']...
2025-12-22 12:32:41 | INFO     | veri_cek | add_weather_features:149 | 2 hava durumu kolonu bulundu: ['windspeed_10m_max', 'windgusts_10m_max']...
2025-12-22 12:32:41 | INFO     | veri_cek | add_population_features:190 | 1 nüfus kolonu bulundu: ['Nufus_Sayisi']...
2025-12-22 12:32:42 | INFO     | veri_cek | fetch_tables:455 | Tablolar cache'den alındı.
2025-12-22 12:32:42 | INFO     | veri_cek | build_train_test_frames:504 | Merge bitti -> Train: (1886, 31), Test: (1722, 31)
2025-12-22 12:32:42 | INFO     | veri_cek | add_weather_features:149 | 2 hava durumu kolonu bulundu: ['windspeed_10m_max', 'windgusts_10m_max']...
2025-12-22 12:32:42 | INFO     | veri_cek | add_population_features:190 | 1 nüfus kolonu bulundu: ['Nufus_Sayisi']...
2025-12-22 12:32:42 | INFO     | veri_cek | add_weather_features:149 | 2 hava durumu kolonu bulundu: ['windspeed_10m_max', 'windgusts_10m_max']...
2025-12-22 12:32:42 | INFO     | veri_cek | add_population_features:190 | 1 nüfus kolonu bulundu: ['Nufus_Sayisi']...
2025-12-22 12:32:43 | INFO     | veri_cek | fetch_tables:455 | Tablolar cache'den alındı.
2025-12-22 12:32:43 | INFO     | veri_cek | build_train_test_frames:504 | Merge bitti -> Train: (1886, 31), Test: (1722, 31)
2025-12-22 12:32:43 | INFO     | veri_cek | add_weather_features:149 | 2 hava durumu kolonu bulundu: ['windspeed_10m_max', 'windgusts_10m_max']...
2025-12-22 12:32:43 | INFO     | veri_cek | add_population_features:190 | 1 nüfus kolonu bulundu: ['Nufus_Sayisi']...
2025-12-22 12:32:43 | INFO     | veri_cek | add_weather_features:149 | 2 hava durumu kolonu bulundu: ['windspeed_10m_max', 'windgusts_10m_max']...
2025-12-22 12:32:43 | INFO     | veri_cek | add_population_features:190 | 1 nüfus kolonu bulundu: ['Nufus_Sayisi']...
2025-12-22 12:32:44 | INFO     | __main__ | lifespan:36 | ElektrAize API hazir!
2025-12-22 12:58:43 | INFO     | __main__ | lifespan:38 | ElektrAize API kapatiliyor...
2025-12-22 12:59:04 | WARNING  | rate_limiter | <module>:57 | Redis bağlantısı başarısız, in-memory kullanılacak: Timeout connecting to server
2025-12-22 12:59:04 | INFO     | rate_limiter | setup_rate_limiter:104 | Rate limiting middleware aktif ✅
2025-12-22 12:59:04 | INFO     | __main__ | lifespan:31 | ElektrAize API baslatiliyor...
2025-12-22 12:59:04 | INFO     | __main__ | lifespan:32 | ============================================================
2025-12-22 12:59:04 | INFO     | __main__ | lifespan:33 | Tum modeller yukleniyor...
2025-12-22 12:59:04 | INFO     | __main__ | lifespan:34 | ============================================================
2025-12-22 12:59:04 | INFO     | veri_cek | _initialize:402 | Supabase bağlantısı başarılı (SupabaseManager).
2025-12-22 12:59:05 | INFO     | veri_cek | fetch_tables:470 | genel_elektrik tablosu yüklendi -> (45, 2)
2025-12-22 12:59:06 | INFO     | veri_cek | fetch_tables:470 | weather tablosu yüklendi -> (2997, 8)
2025-12-22 12:59:07 | INFO     | veri_cek | fetch_tables:470 | nufus tablosu yüklendi -> (3645, 3)
2025-12-22 12:59:07 | INFO     | veri_cek | fetch_tables:470 | hizmet tablosu yüklendi -> (44, 6)
2025-12-22 12:59:08 | INFO     | veri_cek | fetch_tables:470 | train_2022_2023 tablosu yüklendi -> (1886, 19)
2025-12-22 12:59:08 | INFO     | veri_cek | fetch_tables:470 | test_2024_2025 tablosu yüklendi -> (1722, 19)
2025-12-22 12:59:09 | INFO     | veri_cek | build_train_test_frames:504 | Merge bitti -> Train: (1886, 31), Test: (1722, 31)
2025-12-22 12:59:09 | INFO     | veri_cek | add_weather_features:149 | 2 hava durumu kolonu bulundu: ['windspeed_10m_max', 'windgusts_10m_max']...
2025-12-22 12:59:09 | INFO     | veri_cek | add_population_features:190 | 1 nüfus kolonu bulundu: ['Nufus_Sayisi']...
2025-12-22 12:59:09 | INFO     | veri_cek | add_weather_features:149 | 2 hava durumu kolonu bulundu: ['windspeed_10m_max', 'windgusts_10m_max']...
2025-12-22 12:59:09 | INFO     | veri_cek | add_population_features:190 | 1 nüfus kolonu bulundu: ['Nufus_Sayisi']...
2025-12-22 12:59:10 | INFO     | veri_cek | fetch_tables:455 | Tablolar cache'den alındı.
2025-12-22 12:59:10 | INFO     | veri_cek | build_train_test_frames:504 | Merge bitti -> Train: (1886, 31), Test: (1722, 31)
2025-12-22 12:59:10 | INFO     | veri_cek | add_weather_features:149 | 2 hava durumu kolonu bulundu: ['windspeed_10m_max', 'windgusts_10m_max']...
2025-12-22 12:59:10 | INFO     | veri_cek | add_population_features:190 | 1 nüfus kolonu bulundu: ['Nufus_Sayisi']...
2025-12-22 12:59:10 | INFO     | veri_cek | add_weather_features:149 | 2 hava durumu kolonu bulundu: ['windspeed_10m_max', 'windgusts_10m_max']...
2025-12-22 12:59:10 | INFO     | veri_cek | add_population_features:190 | 1 nüfus kolonu bulundu: ['Nufus_Sayisi']...
2025-12-22 12:59:11 | INFO     | veri_cek | fetch_tables:455 | Tablolar cache'den alındı.
2025-12-22 12:59:11 | INFO     | veri_cek | build_train_test_frames:504 | Merge bitti -> Train: (1886, 31), Test: (1722, 31)
2025-12-22 12:59:11 | INFO     | veri_cek | add_weather_features:149 | 2 hava durumu kolonu bulundu: ['windspeed_10m_max', 'windgusts_10m_max']...
2025-12-22 12:59:11 | INFO     | veri_cek | add_population_features:190 | 1 nüfus kolonu bulundu: ['Nufus_Sayisi']...
2025-12-22 12:59:11 | INFO     | veri_cek | add_weather_features:149 | 2 hava durumu kolonu bulundu: ['windspeed_10m_max', 'windgusts_10m_max']...
2025-12-22 12:59:11 | INFO     | veri_cek | add_population_features:190 | 1 nüfus kolonu bulundu: ['Nufus_Sayisi']...
2025-12-22 12:59:12 | INFO     | veri_cek | fetch_tables:455 | Tablolar cache'den alındı.
2025-12-22 12:59:12 | INFO     | veri_cek | build_train_test_frames:504 | Merge bitti -> Train: (1886, 31), Test: (1722, 31)
2025-12-22 12:59:12 | INFO     | veri_cek | add_weather_features:149 | 2 hava durumu kolonu bulundu: ['windspeed_10m_max', 'windgusts_10m_max']...
2025-12-22 12:59:12 | INFO     | veri_cek | add_population_features:190 | 1 nüfus kolonu bulundu: ['Nufus_Sayisi']...
2025-12-22 12:59:12 | INFO     | veri_cek | add_weather_features:149 | 2 hava durumu kolonu bulundu: ['windspeed_10m_max', 'windgusts_10m_max']...
2025-12-22 12:59:12 | INFO     | veri_cek | add_population_features:190 | 1 nüfus kolonu bulundu: ['Nufus_Sayisi']...
2025-12-22 12:59:13 | INFO     | veri_cek | fetch_tables:455 | Tablolar cache'den alındı.
2025-12-22 12:59:13 | INFO     | veri_cek | build_train_test_frames:504 | Merge bitti -> Train: (1886, 31), Test: (1722, 31)
2025-12-22 12:59:13 | INFO     | veri_cek | add_weather_features:149 | 2 hava durumu kolonu bulundu: ['windspeed_10m_max', 'windgusts_10m_max']...
2025-12-22 12:59:13 | INFO     | veri_cek | add_population_features:190 | 1 nüfus kolonu bulundu: ['Nufus_Sayisi']...
2025-12-22 12:59:13 | INFO     | veri_cek | add_weather_features:149 | 2 hava durumu kolonu bulundu: ['windspeed_10m_max', 'windgusts_10m_max']...
2025-12-22 12:59:13 | INFO     | veri_cek | add_population_features:190 | 1 nüfus kolonu bulundu: ['Nufus_Sayisi']...
2025-12-22 12:59:14 | INFO     | veri_cek | fetch_tables:455 | Tablolar cache'den alındı.
2025-12-22 12:59:14 | INFO     | veri_cek | build_train_test_frames:504 | Merge bitti -> Train: (1886, 31), Test: (1722, 31)
2025-12-22 12:59:14 | INFO     | veri_cek | add_weather_features:149 | 2 hava durumu kolonu bulundu: ['windspeed_10m_max', 'windgusts_10m_max']...
2025-12-22 12:59:14 | INFO     | veri_cek | add_population_features:190 | 1 nüfus kolonu bulundu: ['Nufus_Sayisi']...
2025-12-22 12:59:14 | INFO     | veri_cek | add_weather_features:149 | 2 hava durumu kolonu bulundu: ['windspeed_10m_max', 'windgusts_10m_max']...
2025-12-22 12:59:14 | INFO     | veri_cek | add_population_features:190 | 1 nüfus kolonu bulundu: ['Nufus_Sayisi']...
2025-12-22 12:59:15 | INFO     | veri_cek | fetch_tables:455 | Tablolar cache'den alındı.
2025-12-22 12:59:15 | INFO     | veri_cek | build_train_test_frames:504 | Merge bitti -> Train: (1886, 31), Test: (1722, 31)
2025-12-22 12:59:15 | INFO     | veri_cek | add_weather_features:149 | 2 hava durumu kolonu bulundu: ['windspeed_10m_max', 'windgusts_10m_max']...
2025-12-22 12:59:15 | INFO     | veri_cek | add_population_features:190 | 1 nüfus kolonu bulundu: ['Nufus_Sayisi']...
2025-12-22 12:59:15 | INFO     | veri_cek | add_weather_features:149 | 2 hava durumu kolonu bulundu: ['windspeed_10m_max', 'windgusts_10m_max']...
2025-12-22 12:59:15 | INFO     | veri_cek | add_population_features:190 | 1 nüfus kolonu bulundu: ['Nufus_Sayisi']...
2025-12-22 12:59:16 | INFO     | __main__ | lifespan:36 | ElektrAize API hazir!
2025-12-22 13:04:15 | ERROR    | redis_manager | get_cache:112 | Cache okuma hatası: anomaly:mesken:YOZGAT:2024-01-01:2024-12-31:0.1 - Error 22 connecting to localhost:6379. The remote computer refused the network connection.
Traceback (most recent call last):
  File "C:\Users\Göksu\OneDrive\Desktop\elektraize\ElektrAize\venv\Lib\site-packages\redis\asyncio\connection.py", line 307, in connect_check_health
    await self.retry.call_with_retry(
        lambda: self._connect(), lambda error: self.disconnect()
    )
  File "C:\Users\Göksu\OneDrive\Desktop\elektraize\ElektrAize\venv\Lib\site-packages\redis\asyncio\retry.py", line 50, in call_with_retry
    return await do()
           ^^^^^^^^^^
  File "C:\Users\Göksu\OneDrive\Desktop\elektraize\ElektrAize\venv\Lib\site-packages\redis\asyncio\connection.py", line 768, in _connect
    reader, writer = await asyncio.open_connection(
                     ^^^^^^^^^^^^^^^^^^^^^^^^^^^^^^
        **self._connection_arguments()
        ^^^^^^^^^^^^^^^^^^^^^^^^^^^^^^
    )
    ^
  File "C:\Users\Göksu\AppData\Local\Programs\Python\Python313\Lib\asyncio\streams.py", line 48, in open_connection
    transport, _ = await loop.create_connection(
                   ^^^^^^^^^^^^^^^^^^^^^^^^^^^^^
        lambda: protocol, host, port, **kwds)
        ^^^^^^^^^^^^^^^^^^^^^^^^^^^^^^^^^^^^^
  File "C:\Users\Göksu\AppData\Local\Programs\Python\Python313\Lib\asyncio\base_events.py", line 1160, in create_connection
    raise exceptions[0]
  File "C:\Users\Göksu\AppData\Local\Programs\Python\Python313\Lib\asyncio\base_events.py", line 1137, in create_connection
    sock = await self._connect_sock(
           ^^^^^^^^^^^^^^^^^^^^^^^^^
        exceptions, addrinfo, laddr_infos)
        ^^^^^^^^^^^^^^^^^^^^^^^^^^^^^^^^^^
  File "C:\Users\Göksu\AppData\Local\Programs\Python\Python313\Lib\asyncio\base_events.py", line 1040, in _connect_sock
    await self.sock_connect(sock, address)
  File "C:\Users\Göksu\AppData\Local\Programs\Python\Python313\Lib\asyncio\proactor_events.py", line 726, in sock_connect
    return await self._proactor.connect(sock, address)
           ^^^^^^^^^^^^^^^^^^^^^^^^^^^^^^^^^^^^^^^^^^^
  File "C:\Users\Göksu\AppData\Local\Programs\Python\Python313\Lib\asyncio\windows_events.py", line 804, in _poll
    value = callback(transferred, key, ov)
  File "C:\Users\Göksu\AppData\Local\Programs\Python\Python313\Lib\asyncio\windows_events.py", line 600, in finish_connect
    ov.getresult()
    ~~~~~~~~~~~~^^
ConnectionRefusedError: [WinError 1225] The remote computer refused the network connection

During handling of the above exception, another exception occurred:

Traceback (most recent call last):
  File "C:\Users\Göksu\OneDrive\Desktop\elektraize\ElektrAize\redis_manager.py", line 97, in get_cache
    value = await redis_client.get(key)
            ^^^^^^^^^^^^^^^^^^^^^^^^^^^
  File "C:\Users\Göksu\OneDrive\Desktop\elektraize\ElektrAize\venv\Lib\site-packages\redis\asyncio\client.py", line 720, in execute_command
    conn = self.connection or await pool.get_connection()
                              ^^^^^^^^^^^^^^^^^^^^^^^^^^^
  File "C:\Users\Göksu\OneDrive\Desktop\elektraize\ElektrAize\venv\Lib\site-packages\redis\asyncio\connection.py", line 1198, in get_connection
    await self.ensure_connection(connection)
  File "C:\Users\Göksu\OneDrive\Desktop\elektraize\ElektrAize\venv\Lib\site-packages\redis\asyncio\connection.py", line 1231, in ensure_connection
    await connection.connect()
  File "C:\Users\Göksu\OneDrive\Desktop\elektraize\ElektrAize\venv\Lib\site-packages\redis\asyncio\connection.py", line 298, in connect
    await self.connect_check_health(check_health=True)
  File "C:\Users\Göksu\OneDrive\Desktop\elektraize\ElektrAize\venv\Lib\site-packages\redis\asyncio\connection.py", line 317, in connect_check_health
    raise ConnectionError(self._error_message(e))
redis.exceptions.ConnectionError: Error 22 connecting to localhost:6379. The remote computer refused the network connection.
2025-12-22 13:04:15 | INFO     | veri_cek | fetch_tables:455 | Tablolar cache'den alındı.
2025-12-22 13:04:15 | INFO     | veri_cek | build_train_test_frames:504 | Merge bitti -> Train: (1886, 31), Test: (1722, 31)
2025-12-22 13:04:16 | INFO     | veri_cek | add_weather_features:149 | 2 hava durumu kolonu bulundu: ['windspeed_10m_max', 'windgusts_10m_max']...
2025-12-22 13:04:16 | INFO     | veri_cek | add_population_features:190 | 1 nüfus kolonu bulundu: ['Nufus_Sayisi']...
2025-12-22 13:04:16 | INFO     | veri_cek | add_weather_features:149 | 2 hava durumu kolonu bulundu: ['windspeed_10m_max', 'windgusts_10m_max']...
2025-12-22 13:04:16 | INFO     | veri_cek | add_population_features:190 | 1 nüfus kolonu bulundu: ['Nufus_Sayisi']...
2025-12-22 13:04:16 | INFO     | veri_cek | fetch_tables:455 | Tablolar cache'den alındı.
2025-12-22 13:04:16 | INFO     | veri_cek | build_train_test_frames:504 | Merge bitti -> Train: (1886, 31), Test: (1722, 31)
2025-12-22 13:04:16 | INFO     | veri_cek | add_weather_features:149 | 2 hava durumu kolonu bulundu: ['windspeed_10m_max', 'windgusts_10m_max']...
2025-12-22 13:04:16 | INFO     | veri_cek | add_population_features:190 | 1 nüfus kolonu bulundu: ['Nufus_Sayisi']...
2025-12-22 13:04:16 | INFO     | veri_cek | add_weather_features:149 | 2 hava durumu kolonu bulundu: ['windspeed_10m_max', 'windgusts_10m_max']...
2025-12-22 13:04:16 | INFO     | veri_cek | add_population_features:190 | 1 nüfus kolonu bulundu: ['Nufus_Sayisi']...
2025-12-22 13:04:20 | ERROR    | redis_manager | get_cache:112 | Cache okuma hatası: anomaly:ticarethane:YOZGAT:2024-01-01:2024-12-31:0.1 - Error 22 connecting to localhost:6379. The remote computer refused the network connection.
Traceback (most recent call last):
  File "C:\Users\Göksu\OneDrive\Desktop\elektraize\ElektrAize\venv\Lib\site-packages\redis\asyncio\connection.py", line 307, in connect_check_health
    await self.retry.call_with_retry(
        lambda: self._connect(), lambda error: self.disconnect()
    )
  File "C:\Users\Göksu\OneDrive\Desktop\elektraize\ElektrAize\venv\Lib\site-packages\redis\asyncio\retry.py", line 50, in call_with_retry
    return await do()
           ^^^^^^^^^^
  File "C:\Users\Göksu\OneDrive\Desktop\elektraize\ElektrAize\venv\Lib\site-packages\redis\asyncio\connection.py", line 768, in _connect
    reader, writer = await asyncio.open_connection(
                     ^^^^^^^^^^^^^^^^^^^^^^^^^^^^^^
        **self._connection_arguments()
        ^^^^^^^^^^^^^^^^^^^^^^^^^^^^^^
    )
    ^
  File "C:\Users\Göksu\AppData\Local\Programs\Python\Python313\Lib\asyncio\streams.py", line 48, in open_connection
    transport, _ = await loop.create_connection(
                   ^^^^^^^^^^^^^^^^^^^^^^^^^^^^^
        lambda: protocol, host, port, **kwds)
        ^^^^^^^^^^^^^^^^^^^^^^^^^^^^^^^^^^^^^
  File "C:\Users\Göksu\AppData\Local\Programs\Python\Python313\Lib\asyncio\base_events.py", line 1160, in create_connection
    raise exceptions[0]
  File "C:\Users\Göksu\AppData\Local\Programs\Python\Python313\Lib\asyncio\base_events.py", line 1137, in create_connection
    sock = await self._connect_sock(
           ^^^^^^^^^^^^^^^^^^^^^^^^^
        exceptions, addrinfo, laddr_infos)
        ^^^^^^^^^^^^^^^^^^^^^^^^^^^^^^^^^^
  File "C:\Users\Göksu\AppData\Local\Programs\Python\Python313\Lib\asyncio\base_events.py", line 1040, in _connect_sock
    await self.sock_connect(sock, address)
  File "C:\Users\Göksu\AppData\Local\Programs\Python\Python313\Lib\asyncio\proactor_events.py", line 726, in sock_connect
    return await self._proactor.connect(sock, address)
           ^^^^^^^^^^^^^^^^^^^^^^^^^^^^^^^^^^^^^^^^^^^
  File "C:\Users\Göksu\AppData\Local\Programs\Python\Python313\Lib\asyncio\windows_events.py", line 804, in _poll
    value = callback(transferred, key, ov)
  File "C:\Users\Göksu\AppData\Local\Programs\Python\Python313\Lib\asyncio\windows_events.py", line 600, in finish_connect
    ov.getresult()
    ~~~~~~~~~~~~^^
ConnectionRefusedError: [WinError 1225] The remote computer refused the network connection

During handling of the above exception, another exception occurred:

Traceback (most recent call last):
  File "C:\Users\Göksu\OneDrive\Desktop\elektraize\ElektrAize\redis_manager.py", line 97, in get_cache
    value = await redis_client.get(key)
            ^^^^^^^^^^^^^^^^^^^^^^^^^^^
  File "C:\Users\Göksu\OneDrive\Desktop\elektraize\ElektrAize\venv\Lib\site-packages\redis\asyncio\client.py", line 720, in execute_command
    conn = self.connection or await pool.get_connection()
                              ^^^^^^^^^^^^^^^^^^^^^^^^^^^
  File "C:\Users\Göksu\OneDrive\Desktop\elektraize\ElektrAize\venv\Lib\site-packages\redis\asyncio\connection.py", line 1198, in get_connection
    await self.ensure_connection(connection)
  File "C:\Users\Göksu\OneDrive\Desktop\elektraize\ElektrAize\venv\Lib\site-packages\redis\asyncio\connection.py", line 1231, in ensure_connection
    await connection.connect()
  File "C:\Users\Göksu\OneDrive\Desktop\elektraize\ElektrAize\venv\Lib\site-packages\redis\asyncio\connection.py", line 298, in connect
    await self.connect_check_health(check_health=True)
  File "C:\Users\Göksu\OneDrive\Desktop\elektraize\ElektrAize\venv\Lib\site-packages\redis\asyncio\connection.py", line 317, in connect_check_health
    raise ConnectionError(self._error_message(e))
redis.exceptions.ConnectionError: Error 22 connecting to localhost:6379. The remote computer refused the network connection.
2025-12-22 13:04:20 | INFO     | veri_cek | fetch_tables:455 | Tablolar cache'den alındı.
2025-12-22 13:04:20 | INFO     | veri_cek | build_train_test_frames:504 | Merge bitti -> Train: (1886, 31), Test: (1722, 31)
2025-12-22 13:04:21 | INFO     | veri_cek | add_weather_features:149 | 2 hava durumu kolonu bulundu: ['windspeed_10m_max', 'windgusts_10m_max']...
2025-12-22 13:04:21 | INFO     | veri_cek | add_population_features:190 | 1 nüfus kolonu bulundu: ['Nufus_Sayisi']...
2025-12-22 13:04:21 | INFO     | veri_cek | add_weather_features:149 | 2 hava durumu kolonu bulundu: ['windspeed_10m_max', 'windgusts_10m_max']...
2025-12-22 13:04:21 | INFO     | veri_cek | add_population_features:190 | 1 nüfus kolonu bulundu: ['Nufus_Sayisi']...
2025-12-22 13:04:21 | INFO     | veri_cek | fetch_tables:455 | Tablolar cache'den alındı.
2025-12-22 13:04:21 | INFO     | veri_cek | build_train_test_frames:504 | Merge bitti -> Train: (1886, 31), Test: (1722, 31)
2025-12-22 13:04:21 | INFO     | veri_cek | add_weather_features:149 | 2 hava durumu kolonu bulundu: ['windspeed_10m_max', 'windgusts_10m_max']...
2025-12-22 13:04:21 | INFO     | veri_cek | add_population_features:190 | 1 nüfus kolonu bulundu: ['Nufus_Sayisi']...
2025-12-22 13:04:21 | INFO     | veri_cek | add_weather_features:149 | 2 hava durumu kolonu bulundu: ['windspeed_10m_max', 'windgusts_10m_max']...
2025-12-22 13:04:21 | INFO     | veri_cek | add_population_features:190 | 1 nüfus kolonu bulundu: ['Nufus_Sayisi']...
2025-12-22 13:04:26 | ERROR    | redis_manager | get_cache:112 | Cache okuma hatası: anomaly:sanayi:YOZGAT:2024-01-01:2024-12-31:0.1 - Error 22 connecting to localhost:6379. The remote computer refused the network connection.
Traceback (most recent call last):
  File "C:\Users\Göksu\OneDrive\Desktop\elektraize\ElektrAize\venv\Lib\site-packages\redis\asyncio\connection.py", line 307, in connect_check_health
    await self.retry.call_with_retry(
        lambda: self._connect(), lambda error: self.disconnect()
    )
  File "C:\Users\Göksu\OneDrive\Desktop\elektraize\ElektrAize\venv\Lib\site-packages\redis\asyncio\retry.py", line 50, in call_with_retry
    return await do()
           ^^^^^^^^^^
  File "C:\Users\Göksu\OneDrive\Desktop\elektraize\ElektrAize\venv\Lib\site-packages\redis\asyncio\connection.py", line 768, in _connect
    reader, writer = await asyncio.open_connection(
                     ^^^^^^^^^^^^^^^^^^^^^^^^^^^^^^
        **self._connection_arguments()
        ^^^^^^^^^^^^^^^^^^^^^^^^^^^^^^
    )
    ^
  File "C:\Users\Göksu\AppData\Local\Programs\Python\Python313\Lib\asyncio\streams.py", line 48, in open_connection
    transport, _ = await loop.create_connection(
                   ^^^^^^^^^^^^^^^^^^^^^^^^^^^^^
        lambda: protocol, host, port, **kwds)
        ^^^^^^^^^^^^^^^^^^^^^^^^^^^^^^^^^^^^^
  File "C:\Users\Göksu\AppData\Local\Programs\Python\Python313\Lib\asyncio\base_events.py", line 1160, in create_connection
    raise exceptions[0]
  File "C:\Users\Göksu\AppData\Local\Programs\Python\Python313\Lib\asyncio\base_events.py", line 1137, in create_connection
    sock = await self._connect_sock(
           ^^^^^^^^^^^^^^^^^^^^^^^^^
        exceptions, addrinfo, laddr_infos)
        ^^^^^^^^^^^^^^^^^^^^^^^^^^^^^^^^^^
  File "C:\Users\Göksu\AppData\Local\Programs\Python\Python313\Lib\asyncio\base_events.py", line 1040, in _connect_sock
    await self.sock_connect(sock, address)
  File "C:\Users\Göksu\AppData\Local\Programs\Python\Python313\Lib\asyncio\proactor_events.py", line 726, in sock_connect
    return await self._proactor.connect(sock, address)
           ^^^^^^^^^^^^^^^^^^^^^^^^^^^^^^^^^^^^^^^^^^^
  File "C:\Users\Göksu\AppData\Local\Programs\Python\Python313\Lib\asyncio\windows_events.py", line 804, in _poll
    value = callback(transferred, key, ov)
  File "C:\Users\Göksu\AppData\Local\Programs\Python\Python313\Lib\asyncio\windows_events.py", line 600, in finish_connect
    ov.getresult()
    ~~~~~~~~~~~~^^
ConnectionRefusedError: [WinError 1225] The remote computer refused the network connection

During handling of the above exception, another exception occurred:

Traceback (most recent call last):
  File "C:\Users\Göksu\OneDrive\Desktop\elektraize\ElektrAize\redis_manager.py", line 97, in get_cache
    value = await redis_client.get(key)
            ^^^^^^^^^^^^^^^^^^^^^^^^^^^
  File "C:\Users\Göksu\OneDrive\Desktop\elektraize\ElektrAize\venv\Lib\site-packages\redis\asyncio\client.py", line 720, in execute_command
    conn = self.connection or await pool.get_connection()
                              ^^^^^^^^^^^^^^^^^^^^^^^^^^^
  File "C:\Users\Göksu\OneDrive\Desktop\elektraize\ElektrAize\venv\Lib\site-packages\redis\asyncio\connection.py", line 1198, in get_connection
    await self.ensure_connection(connection)
  File "C:\Users\Göksu\OneDrive\Desktop\elektraize\ElektrAize\venv\Lib\site-packages\redis\asyncio\connection.py", line 1231, in ensure_connection
    await connection.connect()
  File "C:\Users\Göksu\OneDrive\Desktop\elektraize\ElektrAize\venv\Lib\site-packages\redis\asyncio\connection.py", line 298, in connect
    await self.connect_check_health(check_health=True)
  File "C:\Users\Göksu\OneDrive\Desktop\elektraize\ElektrAize\venv\Lib\site-packages\redis\asyncio\connection.py", line 317, in connect_check_health
    raise ConnectionError(self._error_message(e))
redis.exceptions.ConnectionError: Error 22 connecting to localhost:6379. The remote computer refused the network connection.
2025-12-22 13:04:26 | INFO     | veri_cek | fetch_tables:455 | Tablolar cache'den alındı.
2025-12-22 13:04:26 | INFO     | veri_cek | build_train_test_frames:504 | Merge bitti -> Train: (1886, 31), Test: (1722, 31)
2025-12-22 13:04:26 | INFO     | veri_cek | add_weather_features:149 | 2 hava durumu kolonu bulundu: ['windspeed_10m_max', 'windgusts_10m_max']...
2025-12-22 13:04:26 | INFO     | veri_cek | add_population_features:190 | 1 nüfus kolonu bulundu: ['Nufus_Sayisi']...
2025-12-22 13:04:26 | INFO     | veri_cek | add_weather_features:149 | 2 hava durumu kolonu bulundu: ['windspeed_10m_max', 'windgusts_10m_max']...
2025-12-22 13:04:26 | INFO     | veri_cek | add_population_features:190 | 1 nüfus kolonu bulundu: ['Nufus_Sayisi']...
2025-12-22 13:04:26 | INFO     | veri_cek | fetch_tables:455 | Tablolar cache'den alındı.
2025-12-22 13:04:26 | INFO     | veri_cek | build_train_test_frames:504 | Merge bitti -> Train: (1886, 31), Test: (1722, 31)
2025-12-22 13:04:26 | INFO     | veri_cek | add_weather_features:149 | 2 hava durumu kolonu bulundu: ['windspeed_10m_max', 'windgusts_10m_max']...
2025-12-22 13:04:26 | INFO     | veri_cek | add_population_features:190 | 1 nüfus kolonu bulundu: ['Nufus_Sayisi']...
2025-12-22 13:04:26 | INFO     | veri_cek | add_weather_features:149 | 2 hava durumu kolonu bulundu: ['windspeed_10m_max', 'windgusts_10m_max']...
2025-12-22 13:04:26 | INFO     | veri_cek | add_population_features:190 | 1 nüfus kolonu bulundu: ['Nufus_Sayisi']...
2025-12-22 13:04:31 | ERROR    | redis_manager | get_cache:112 | Cache okuma hatası: anomaly:aydinlatma:YOZGAT:2024-01-01:2024-12-31:0.1 - Error 22 connecting to localhost:6379. The remote computer refused the network connection.
Traceback (most recent call last):
  File "C:\Users\Göksu\OneDrive\Desktop\elektraize\ElektrAize\venv\Lib\site-packages\redis\asyncio\connection.py", line 307, in connect_check_health
    await self.retry.call_with_retry(
        lambda: self._connect(), lambda error: self.disconnect()
    )
  File "C:\Users\Göksu\OneDrive\Desktop\elektraize\ElektrAize\venv\Lib\site-packages\redis\asyncio\retry.py", line 50, in call_with_retry
    return await do()
           ^^^^^^^^^^
  File "C:\Users\Göksu\OneDrive\Desktop\elektraize\ElektrAize\venv\Lib\site-packages\redis\asyncio\connection.py", line 768, in _connect
    reader, writer = await asyncio.open_connection(
                     ^^^^^^^^^^^^^^^^^^^^^^^^^^^^^^
        **self._connection_arguments()
        ^^^^^^^^^^^^^^^^^^^^^^^^^^^^^^
    )
    ^
  File "C:\Users\Göksu\AppData\Local\Programs\Python\Python313\Lib\asyncio\streams.py", line 48, in open_connection
    transport, _ = await loop.create_connection(
                   ^^^^^^^^^^^^^^^^^^^^^^^^^^^^^
        lambda: protocol, host, port, **kwds)
        ^^^^^^^^^^^^^^^^^^^^^^^^^^^^^^^^^^^^^
  File "C:\Users\Göksu\AppData\Local\Programs\Python\Python313\Lib\asyncio\base_events.py", line 1160, in create_connection
    raise exceptions[0]
  File "C:\Users\Göksu\AppData\Local\Programs\Python\Python313\Lib\asyncio\base_events.py", line 1137, in create_connection
    sock = await self._connect_sock(
           ^^^^^^^^^^^^^^^^^^^^^^^^^
        exceptions, addrinfo, laddr_infos)
        ^^^^^^^^^^^^^^^^^^^^^^^^^^^^^^^^^^
  File "C:\Users\Göksu\AppData\Local\Programs\Python\Python313\Lib\asyncio\base_events.py", line 1040, in _connect_sock
    await self.sock_connect(sock, address)
  File "C:\Users\Göksu\AppData\Local\Programs\Python\Python313\Lib\asyncio\proactor_events.py", line 726, in sock_connect
    return await self._proactor.connect(sock, address)
           ^^^^^^^^^^^^^^^^^^^^^^^^^^^^^^^^^^^^^^^^^^^
  File "C:\Users\Göksu\AppData\Local\Programs\Python\Python313\Lib\asyncio\windows_events.py", line 804, in _poll
    value = callback(transferred, key, ov)
  File "C:\Users\Göksu\AppData\Local\Programs\Python\Python313\Lib\asyncio\windows_events.py", line 600, in finish_connect
    ov.getresult()
    ~~~~~~~~~~~~^^
ConnectionRefusedError: [WinError 1225] The remote computer refused the network connection

During handling of the above exception, another exception occurred:

Traceback (most recent call last):
  File "C:\Users\Göksu\OneDrive\Desktop\elektraize\ElektrAize\redis_manager.py", line 97, in get_cache
    value = await redis_client.get(key)
            ^^^^^^^^^^^^^^^^^^^^^^^^^^^
  File "C:\Users\Göksu\OneDrive\Desktop\elektraize\ElektrAize\venv\Lib\site-packages\redis\asyncio\client.py", line 720, in execute_command
    conn = self.connection or await pool.get_connection()
                              ^^^^^^^^^^^^^^^^^^^^^^^^^^^
  File "C:\Users\Göksu\OneDrive\Desktop\elektraize\ElektrAize\venv\Lib\site-packages\redis\asyncio\connection.py", line 1198, in get_connection
    await self.ensure_connection(connection)
  File "C:\Users\Göksu\OneDrive\Desktop\elektraize\ElektrAize\venv\Lib\site-packages\redis\asyncio\connection.py", line 1231, in ensure_connection
    await connection.connect()
  File "C:\Users\Göksu\OneDrive\Desktop\elektraize\ElektrAize\venv\Lib\site-packages\redis\asyncio\connection.py", line 298, in connect
    await self.connect_check_health(check_health=True)
  File "C:\Users\Göksu\OneDrive\Desktop\elektraize\ElektrAize\venv\Lib\site-packages\redis\asyncio\connection.py", line 317, in connect_check_health
    raise ConnectionError(self._error_message(e))
redis.exceptions.ConnectionError: Error 22 connecting to localhost:6379. The remote computer refused the network connection.
2025-12-22 13:04:31 | INFO     | veri_cek | fetch_tables:455 | Tablolar cache'den alındı.
2025-12-22 13:04:31 | INFO     | veri_cek | build_train_test_frames:504 | Merge bitti -> Train: (1886, 31), Test: (1722, 31)
2025-12-22 13:04:31 | INFO     | veri_cek | add_weather_features:149 | 2 hava durumu kolonu bulundu: ['windspeed_10m_max', 'windgusts_10m_max']...
2025-12-22 13:04:31 | INFO     | veri_cek | add_population_features:190 | 1 nüfus kolonu bulundu: ['Nufus_Sayisi']...
2025-12-22 13:04:31 | INFO     | veri_cek | add_weather_features:149 | 2 hava durumu kolonu bulundu: ['windspeed_10m_max', 'windgusts_10m_max']...
2025-12-22 13:04:31 | INFO     | veri_cek | add_population_features:190 | 1 nüfus kolonu bulundu: ['Nufus_Sayisi']...
2025-12-22 13:04:31 | INFO     | veri_cek | fetch_tables:455 | Tablolar cache'den alındı.
2025-12-22 13:04:31 | INFO     | veri_cek | build_train_test_frames:504 | Merge bitti -> Train: (1886, 31), Test: (1722, 31)
2025-12-22 13:04:31 | INFO     | veri_cek | add_weather_features:149 | 2 hava durumu kolonu bulundu: ['windspeed_10m_max', 'windgusts_10m_max']...
2025-12-22 13:04:31 | INFO     | veri_cek | add_population_features:190 | 1 nüfus kolonu bulundu: ['Nufus_Sayisi']...
2025-12-22 13:04:31 | INFO     | veri_cek | add_weather_features:149 | 2 hava durumu kolonu bulundu: ['windspeed_10m_max', 'windgusts_10m_max']...
2025-12-22 13:04:31 | INFO     | veri_cek | add_population_features:190 | 1 nüfus kolonu bulundu: ['Nufus_Sayisi']...
2025-12-22 13:04:36 | ERROR    | redis_manager | get_cache:112 | Cache okuma hatası: anomaly:tarimsal:YOZGAT:2024-01-01:2024-12-31:0.1 - Error 22 connecting to localhost:6379. The remote computer refused the network connection.
Traceback (most recent call last):
  File "C:\Users\Göksu\OneDrive\Desktop\elektraize\ElektrAize\venv\Lib\site-packages\redis\asyncio\connection.py", line 307, in connect_check_health
    await self.retry.call_with_retry(
        lambda: self._connect(), lambda error: self.disconnect()
    )
  File "C:\Users\Göksu\OneDrive\Desktop\elektraize\ElektrAize\venv\Lib\site-packages\redis\asyncio\retry.py", line 50, in call_with_retry
    return await do()
           ^^^^^^^^^^
  File "C:\Users\Göksu\OneDrive\Desktop\elektraize\ElektrAize\venv\Lib\site-packages\redis\asyncio\connection.py", line 768, in _connect
    reader, writer = await asyncio.open_connection(
                     ^^^^^^^^^^^^^^^^^^^^^^^^^^^^^^
        **self._connection_arguments()
        ^^^^^^^^^^^^^^^^^^^^^^^^^^^^^^
    )
    ^
  File "C:\Users\Göksu\AppData\Local\Programs\Python\Python313\Lib\asyncio\streams.py", line 48, in open_connection
    transport, _ = await loop.create_connection(
                   ^^^^^^^^^^^^^^^^^^^^^^^^^^^^^
        lambda: protocol, host, port, **kwds)
        ^^^^^^^^^^^^^^^^^^^^^^^^^^^^^^^^^^^^^
  File "C:\Users\Göksu\AppData\Local\Programs\Python\Python313\Lib\asyncio\base_events.py", line 1160, in create_connection
    raise exceptions[0]
  File "C:\Users\Göksu\AppData\Local\Programs\Python\Python313\Lib\asyncio\base_events.py", line 1137, in create_connection
    sock = await self._connect_sock(
           ^^^^^^^^^^^^^^^^^^^^^^^^^
        exceptions, addrinfo, laddr_infos)
        ^^^^^^^^^^^^^^^^^^^^^^^^^^^^^^^^^^
  File "C:\Users\Göksu\AppData\Local\Programs\Python\Python313\Lib\asyncio\base_events.py", line 1040, in _connect_sock
    await self.sock_connect(sock, address)
  File "C:\Users\Göksu\AppData\Local\Programs\Python\Python313\Lib\asyncio\proactor_events.py", line 726, in sock_connect
    return await self._proactor.connect(sock, address)
           ^^^^^^^^^^^^^^^^^^^^^^^^^^^^^^^^^^^^^^^^^^^
  File "C:\Users\Göksu\AppData\Local\Programs\Python\Python313\Lib\asyncio\windows_events.py", line 804, in _poll
    value = callback(transferred, key, ov)
  File "C:\Users\Göksu\AppData\Local\Programs\Python\Python313\Lib\asyncio\windows_events.py", line 600, in finish_connect
    ov.getresult()
    ~~~~~~~~~~~~^^
ConnectionRefusedError: [WinError 1225] The remote computer refused the network connection

During handling of the above exception, another exception occurred:

Traceback (most recent call last):
  File "C:\Users\Göksu\OneDrive\Desktop\elektraize\ElektrAize\redis_manager.py", line 97, in get_cache
    value = await redis_client.get(key)
            ^^^^^^^^^^^^^^^^^^^^^^^^^^^
  File "C:\Users\Göksu\OneDrive\Desktop\elektraize\ElektrAize\venv\Lib\site-packages\redis\asyncio\client.py", line 720, in execute_command
    conn = self.connection or await pool.get_connection()
                              ^^^^^^^^^^^^^^^^^^^^^^^^^^^
  File "C:\Users\Göksu\OneDrive\Desktop\elektraize\ElektrAize\venv\Lib\site-packages\redis\asyncio\connection.py", line 1198, in get_connection
    await self.ensure_connection(connection)
  File "C:\Users\Göksu\OneDrive\Desktop\elektraize\ElektrAize\venv\Lib\site-packages\redis\asyncio\connection.py", line 1231, in ensure_connection
    await connection.connect()
  File "C:\Users\Göksu\OneDrive\Desktop\elektraize\ElektrAize\venv\Lib\site-packages\redis\asyncio\connection.py", line 298, in connect
    await self.connect_check_health(check_health=True)
  File "C:\Users\Göksu\OneDrive\Desktop\elektraize\ElektrAize\venv\Lib\site-packages\redis\asyncio\connection.py", line 317, in connect_check_health
    raise ConnectionError(self._error_message(e))
redis.exceptions.ConnectionError: Error 22 connecting to localhost:6379. The remote computer refused the network connection.
2025-12-22 13:04:36 | INFO     | veri_cek | fetch_tables:455 | Tablolar cache'den alındı.
2025-12-22 13:04:36 | INFO     | veri_cek | build_train_test_frames:504 | Merge bitti -> Train: (1886, 31), Test: (1722, 31)
2025-12-22 13:04:36 | INFO     | veri_cek | add_weather_features:149 | 2 hava durumu kolonu bulundu: ['windspeed_10m_max', 'windgusts_10m_max']...
2025-12-22 13:04:36 | INFO     | veri_cek | add_population_features:190 | 1 nüfus kolonu bulundu: ['Nufus_Sayisi']...
2025-12-22 13:04:36 | INFO     | veri_cek | add_weather_features:149 | 2 hava durumu kolonu bulundu: ['windspeed_10m_max', 'windgusts_10m_max']...
2025-12-22 13:04:36 | INFO     | veri_cek | add_population_features:190 | 1 nüfus kolonu bulundu: ['Nufus_Sayisi']...
2025-12-22 13:04:36 | INFO     | veri_cek | fetch_tables:455 | Tablolar cache'den alındı.
2025-12-22 13:04:36 | INFO     | veri_cek | build_train_test_frames:504 | Merge bitti -> Train: (1886, 31), Test: (1722, 31)
2025-12-22 13:04:36 | INFO     | veri_cek | add_weather_features:149 | 2 hava durumu kolonu bulundu: ['windspeed_10m_max', 'windgusts_10m_max']...
2025-12-22 13:04:36 | INFO     | veri_cek | add_population_features:190 | 1 nüfus kolonu bulundu: ['Nufus_Sayisi']...
2025-12-22 13:04:36 | INFO     | veri_cek | add_weather_features:149 | 2 hava durumu kolonu bulundu: ['windspeed_10m_max', 'windgusts_10m_max']...
2025-12-22 13:04:36 | INFO     | veri_cek | add_population_features:190 | 1 nüfus kolonu bulundu: ['Nufus_Sayisi']...
2025-12-22 13:04:41 | ERROR    | redis_manager | get_cache:112 | Cache okuma hatası: anomaly:diger:YOZGAT:2024-01-01:2024-12-31:0.1 - Error 22 connecting to localhost:6379. The remote computer refused the network connection.
Traceback (most recent call last):
  File "C:\Users\Göksu\OneDrive\Desktop\elektraize\ElektrAize\venv\Lib\site-packages\redis\asyncio\connection.py", line 307, in connect_check_health
    await self.retry.call_with_retry(
        lambda: self._connect(), lambda error: self.disconnect()
    )
  File "C:\Users\Göksu\OneDrive\Desktop\elektraize\ElektrAize\venv\Lib\site-packages\redis\asyncio\retry.py", line 50, in call_with_retry
    return await do()
           ^^^^^^^^^^
  File "C:\Users\Göksu\OneDrive\Desktop\elektraize\ElektrAize\venv\Lib\site-packages\redis\asyncio\connection.py", line 768, in _connect
    reader, writer = await asyncio.open_connection(
                     ^^^^^^^^^^^^^^^^^^^^^^^^^^^^^^
        **self._connection_arguments()
        ^^^^^^^^^^^^^^^^^^^^^^^^^^^^^^
    )
    ^
  File "C:\Users\Göksu\AppData\Local\Programs\Python\Python313\Lib\asyncio\streams.py", line 48, in open_connection
    transport, _ = await loop.create_connection(
                   ^^^^^^^^^^^^^^^^^^^^^^^^^^^^^
        lambda: protocol, host, port, **kwds)
        ^^^^^^^^^^^^^^^^^^^^^^^^^^^^^^^^^^^^^
  File "C:\Users\Göksu\AppData\Local\Programs\Python\Python313\Lib\asyncio\base_events.py", line 1160, in create_connection
    raise exceptions[0]
  File "C:\Users\Göksu\AppData\Local\Programs\Python\Python313\Lib\asyncio\base_events.py", line 1137, in create_connection
    sock = await self._connect_sock(
           ^^^^^^^^^^^^^^^^^^^^^^^^^
        exceptions, addrinfo, laddr_infos)
        ^^^^^^^^^^^^^^^^^^^^^^^^^^^^^^^^^^
  File "C:\Users\Göksu\AppData\Local\Programs\Python\Python313\Lib\asyncio\base_events.py", line 1040, in _connect_sock
    await self.sock_connect(sock, address)
  File "C:\Users\Göksu\AppData\Local\Programs\Python\Python313\Lib\asyncio\proactor_events.py", line 726, in sock_connect
    return await self._proactor.connect(sock, address)
           ^^^^^^^^^^^^^^^^^^^^^^^^^^^^^^^^^^^^^^^^^^^
  File "C:\Users\Göksu\AppData\Local\Programs\Python\Python313\Lib\asyncio\windows_events.py", line 804, in _poll
    value = callback(transferred, key, ov)
  File "C:\Users\Göksu\AppData\Local\Programs\Python\Python313\Lib\asyncio\windows_events.py", line 600, in finish_connect
    ov.getresult()
    ~~~~~~~~~~~~^^
ConnectionRefusedError: [WinError 1225] The remote computer refused the network connection

During handling of the above exception, another exception occurred:

Traceback (most recent call last):
  File "C:\Users\Göksu\OneDrive\Desktop\elektraize\ElektrAize\redis_manager.py", line 97, in get_cache
    value = await redis_client.get(key)
            ^^^^^^^^^^^^^^^^^^^^^^^^^^^
  File "C:\Users\Göksu\OneDrive\Desktop\elektraize\ElektrAize\venv\Lib\site-packages\redis\asyncio\client.py", line 720, in execute_command
    conn = self.connection or await pool.get_connection()
                              ^^^^^^^^^^^^^^^^^^^^^^^^^^^
  File "C:\Users\Göksu\OneDrive\Desktop\elektraize\ElektrAize\venv\Lib\site-packages\redis\asyncio\connection.py", line 1198, in get_connection
    await self.ensure_connection(connection)
  File "C:\Users\Göksu\OneDrive\Desktop\elektraize\ElektrAize\venv\Lib\site-packages\redis\asyncio\connection.py", line 1231, in ensure_connection
    await connection.connect()
  File "C:\Users\Göksu\OneDrive\Desktop\elektraize\ElektrAize\venv\Lib\site-packages\redis\asyncio\connection.py", line 298, in connect
    await self.connect_check_health(check_health=True)
  File "C:\Users\Göksu\OneDrive\Desktop\elektraize\ElektrAize\venv\Lib\site-packages\redis\asyncio\connection.py", line 317, in connect_check_health
    raise ConnectionError(self._error_message(e))
redis.exceptions.ConnectionError: Error 22 connecting to localhost:6379. The remote computer refused the network connection.
2025-12-22 13:04:41 | INFO     | veri_cek | fetch_tables:455 | Tablolar cache'den alındı.
2025-12-22 13:04:41 | INFO     | veri_cek | build_train_test_frames:504 | Merge bitti -> Train: (1886, 31), Test: (1722, 31)
2025-12-22 13:04:41 | INFO     | veri_cek | add_weather_features:149 | 2 hava durumu kolonu bulundu: ['windspeed_10m_max', 'windgusts_10m_max']...
2025-12-22 13:04:41 | INFO     | veri_cek | add_population_features:190 | 1 nüfus kolonu bulundu: ['Nufus_Sayisi']...
2025-12-22 13:04:41 | INFO     | veri_cek | add_weather_features:149 | 2 hava durumu kolonu bulundu: ['windspeed_10m_max', 'windgusts_10m_max']...
2025-12-22 13:04:41 | INFO     | veri_cek | add_population_features:190 | 1 nüfus kolonu bulundu: ['Nufus_Sayisi']...
2025-12-22 13:04:41 | INFO     | veri_cek | fetch_tables:455 | Tablolar cache'den alındı.
2025-12-22 13:04:41 | INFO     | veri_cek | build_train_test_frames:504 | Merge bitti -> Train: (1886, 31), Test: (1722, 31)
2025-12-22 13:04:41 | INFO     | veri_cek | add_weather_features:149 | 2 hava durumu kolonu bulundu: ['windspeed_10m_max', 'windgusts_10m_max']...
2025-12-22 13:04:41 | INFO     | veri_cek | add_population_features:190 | 1 nüfus kolonu bulundu: ['Nufus_Sayisi']...
2025-12-22 13:04:41 | INFO     | veri_cek | add_weather_features:149 | 2 hava durumu kolonu bulundu: ['windspeed_10m_max', 'windgusts_10m_max']...
2025-12-22 13:04:41 | INFO     | veri_cek | add_population_features:190 | 1 nüfus kolonu bulundu: ['Nufus_Sayisi']...
2025-12-22 13:04:46 | ERROR    | redis_manager | set_cache:89 | Cache kayıt hatası: anomaly:mesken:YOZGAT:2024-01-01:2024-12-31:0.1 - Error 22 connecting to localhost:6379. The remote computer refused the network connection.
Traceback (most recent call last):
  File "C:\Users\Göksu\OneDrive\Desktop\elektraize\ElektrAize\venv\Lib\site-packages\redis\asyncio\connection.py", line 307, in connect_check_health
    await self.retry.call_with_retry(
        lambda: self._connect(), lambda error: self.disconnect()
    )
  File "C:\Users\Göksu\OneDrive\Desktop\elektraize\ElektrAize\venv\Lib\site-packages\redis\asyncio\retry.py", line 50, in call_with_retry
    return await do()
           ^^^^^^^^^^
  File "C:\Users\Göksu\OneDrive\Desktop\elektraize\ElektrAize\venv\Lib\site-packages\redis\asyncio\connection.py", line 768, in _connect
    reader, writer = await asyncio.open_connection(
                     ^^^^^^^^^^^^^^^^^^^^^^^^^^^^^^
        **self._connection_arguments()
        ^^^^^^^^^^^^^^^^^^^^^^^^^^^^^^
    )
    ^
  File "C:\Users\Göksu\AppData\Local\Programs\Python\Python313\Lib\asyncio\streams.py", line 48, in open_connection
    transport, _ = await loop.create_connection(
                   ^^^^^^^^^^^^^^^^^^^^^^^^^^^^^
        lambda: protocol, host, port, **kwds)
        ^^^^^^^^^^^^^^^^^^^^^^^^^^^^^^^^^^^^^
  File "C:\Users\Göksu\AppData\Local\Programs\Python\Python313\Lib\asyncio\base_events.py", line 1160, in create_connection
    raise exceptions[0]
  File "C:\Users\Göksu\AppData\Local\Programs\Python\Python313\Lib\asyncio\base_events.py", line 1137, in create_connection
    sock = await self._connect_sock(
           ^^^^^^^^^^^^^^^^^^^^^^^^^
        exceptions, addrinfo, laddr_infos)
        ^^^^^^^^^^^^^^^^^^^^^^^^^^^^^^^^^^
  File "C:\Users\Göksu\AppData\Local\Programs\Python\Python313\Lib\asyncio\base_events.py", line 1040, in _connect_sock
    await self.sock_connect(sock, address)
  File "C:\Users\Göksu\AppData\Local\Programs\Python\Python313\Lib\asyncio\proactor_events.py", line 726, in sock_connect
    return await self._proactor.connect(sock, address)
           ^^^^^^^^^^^^^^^^^^^^^^^^^^^^^^^^^^^^^^^^^^^
  File "C:\Users\Göksu\AppData\Local\Programs\Python\Python313\Lib\asyncio\windows_events.py", line 804, in _poll
    value = callback(transferred, key, ov)
  File "C:\Users\Göksu\AppData\Local\Programs\Python\Python313\Lib\asyncio\windows_events.py", line 600, in finish_connect
    ov.getresult()
    ~~~~~~~~~~~~^^
ConnectionRefusedError: [WinError 1225] The remote computer refused the network connection

During handling of the above exception, another exception occurred:

Traceback (most recent call last):
  File "C:\Users\Göksu\OneDrive\Desktop\elektraize\ElektrAize\redis_manager.py", line 83, in set_cache
    await redis_client.set(key, serialized_value, ex=expire_seconds)
  File "C:\Users\Göksu\OneDrive\Desktop\elektraize\ElektrAize\venv\Lib\site-packages\redis\asyncio\client.py", line 720, in execute_command
    conn = self.connection or await pool.get_connection()
                              ^^^^^^^^^^^^^^^^^^^^^^^^^^^
  File "C:\Users\Göksu\OneDrive\Desktop\elektraize\ElektrAize\venv\Lib\site-packages\redis\asyncio\connection.py", line 1198, in get_connection
    await self.ensure_connection(connection)
  File "C:\Users\Göksu\OneDrive\Desktop\elektraize\ElektrAize\venv\Lib\site-packages\redis\asyncio\connection.py", line 1231, in ensure_connection
    await connection.connect()
  File "C:\Users\Göksu\OneDrive\Desktop\elektraize\ElektrAize\venv\Lib\site-packages\redis\asyncio\connection.py", line 298, in connect
    await self.connect_check_health(check_health=True)
  File "C:\Users\Göksu\OneDrive\Desktop\elektraize\ElektrAize\venv\Lib\site-packages\redis\asyncio\connection.py", line 317, in connect_check_health
    raise ConnectionError(self._error_message(e))
redis.exceptions.ConnectionError: Error 22 connecting to localhost:6379. The remote computer refused the network connection.
2025-12-22 13:04:50 | ERROR    | redis_manager | set_cache:89 | Cache kayıt hatası: anomaly:ticarethane:YOZGAT:2024-01-01:2024-12-31:0.1 - Error 22 connecting to localhost:6379. The remote computer refused the network connection.
Traceback (most recent call last):
  File "C:\Users\Göksu\OneDrive\Desktop\elektraize\ElektrAize\venv\Lib\site-packages\redis\asyncio\connection.py", line 307, in connect_check_health
    await self.retry.call_with_retry(
        lambda: self._connect(), lambda error: self.disconnect()
    )
  File "C:\Users\Göksu\OneDrive\Desktop\elektraize\ElektrAize\venv\Lib\site-packages\redis\asyncio\retry.py", line 50, in call_with_retry
    return await do()
           ^^^^^^^^^^
  File "C:\Users\Göksu\OneDrive\Desktop\elektraize\ElektrAize\venv\Lib\site-packages\redis\asyncio\connection.py", line 768, in _connect
    reader, writer = await asyncio.open_connection(
                     ^^^^^^^^^^^^^^^^^^^^^^^^^^^^^^
        **self._connection_arguments()
        ^^^^^^^^^^^^^^^^^^^^^^^^^^^^^^
    )
    ^
  File "C:\Users\Göksu\AppData\Local\Programs\Python\Python313\Lib\asyncio\streams.py", line 48, in open_connection
    transport, _ = await loop.create_connection(
                   ^^^^^^^^^^^^^^^^^^^^^^^^^^^^^
        lambda: protocol, host, port, **kwds)
        ^^^^^^^^^^^^^^^^^^^^^^^^^^^^^^^^^^^^^
  File "C:\Users\Göksu\AppData\Local\Programs\Python\Python313\Lib\asyncio\base_events.py", line 1160, in create_connection
    raise exceptions[0]
  File "C:\Users\Göksu\AppData\Local\Programs\Python\Python313\Lib\asyncio\base_events.py", line 1137, in create_connection
    sock = await self._connect_sock(
           ^^^^^^^^^^^^^^^^^^^^^^^^^
        exceptions, addrinfo, laddr_infos)
        ^^^^^^^^^^^^^^^^^^^^^^^^^^^^^^^^^^
  File "C:\Users\Göksu\AppData\Local\Programs\Python\Python313\Lib\asyncio\base_events.py", line 1040, in _connect_sock
    await self.sock_connect(sock, address)
  File "C:\Users\Göksu\AppData\Local\Programs\Python\Python313\Lib\asyncio\proactor_events.py", line 726, in sock_connect
    return await self._proactor.connect(sock, address)
           ^^^^^^^^^^^^^^^^^^^^^^^^^^^^^^^^^^^^^^^^^^^
  File "C:\Users\Göksu\AppData\Local\Programs\Python\Python313\Lib\asyncio\windows_events.py", line 804, in _poll
    value = callback(transferred, key, ov)
  File "C:\Users\Göksu\AppData\Local\Programs\Python\Python313\Lib\asyncio\windows_events.py", line 600, in finish_connect
    ov.getresult()
    ~~~~~~~~~~~~^^
ConnectionRefusedError: [WinError 1225] The remote computer refused the network connection

During handling of the above exception, another exception occurred:

Traceback (most recent call last):
  File "C:\Users\Göksu\OneDrive\Desktop\elektraize\ElektrAize\redis_manager.py", line 83, in set_cache
    await redis_client.set(key, serialized_value, ex=expire_seconds)
  File "C:\Users\Göksu\OneDrive\Desktop\elektraize\ElektrAize\venv\Lib\site-packages\redis\asyncio\client.py", line 720, in execute_command
    conn = self.connection or await pool.get_connection()
                              ^^^^^^^^^^^^^^^^^^^^^^^^^^^
  File "C:\Users\Göksu\OneDrive\Desktop\elektraize\ElektrAize\venv\Lib\site-packages\redis\asyncio\connection.py", line 1198, in get_connection
    await self.ensure_connection(connection)
  File "C:\Users\Göksu\OneDrive\Desktop\elektraize\ElektrAize\venv\Lib\site-packages\redis\asyncio\connection.py", line 1231, in ensure_connection
    await connection.connect()
  File "C:\Users\Göksu\OneDrive\Desktop\elektraize\ElektrAize\venv\Lib\site-packages\redis\asyncio\connection.py", line 298, in connect
    await self.connect_check_health(check_health=True)
  File "C:\Users\Göksu\OneDrive\Desktop\elektraize\ElektrAize\venv\Lib\site-packages\redis\asyncio\connection.py", line 317, in connect_check_health
    raise ConnectionError(self._error_message(e))
redis.exceptions.ConnectionError: Error 22 connecting to localhost:6379. The remote computer refused the network connection.
2025-12-22 13:04:54 | ERROR    | redis_manager | set_cache:89 | Cache kayıt hatası: anomaly:sanayi:YOZGAT:2024-01-01:2024-12-31:0.1 - Error 22 connecting to localhost:6379. The remote computer refused the network connection.
Traceback (most recent call last):
  File "C:\Users\Göksu\OneDrive\Desktop\elektraize\ElektrAize\venv\Lib\site-packages\redis\asyncio\connection.py", line 307, in connect_check_health
    await self.retry.call_with_retry(
        lambda: self._connect(), lambda error: self.disconnect()
    )
  File "C:\Users\Göksu\OneDrive\Desktop\elektraize\ElektrAize\venv\Lib\site-packages\redis\asyncio\retry.py", line 50, in call_with_retry
    return await do()
           ^^^^^^^^^^
  File "C:\Users\Göksu\OneDrive\Desktop\elektraize\ElektrAize\venv\Lib\site-packages\redis\asyncio\connection.py", line 768, in _connect
    reader, writer = await asyncio.open_connection(
                     ^^^^^^^^^^^^^^^^^^^^^^^^^^^^^^
        **self._connection_arguments()
        ^^^^^^^^^^^^^^^^^^^^^^^^^^^^^^
    )
    ^
  File "C:\Users\Göksu\AppData\Local\Programs\Python\Python313\Lib\asyncio\streams.py", line 48, in open_connection
    transport, _ = await loop.create_connection(
                   ^^^^^^^^^^^^^^^^^^^^^^^^^^^^^
        lambda: protocol, host, port, **kwds)
        ^^^^^^^^^^^^^^^^^^^^^^^^^^^^^^^^^^^^^
  File "C:\Users\Göksu\AppData\Local\Programs\Python\Python313\Lib\asyncio\base_events.py", line 1160, in create_connection
    raise exceptions[0]
  File "C:\Users\Göksu\AppData\Local\Programs\Python\Python313\Lib\asyncio\base_events.py", line 1137, in create_connection
    sock = await self._connect_sock(
           ^^^^^^^^^^^^^^^^^^^^^^^^^
        exceptions, addrinfo, laddr_infos)
        ^^^^^^^^^^^^^^^^^^^^^^^^^^^^^^^^^^
  File "C:\Users\Göksu\AppData\Local\Programs\Python\Python313\Lib\asyncio\base_events.py", line 1040, in _connect_sock
    await self.sock_connect(sock, address)
  File "C:\Users\Göksu\AppData\Local\Programs\Python\Python313\Lib\asyncio\proactor_events.py", line 726, in sock_connect
    return await self._proactor.connect(sock, address)
           ^^^^^^^^^^^^^^^^^^^^^^^^^^^^^^^^^^^^^^^^^^^
  File "C:\Users\Göksu\AppData\Local\Programs\Python\Python313\Lib\asyncio\windows_events.py", line 804, in _poll
    value = callback(transferred, key, ov)
  File "C:\Users\Göksu\AppData\Local\Programs\Python\Python313\Lib\asyncio\windows_events.py", line 600, in finish_connect
    ov.getresult()
    ~~~~~~~~~~~~^^
ConnectionRefusedError: [WinError 1225] The remote computer refused the network connection

During handling of the above exception, another exception occurred:

Traceback (most recent call last):
  File "C:\Users\Göksu\OneDrive\Desktop\elektraize\ElektrAize\redis_manager.py", line 83, in set_cache
    await redis_client.set(key, serialized_value, ex=expire_seconds)
  File "C:\Users\Göksu\OneDrive\Desktop\elektraize\ElektrAize\venv\Lib\site-packages\redis\asyncio\client.py", line 720, in execute_command
    conn = self.connection or await pool.get_connection()
                              ^^^^^^^^^^^^^^^^^^^^^^^^^^^
  File "C:\Users\Göksu\OneDrive\Desktop\elektraize\ElektrAize\venv\Lib\site-packages\redis\asyncio\connection.py", line 1198, in get_connection
    await self.ensure_connection(connection)
  File "C:\Users\Göksu\OneDrive\Desktop\elektraize\ElektrAize\venv\Lib\site-packages\redis\asyncio\connection.py", line 1231, in ensure_connection
    await connection.connect()
  File "C:\Users\Göksu\OneDrive\Desktop\elektraize\ElektrAize\venv\Lib\site-packages\redis\asyncio\connection.py", line 298, in connect
    await self.connect_check_health(check_health=True)
  File "C:\Users\Göksu\OneDrive\Desktop\elektraize\ElektrAize\venv\Lib\site-packages\redis\asyncio\connection.py", line 317, in connect_check_health
    raise ConnectionError(self._error_message(e))
redis.exceptions.ConnectionError: Error 22 connecting to localhost:6379. The remote computer refused the network connection.
2025-12-22 13:04:58 | ERROR    | redis_manager | set_cache:89 | Cache kayıt hatası: anomaly:aydinlatma:YOZGAT:2024-01-01:2024-12-31:0.1 - Error 22 connecting to localhost:6379. The remote computer refused the network connection.
Traceback (most recent call last):
  File "C:\Users\Göksu\OneDrive\Desktop\elektraize\ElektrAize\venv\Lib\site-packages\redis\asyncio\connection.py", line 307, in connect_check_health
    await self.retry.call_with_retry(
        lambda: self._connect(), lambda error: self.disconnect()
    )
  File "C:\Users\Göksu\OneDrive\Desktop\elektraize\ElektrAize\venv\Lib\site-packages\redis\asyncio\retry.py", line 50, in call_with_retry
    return await do()
           ^^^^^^^^^^
  File "C:\Users\Göksu\OneDrive\Desktop\elektraize\ElektrAize\venv\Lib\site-packages\redis\asyncio\connection.py", line 768, in _connect
    reader, writer = await asyncio.open_connection(
                     ^^^^^^^^^^^^^^^^^^^^^^^^^^^^^^
        **self._connection_arguments()
        ^^^^^^^^^^^^^^^^^^^^^^^^^^^^^^
    )
    ^
  File "C:\Users\Göksu\AppData\Local\Programs\Python\Python313\Lib\asyncio\streams.py", line 48, in open_connection
    transport, _ = await loop.create_connection(
                   ^^^^^^^^^^^^^^^^^^^^^^^^^^^^^
        lambda: protocol, host, port, **kwds)
        ^^^^^^^^^^^^^^^^^^^^^^^^^^^^^^^^^^^^^
  File "C:\Users\Göksu\AppData\Local\Programs\Python\Python313\Lib\asyncio\base_events.py", line 1160, in create_connection
    raise exceptions[0]
  File "C:\Users\Göksu\AppData\Local\Programs\Python\Python313\Lib\asyncio\base_events.py", line 1137, in create_connection
    sock = await self._connect_sock(
           ^^^^^^^^^^^^^^^^^^^^^^^^^
        exceptions, addrinfo, laddr_infos)
        ^^^^^^^^^^^^^^^^^^^^^^^^^^^^^^^^^^
  File "C:\Users\Göksu\AppData\Local\Programs\Python\Python313\Lib\asyncio\base_events.py", line 1040, in _connect_sock
    await self.sock_connect(sock, address)
  File "C:\Users\Göksu\AppData\Local\Programs\Python\Python313\Lib\asyncio\proactor_events.py", line 726, in sock_connect
    return await self._proactor.connect(sock, address)
           ^^^^^^^^^^^^^^^^^^^^^^^^^^^^^^^^^^^^^^^^^^^
  File "C:\Users\Göksu\AppData\Local\Programs\Python\Python313\Lib\asyncio\windows_events.py", line 804, in _poll
    value = callback(transferred, key, ov)
  File "C:\Users\Göksu\AppData\Local\Programs\Python\Python313\Lib\asyncio\windows_events.py", line 600, in finish_connect
    ov.getresult()
    ~~~~~~~~~~~~^^
ConnectionRefusedError: [WinError 1225] The remote computer refused the network connection

During handling of the above exception, another exception occurred:

Traceback (most recent call last):
  File "C:\Users\Göksu\OneDrive\Desktop\elektraize\ElektrAize\redis_manager.py", line 83, in set_cache
    await redis_client.set(key, serialized_value, ex=expire_seconds)
  File "C:\Users\Göksu\OneDrive\Desktop\elektraize\ElektrAize\venv\Lib\site-packages\redis\asyncio\client.py", line 720, in execute_command
    conn = self.connection or await pool.get_connection()
                              ^^^^^^^^^^^^^^^^^^^^^^^^^^^
  File "C:\Users\Göksu\OneDrive\Desktop\elektraize\ElektrAize\venv\Lib\site-packages\redis\asyncio\connection.py", line 1198, in get_connection
    await self.ensure_connection(connection)
  File "C:\Users\Göksu\OneDrive\Desktop\elektraize\ElektrAize\venv\Lib\site-packages\redis\asyncio\connection.py", line 1231, in ensure_connection
    await connection.connect()
  File "C:\Users\Göksu\OneDrive\Desktop\elektraize\ElektrAize\venv\Lib\site-packages\redis\asyncio\connection.py", line 298, in connect
    await self.connect_check_health(check_health=True)
  File "C:\Users\Göksu\OneDrive\Desktop\elektraize\ElektrAize\venv\Lib\site-packages\redis\asyncio\connection.py", line 317, in connect_check_health
    raise ConnectionError(self._error_message(e))
redis.exceptions.ConnectionError: Error 22 connecting to localhost:6379. The remote computer refused the network connection.
2025-12-22 13:05:02 | ERROR    | redis_manager | set_cache:89 | Cache kayıt hatası: anomaly:tarimsal:YOZGAT:2024-01-01:2024-12-31:0.1 - Error 22 connecting to localhost:6379. The remote computer refused the network connection.
Traceback (most recent call last):
  File "C:\Users\Göksu\OneDrive\Desktop\elektraize\ElektrAize\venv\Lib\site-packages\redis\asyncio\connection.py", line 307, in connect_check_health
    await self.retry.call_with_retry(
        lambda: self._connect(), lambda error: self.disconnect()
    )
  File "C:\Users\Göksu\OneDrive\Desktop\elektraize\ElektrAize\venv\Lib\site-packages\redis\asyncio\retry.py", line 50, in call_with_retry
    return await do()
           ^^^^^^^^^^
  File "C:\Users\Göksu\OneDrive\Desktop\elektraize\ElektrAize\venv\Lib\site-packages\redis\asyncio\connection.py", line 768, in _connect
    reader, writer = await asyncio.open_connection(
                     ^^^^^^^^^^^^^^^^^^^^^^^^^^^^^^
        **self._connection_arguments()
        ^^^^^^^^^^^^^^^^^^^^^^^^^^^^^^
    )
    ^
  File "C:\Users\Göksu\AppData\Local\Programs\Python\Python313\Lib\asyncio\streams.py", line 48, in open_connection
    transport, _ = await loop.create_connection(
                   ^^^^^^^^^^^^^^^^^^^^^^^^^^^^^
        lambda: protocol, host, port, **kwds)
        ^^^^^^^^^^^^^^^^^^^^^^^^^^^^^^^^^^^^^
  File "C:\Users\Göksu\AppData\Local\Programs\Python\Python313\Lib\asyncio\base_events.py", line 1160, in create_connection
    raise exceptions[0]
  File "C:\Users\Göksu\AppData\Local\Programs\Python\Python313\Lib\asyncio\base_events.py", line 1137, in create_connection
    sock = await self._connect_sock(
           ^^^^^^^^^^^^^^^^^^^^^^^^^
        exceptions, addrinfo, laddr_infos)
        ^^^^^^^^^^^^^^^^^^^^^^^^^^^^^^^^^^
  File "C:\Users\Göksu\AppData\Local\Programs\Python\Python313\Lib\asyncio\base_events.py", line 1040, in _connect_sock
    await self.sock_connect(sock, address)
  File "C:\Users\Göksu\AppData\Local\Programs\Python\Python313\Lib\asyncio\proactor_events.py", line 726, in sock_connect
    return await self._proactor.connect(sock, address)
           ^^^^^^^^^^^^^^^^^^^^^^^^^^^^^^^^^^^^^^^^^^^
  File "C:\Users\Göksu\AppData\Local\Programs\Python\Python313\Lib\asyncio\windows_events.py", line 804, in _poll
    value = callback(transferred, key, ov)
  File "C:\Users\Göksu\AppData\Local\Programs\Python\Python313\Lib\asyncio\windows_events.py", line 600, in finish_connect
    ov.getresult()
    ~~~~~~~~~~~~^^
ConnectionRefusedError: [WinError 1225] The remote computer refused the network connection

During handling of the above exception, another exception occurred:

Traceback (most recent call last):
  File "C:\Users\Göksu\OneDrive\Desktop\elektraize\ElektrAize\redis_manager.py", line 83, in set_cache
    await redis_client.set(key, serialized_value, ex=expire_seconds)
  File "C:\Users\Göksu\OneDrive\Desktop\elektraize\ElektrAize\venv\Lib\site-packages\redis\asyncio\client.py", line 720, in execute_command
    conn = self.connection or await pool.get_connection()
                              ^^^^^^^^^^^^^^^^^^^^^^^^^^^
  File "C:\Users\Göksu\OneDrive\Desktop\elektraize\ElektrAize\venv\Lib\site-packages\redis\asyncio\connection.py", line 1198, in get_connection
    await self.ensure_connection(connection)
  File "C:\Users\Göksu\OneDrive\Desktop\elektraize\ElektrAize\venv\Lib\site-packages\redis\asyncio\connection.py", line 1231, in ensure_connection
    await connection.connect()
  File "C:\Users\Göksu\OneDrive\Desktop\elektraize\ElektrAize\venv\Lib\site-packages\redis\asyncio\connection.py", line 298, in connect
    await self.connect_check_health(check_health=True)
  File "C:\Users\Göksu\OneDrive\Desktop\elektraize\ElektrAize\venv\Lib\site-packages\redis\asyncio\connection.py", line 317, in connect_check_health
    raise ConnectionError(self._error_message(e))
redis.exceptions.ConnectionError: Error 22 connecting to localhost:6379. The remote computer refused the network connection.
2025-12-22 13:05:06 | ERROR    | redis_manager | set_cache:89 | Cache kayıt hatası: anomaly:diger:YOZGAT:2024-01-01:2024-12-31:0.1 - Error 22 connecting to localhost:6379. The remote computer refused the network connection.
Traceback (most recent call last):
  File "C:\Users\Göksu\OneDrive\Desktop\elektraize\ElektrAize\venv\Lib\site-packages\redis\asyncio\connection.py", line 307, in connect_check_health
    await self.retry.call_with_retry(
        lambda: self._connect(), lambda error: self.disconnect()
    )
  File "C:\Users\Göksu\OneDrive\Desktop\elektraize\ElektrAize\venv\Lib\site-packages\redis\asyncio\retry.py", line 50, in call_with_retry
    return await do()
           ^^^^^^^^^^
  File "C:\Users\Göksu\OneDrive\Desktop\elektraize\ElektrAize\venv\Lib\site-packages\redis\asyncio\connection.py", line 768, in _connect
    reader, writer = await asyncio.open_connection(
                     ^^^^^^^^^^^^^^^^^^^^^^^^^^^^^^
        **self._connection_arguments()
        ^^^^^^^^^^^^^^^^^^^^^^^^^^^^^^
    )
    ^
  File "C:\Users\Göksu\AppData\Local\Programs\Python\Python313\Lib\asyncio\streams.py", line 48, in open_connection
    transport, _ = await loop.create_connection(
                   ^^^^^^^^^^^^^^^^^^^^^^^^^^^^^
        lambda: protocol, host, port, **kwds)
        ^^^^^^^^^^^^^^^^^^^^^^^^^^^^^^^^^^^^^
  File "C:\Users\Göksu\AppData\Local\Programs\Python\Python313\Lib\asyncio\base_events.py", line 1160, in create_connection
    raise exceptions[0]
  File "C:\Users\Göksu\AppData\Local\Programs\Python\Python313\Lib\asyncio\base_events.py", line 1137, in create_connection
    sock = await self._connect_sock(
           ^^^^^^^^^^^^^^^^^^^^^^^^^
        exceptions, addrinfo, laddr_infos)
        ^^^^^^^^^^^^^^^^^^^^^^^^^^^^^^^^^^
  File "C:\Users\Göksu\AppData\Local\Programs\Python\Python313\Lib\asyncio\base_events.py", line 1040, in _connect_sock
    await self.sock_connect(sock, address)
  File "C:\Users\Göksu\AppData\Local\Programs\Python\Python313\Lib\asyncio\proactor_events.py", line 726, in sock_connect
    return await self._proactor.connect(sock, address)
           ^^^^^^^^^^^^^^^^^^^^^^^^^^^^^^^^^^^^^^^^^^^
  File "C:\Users\Göksu\AppData\Local\Programs\Python\Python313\Lib\asyncio\windows_events.py", line 804, in _poll
    value = callback(transferred, key, ov)
  File "C:\Users\Göksu\AppData\Local\Programs\Python\Python313\Lib\asyncio\windows_events.py", line 600, in finish_connect
    ov.getresult()
    ~~~~~~~~~~~~^^
ConnectionRefusedError: [WinError 1225] The remote computer refused the network connection

During handling of the above exception, another exception occurred:

Traceback (most recent call last):
  File "C:\Users\Göksu\OneDrive\Desktop\elektraize\ElektrAize\redis_manager.py", line 83, in set_cache
    await redis_client.set(key, serialized_value, ex=expire_seconds)
  File "C:\Users\Göksu\OneDrive\Desktop\elektraize\ElektrAize\venv\Lib\site-packages\redis\asyncio\client.py", line 720, in execute_command
    conn = self.connection or await pool.get_connection()
                              ^^^^^^^^^^^^^^^^^^^^^^^^^^^
  File "C:\Users\Göksu\OneDrive\Desktop\elektraize\ElektrAize\venv\Lib\site-packages\redis\asyncio\connection.py", line 1198, in get_connection
    await self.ensure_connection(connection)
  File "C:\Users\Göksu\OneDrive\Desktop\elektraize\ElektrAize\venv\Lib\site-packages\redis\asyncio\connection.py", line 1231, in ensure_connection
    await connection.connect()
  File "C:\Users\Göksu\OneDrive\Desktop\elektraize\ElektrAize\venv\Lib\site-packages\redis\asyncio\connection.py", line 298, in connect
    await self.connect_check_health(check_health=True)
  File "C:\Users\Göksu\OneDrive\Desktop\elektraize\ElektrAize\venv\Lib\site-packages\redis\asyncio\connection.py", line 317, in connect_check_health
    raise ConnectionError(self._error_message(e))
redis.exceptions.ConnectionError: Error 22 connecting to localhost:6379. The remote computer refused the network connection.
2025-12-22 13:05:10 | ERROR    | redis_manager | get_cache:112 | Cache okuma hatası: anomaly:mesken:YOZGAT:2023-02-03:2025-02-17:0.1 - Error 22 connecting to localhost:6379. The remote computer refused the network connection.
Traceback (most recent call last):
  File "C:\Users\Göksu\OneDrive\Desktop\elektraize\ElektrAize\venv\Lib\site-packages\redis\asyncio\connection.py", line 307, in connect_check_health
    await self.retry.call_with_retry(
        lambda: self._connect(), lambda error: self.disconnect()
    )
  File "C:\Users\Göksu\OneDrive\Desktop\elektraize\ElektrAize\venv\Lib\site-packages\redis\asyncio\retry.py", line 50, in call_with_retry
    return await do()
           ^^^^^^^^^^
  File "C:\Users\Göksu\OneDrive\Desktop\elektraize\ElektrAize\venv\Lib\site-packages\redis\asyncio\connection.py", line 768, in _connect
    reader, writer = await asyncio.open_connection(
                     ^^^^^^^^^^^^^^^^^^^^^^^^^^^^^^
        **self._connection_arguments()
        ^^^^^^^^^^^^^^^^^^^^^^^^^^^^^^
    )
    ^
  File "C:\Users\Göksu\AppData\Local\Programs\Python\Python313\Lib\asyncio\streams.py", line 48, in open_connection
    transport, _ = await loop.create_connection(
                   ^^^^^^^^^^^^^^^^^^^^^^^^^^^^^
        lambda: protocol, host, port, **kwds)
        ^^^^^^^^^^^^^^^^^^^^^^^^^^^^^^^^^^^^^
  File "C:\Users\Göksu\AppData\Local\Programs\Python\Python313\Lib\asyncio\base_events.py", line 1160, in create_connection
    raise exceptions[0]
  File "C:\Users\Göksu\AppData\Local\Programs\Python\Python313\Lib\asyncio\base_events.py", line 1137, in create_connection
    sock = await self._connect_sock(
           ^^^^^^^^^^^^^^^^^^^^^^^^^
        exceptions, addrinfo, laddr_infos)
        ^^^^^^^^^^^^^^^^^^^^^^^^^^^^^^^^^^
  File "C:\Users\Göksu\AppData\Local\Programs\Python\Python313\Lib\asyncio\base_events.py", line 1040, in _connect_sock
    await self.sock_connect(sock, address)
  File "C:\Users\Göksu\AppData\Local\Programs\Python\Python313\Lib\asyncio\proactor_events.py", line 726, in sock_connect
    return await self._proactor.connect(sock, address)
           ^^^^^^^^^^^^^^^^^^^^^^^^^^^^^^^^^^^^^^^^^^^
  File "C:\Users\Göksu\AppData\Local\Programs\Python\Python313\Lib\asyncio\windows_events.py", line 804, in _poll
    value = callback(transferred, key, ov)
  File "C:\Users\Göksu\AppData\Local\Programs\Python\Python313\Lib\asyncio\windows_events.py", line 600, in finish_connect
    ov.getresult()
    ~~~~~~~~~~~~^^
ConnectionRefusedError: [WinError 1225] The remote computer refused the network connection

During handling of the above exception, another exception occurred:

Traceback (most recent call last):
  File "C:\Users\Göksu\OneDrive\Desktop\elektraize\ElektrAize\redis_manager.py", line 97, in get_cache
    value = await redis_client.get(key)
            ^^^^^^^^^^^^^^^^^^^^^^^^^^^
  File "C:\Users\Göksu\OneDrive\Desktop\elektraize\ElektrAize\venv\Lib\site-packages\redis\asyncio\client.py", line 720, in execute_command
    conn = self.connection or await pool.get_connection()
                              ^^^^^^^^^^^^^^^^^^^^^^^^^^^
  File "C:\Users\Göksu\OneDrive\Desktop\elektraize\ElektrAize\venv\Lib\site-packages\redis\asyncio\connection.py", line 1198, in get_connection
    await self.ensure_connection(connection)
  File "C:\Users\Göksu\OneDrive\Desktop\elektraize\ElektrAize\venv\Lib\site-packages\redis\asyncio\connection.py", line 1231, in ensure_connection
    await connection.connect()
  File "C:\Users\Göksu\OneDrive\Desktop\elektraize\ElektrAize\venv\Lib\site-packages\redis\asyncio\connection.py", line 298, in connect
    await self.connect_check_health(check_health=True)
  File "C:\Users\Göksu\OneDrive\Desktop\elektraize\ElektrAize\venv\Lib\site-packages\redis\asyncio\connection.py", line 317, in connect_check_health
    raise ConnectionError(self._error_message(e))
redis.exceptions.ConnectionError: Error 22 connecting to localhost:6379. The remote computer refused the network connection.
2025-12-22 13:05:10 | INFO     | veri_cek | fetch_tables:455 | Tablolar cache'den alındı.
2025-12-22 13:05:10 | INFO     | veri_cek | build_train_test_frames:504 | Merge bitti -> Train: (1886, 31), Test: (1722, 31)
2025-12-22 13:05:10 | INFO     | veri_cek | add_weather_features:149 | 2 hava durumu kolonu bulundu: ['windspeed_10m_max', 'windgusts_10m_max']...
2025-12-22 13:05:10 | INFO     | veri_cek | add_population_features:190 | 1 nüfus kolonu bulundu: ['Nufus_Sayisi']...
2025-12-22 13:05:11 | INFO     | veri_cek | add_weather_features:149 | 2 hava durumu kolonu bulundu: ['windspeed_10m_max', 'windgusts_10m_max']...
2025-12-22 13:05:11 | INFO     | veri_cek | add_population_features:190 | 1 nüfus kolonu bulundu: ['Nufus_Sayisi']...
2025-12-22 13:05:11 | INFO     | veri_cek | fetch_tables:455 | Tablolar cache'den alındı.
2025-12-22 13:05:11 | INFO     | veri_cek | build_train_test_frames:504 | Merge bitti -> Train: (1886, 31), Test: (1722, 31)
2025-12-22 13:05:11 | INFO     | veri_cek | add_weather_features:149 | 2 hava durumu kolonu bulundu: ['windspeed_10m_max', 'windgusts_10m_max']...
2025-12-22 13:05:11 | INFO     | veri_cek | add_population_features:190 | 1 nüfus kolonu bulundu: ['Nufus_Sayisi']...
2025-12-22 13:05:11 | INFO     | veri_cek | add_weather_features:149 | 2 hava durumu kolonu bulundu: ['windspeed_10m_max', 'windgusts_10m_max']...
2025-12-22 13:05:11 | INFO     | veri_cek | add_population_features:190 | 1 nüfus kolonu bulundu: ['Nufus_Sayisi']...
2025-12-22 13:05:15 | ERROR    | redis_manager | get_cache:112 | Cache okuma hatası: anomaly:ticarethane:YOZGAT:2023-02-03:2025-02-17:0.1 - Error 22 connecting to localhost:6379. The remote computer refused the network connection.
Traceback (most recent call last):
  File "C:\Users\Göksu\OneDrive\Desktop\elektraize\ElektrAize\venv\Lib\site-packages\redis\asyncio\connection.py", line 307, in connect_check_health
    await self.retry.call_with_retry(
        lambda: self._connect(), lambda error: self.disconnect()
    )
  File "C:\Users\Göksu\OneDrive\Desktop\elektraize\ElektrAize\venv\Lib\site-packages\redis\asyncio\retry.py", line 50, in call_with_retry
    return await do()
           ^^^^^^^^^^
  File "C:\Users\Göksu\OneDrive\Desktop\elektraize\ElektrAize\venv\Lib\site-packages\redis\asyncio\connection.py", line 768, in _connect
    reader, writer = await asyncio.open_connection(
                     ^^^^^^^^^^^^^^^^^^^^^^^^^^^^^^
        **self._connection_arguments()
        ^^^^^^^^^^^^^^^^^^^^^^^^^^^^^^
    )
    ^
  File "C:\Users\Göksu\AppData\Local\Programs\Python\Python313\Lib\asyncio\streams.py", line 48, in open_connection
    transport, _ = await loop.create_connection(
                   ^^^^^^^^^^^^^^^^^^^^^^^^^^^^^
        lambda: protocol, host, port, **kwds)
        ^^^^^^^^^^^^^^^^^^^^^^^^^^^^^^^^^^^^^
  File "C:\Users\Göksu\AppData\Local\Programs\Python\Python313\Lib\asyncio\base_events.py", line 1160, in create_connection
    raise exceptions[0]
  File "C:\Users\Göksu\AppData\Local\Programs\Python\Python313\Lib\asyncio\base_events.py", line 1137, in create_connection
    sock = await self._connect_sock(
           ^^^^^^^^^^^^^^^^^^^^^^^^^
        exceptions, addrinfo, laddr_infos)
        ^^^^^^^^^^^^^^^^^^^^^^^^^^^^^^^^^^
  File "C:\Users\Göksu\AppData\Local\Programs\Python\Python313\Lib\asyncio\base_events.py", line 1040, in _connect_sock
    await self.sock_connect(sock, address)
  File "C:\Users\Göksu\AppData\Local\Programs\Python\Python313\Lib\asyncio\proactor_events.py", line 726, in sock_connect
    return await self._proactor.connect(sock, address)
           ^^^^^^^^^^^^^^^^^^^^^^^^^^^^^^^^^^^^^^^^^^^
  File "C:\Users\Göksu\AppData\Local\Programs\Python\Python313\Lib\asyncio\windows_events.py", line 804, in _poll
    value = callback(transferred, key, ov)
  File "C:\Users\Göksu\AppData\Local\Programs\Python\Python313\Lib\asyncio\windows_events.py", line 600, in finish_connect
    ov.getresult()
    ~~~~~~~~~~~~^^
ConnectionRefusedError: [WinError 1225] The remote computer refused the network connection

During handling of the above exception, another exception occurred:

Traceback (most recent call last):
  File "C:\Users\Göksu\OneDrive\Desktop\elektraize\ElektrAize\redis_manager.py", line 97, in get_cache
    value = await redis_client.get(key)
            ^^^^^^^^^^^^^^^^^^^^^^^^^^^
  File "C:\Users\Göksu\OneDrive\Desktop\elektraize\ElektrAize\venv\Lib\site-packages\redis\asyncio\client.py", line 720, in execute_command
    conn = self.connection or await pool.get_connection()
                              ^^^^^^^^^^^^^^^^^^^^^^^^^^^
  File "C:\Users\Göksu\OneDrive\Desktop\elektraize\ElektrAize\venv\Lib\site-packages\redis\asyncio\connection.py", line 1198, in get_connection
    await self.ensure_connection(connection)
  File "C:\Users\Göksu\OneDrive\Desktop\elektraize\ElektrAize\venv\Lib\site-packages\redis\asyncio\connection.py", line 1231, in ensure_connection
    await connection.connect()
  File "C:\Users\Göksu\OneDrive\Desktop\elektraize\ElektrAize\venv\Lib\site-packages\redis\asyncio\connection.py", line 298, in connect
    await self.connect_check_health(check_health=True)
  File "C:\Users\Göksu\OneDrive\Desktop\elektraize\ElektrAize\venv\Lib\site-packages\redis\asyncio\connection.py", line 317, in connect_check_health
    raise ConnectionError(self._error_message(e))
redis.exceptions.ConnectionError: Error 22 connecting to localhost:6379. The remote computer refused the network connection.
2025-12-22 13:05:15 | INFO     | veri_cek | fetch_tables:455 | Tablolar cache'den alındı.
2025-12-22 13:05:15 | INFO     | veri_cek | build_train_test_frames:504 | Merge bitti -> Train: (1886, 31), Test: (1722, 31)
2025-12-22 13:05:15 | INFO     | veri_cek | add_weather_features:149 | 2 hava durumu kolonu bulundu: ['windspeed_10m_max', 'windgusts_10m_max']...
2025-12-22 13:05:15 | INFO     | veri_cek | add_population_features:190 | 1 nüfus kolonu bulundu: ['Nufus_Sayisi']...
2025-12-22 13:05:15 | INFO     | veri_cek | add_weather_features:149 | 2 hava durumu kolonu bulundu: ['windspeed_10m_max', 'windgusts_10m_max']...
2025-12-22 13:05:16 | INFO     | veri_cek | add_population_features:190 | 1 nüfus kolonu bulundu: ['Nufus_Sayisi']...
2025-12-22 13:05:16 | INFO     | veri_cek | fetch_tables:455 | Tablolar cache'den alındı.
2025-12-22 13:05:16 | INFO     | veri_cek | build_train_test_frames:504 | Merge bitti -> Train: (1886, 31), Test: (1722, 31)
2025-12-22 13:05:16 | INFO     | veri_cek | add_weather_features:149 | 2 hava durumu kolonu bulundu: ['windspeed_10m_max', 'windgusts_10m_max']...
2025-12-22 13:05:16 | INFO     | veri_cek | add_population_features:190 | 1 nüfus kolonu bulundu: ['Nufus_Sayisi']...
2025-12-22 13:05:16 | INFO     | veri_cek | add_weather_features:149 | 2 hava durumu kolonu bulundu: ['windspeed_10m_max', 'windgusts_10m_max']...
2025-12-22 13:05:16 | INFO     | veri_cek | add_population_features:190 | 1 nüfus kolonu bulundu: ['Nufus_Sayisi']...
2025-12-22 13:05:20 | ERROR    | redis_manager | get_cache:112 | Cache okuma hatası: anomaly:sanayi:YOZGAT:2023-02-03:2025-02-17:0.1 - Error 22 connecting to localhost:6379. The remote computer refused the network connection.
Traceback (most recent call last):
  File "C:\Users\Göksu\OneDrive\Desktop\elektraize\ElektrAize\venv\Lib\site-packages\redis\asyncio\connection.py", line 307, in connect_check_health
    await self.retry.call_with_retry(
        lambda: self._connect(), lambda error: self.disconnect()
    )
  File "C:\Users\Göksu\OneDrive\Desktop\elektraize\ElektrAize\venv\Lib\site-packages\redis\asyncio\retry.py", line 50, in call_with_retry
    return await do()
           ^^^^^^^^^^
  File "C:\Users\Göksu\OneDrive\Desktop\elektraize\ElektrAize\venv\Lib\site-packages\redis\asyncio\connection.py", line 768, in _connect
    reader, writer = await asyncio.open_connection(
                     ^^^^^^^^^^^^^^^^^^^^^^^^^^^^^^
        **self._connection_arguments()
        ^^^^^^^^^^^^^^^^^^^^^^^^^^^^^^
    )
    ^
  File "C:\Users\Göksu\AppData\Local\Programs\Python\Python313\Lib\asyncio\streams.py", line 48, in open_connection
    transport, _ = await loop.create_connection(
                   ^^^^^^^^^^^^^^^^^^^^^^^^^^^^^
        lambda: protocol, host, port, **kwds)
        ^^^^^^^^^^^^^^^^^^^^^^^^^^^^^^^^^^^^^
  File "C:\Users\Göksu\AppData\Local\Programs\Python\Python313\Lib\asyncio\base_events.py", line 1160, in create_connection
    raise exceptions[0]
  File "C:\Users\Göksu\AppData\Local\Programs\Python\Python313\Lib\asyncio\base_events.py", line 1137, in create_connection
    sock = await self._connect_sock(
           ^^^^^^^^^^^^^^^^^^^^^^^^^
        exceptions, addrinfo, laddr_infos)
        ^^^^^^^^^^^^^^^^^^^^^^^^^^^^^^^^^^
  File "C:\Users\Göksu\AppData\Local\Programs\Python\Python313\Lib\asyncio\base_events.py", line 1040, in _connect_sock
    await self.sock_connect(sock, address)
  File "C:\Users\Göksu\AppData\Local\Programs\Python\Python313\Lib\asyncio\proactor_events.py", line 726, in sock_connect
    return await self._proactor.connect(sock, address)
           ^^^^^^^^^^^^^^^^^^^^^^^^^^^^^^^^^^^^^^^^^^^
  File "C:\Users\Göksu\AppData\Local\Programs\Python\Python313\Lib\asyncio\windows_events.py", line 804, in _poll
    value = callback(transferred, key, ov)
  File "C:\Users\Göksu\AppData\Local\Programs\Python\Python313\Lib\asyncio\windows_events.py", line 600, in finish_connect
    ov.getresult()
    ~~~~~~~~~~~~^^
ConnectionRefusedError: [WinError 1225] The remote computer refused the network connection

During handling of the above exception, another exception occurred:

Traceback (most recent call last):
  File "C:\Users\Göksu\OneDrive\Desktop\elektraize\ElektrAize\redis_manager.py", line 97, in get_cache
    value = await redis_client.get(key)
            ^^^^^^^^^^^^^^^^^^^^^^^^^^^
  File "C:\Users\Göksu\OneDrive\Desktop\elektraize\ElektrAize\venv\Lib\site-packages\redis\asyncio\client.py", line 720, in execute_command
    conn = self.connection or await pool.get_connection()
                              ^^^^^^^^^^^^^^^^^^^^^^^^^^^
  File "C:\Users\Göksu\OneDrive\Desktop\elektraize\ElektrAize\venv\Lib\site-packages\redis\asyncio\connection.py", line 1198, in get_connection
    await self.ensure_connection(connection)
  File "C:\Users\Göksu\OneDrive\Desktop\elektraize\ElektrAize\venv\Lib\site-packages\redis\asyncio\connection.py", line 1231, in ensure_connection
    await connection.connect()
  File "C:\Users\Göksu\OneDrive\Desktop\elektraize\ElektrAize\venv\Lib\site-packages\redis\asyncio\connection.py", line 298, in connect
    await self.connect_check_health(check_health=True)
  File "C:\Users\Göksu\OneDrive\Desktop\elektraize\ElektrAize\venv\Lib\site-packages\redis\asyncio\connection.py", line 317, in connect_check_health
    raise ConnectionError(self._error_message(e))
redis.exceptions.ConnectionError: Error 22 connecting to localhost:6379. The remote computer refused the network connection.
2025-12-22 13:05:20 | INFO     | veri_cek | fetch_tables:455 | Tablolar cache'den alındı.
2025-12-22 13:05:20 | INFO     | veri_cek | build_train_test_frames:504 | Merge bitti -> Train: (1886, 31), Test: (1722, 31)
2025-12-22 13:05:20 | INFO     | veri_cek | add_weather_features:149 | 2 hava durumu kolonu bulundu: ['windspeed_10m_max', 'windgusts_10m_max']...
2025-12-22 13:05:20 | INFO     | veri_cek | add_population_features:190 | 1 nüfus kolonu bulundu: ['Nufus_Sayisi']...
2025-12-22 13:05:20 | INFO     | veri_cek | add_weather_features:149 | 2 hava durumu kolonu bulundu: ['windspeed_10m_max', 'windgusts_10m_max']...
2025-12-22 13:05:21 | INFO     | veri_cek | add_population_features:190 | 1 nüfus kolonu bulundu: ['Nufus_Sayisi']...
2025-12-22 13:05:21 | INFO     | veri_cek | fetch_tables:455 | Tablolar cache'den alındı.
2025-12-22 13:05:21 | INFO     | veri_cek | build_train_test_frames:504 | Merge bitti -> Train: (1886, 31), Test: (1722, 31)
2025-12-22 13:05:21 | INFO     | veri_cek | add_weather_features:149 | 2 hava durumu kolonu bulundu: ['windspeed_10m_max', 'windgusts_10m_max']...
2025-12-22 13:05:21 | INFO     | veri_cek | add_population_features:190 | 1 nüfus kolonu bulundu: ['Nufus_Sayisi']...
2025-12-22 13:05:21 | INFO     | veri_cek | add_weather_features:149 | 2 hava durumu kolonu bulundu: ['windspeed_10m_max', 'windgusts_10m_max']...
2025-12-22 13:05:21 | INFO     | veri_cek | add_population_features:190 | 1 nüfus kolonu bulundu: ['Nufus_Sayisi']...
2025-12-22 13:05:25 | ERROR    | redis_manager | get_cache:112 | Cache okuma hatası: anomaly:aydinlatma:YOZGAT:2023-02-03:2025-02-17:0.1 - Error 22 connecting to localhost:6379. The remote computer refused the network connection.
Traceback (most recent call last):
  File "C:\Users\Göksu\OneDrive\Desktop\elektraize\ElektrAize\venv\Lib\site-packages\redis\asyncio\connection.py", line 307, in connect_check_health
    await self.retry.call_with_retry(
        lambda: self._connect(), lambda error: self.disconnect()
    )
  File "C:\Users\Göksu\OneDrive\Desktop\elektraize\ElektrAize\venv\Lib\site-packages\redis\asyncio\retry.py", line 50, in call_with_retry
    return await do()
           ^^^^^^^^^^
  File "C:\Users\Göksu\OneDrive\Desktop\elektraize\ElektrAize\venv\Lib\site-packages\redis\asyncio\connection.py", line 768, in _connect
    reader, writer = await asyncio.open_connection(
                     ^^^^^^^^^^^^^^^^^^^^^^^^^^^^^^
        **self._connection_arguments()
        ^^^^^^^^^^^^^^^^^^^^^^^^^^^^^^
    )
    ^
  File "C:\Users\Göksu\AppData\Local\Programs\Python\Python313\Lib\asyncio\streams.py", line 48, in open_connection
    transport, _ = await loop.create_connection(
                   ^^^^^^^^^^^^^^^^^^^^^^^^^^^^^
        lambda: protocol, host, port, **kwds)
        ^^^^^^^^^^^^^^^^^^^^^^^^^^^^^^^^^^^^^
  File "C:\Users\Göksu\AppData\Local\Programs\Python\Python313\Lib\asyncio\base_events.py", line 1160, in create_connection
    raise exceptions[0]
  File "C:\Users\Göksu\AppData\Local\Programs\Python\Python313\Lib\asyncio\base_events.py", line 1137, in create_connection
    sock = await self._connect_sock(
           ^^^^^^^^^^^^^^^^^^^^^^^^^
        exceptions, addrinfo, laddr_infos)
        ^^^^^^^^^^^^^^^^^^^^^^^^^^^^^^^^^^
  File "C:\Users\Göksu\AppData\Local\Programs\Python\Python313\Lib\asyncio\base_events.py", line 1040, in _connect_sock
    await self.sock_connect(sock, address)
  File "C:\Users\Göksu\AppData\Local\Programs\Python\Python313\Lib\asyncio\proactor_events.py", line 726, in sock_connect
    return await self._proactor.connect(sock, address)
           ^^^^^^^^^^^^^^^^^^^^^^^^^^^^^^^^^^^^^^^^^^^
  File "C:\Users\Göksu\AppData\Local\Programs\Python\Python313\Lib\asyncio\windows_events.py", line 804, in _poll
    value = callback(transferred, key, ov)
  File "C:\Users\Göksu\AppData\Local\Programs\Python\Python313\Lib\asyncio\windows_events.py", line 600, in finish_connect
    ov.getresult()
    ~~~~~~~~~~~~^^
ConnectionRefusedError: [WinError 1225] The remote computer refused the network connection

During handling of the above exception, another exception occurred:

Traceback (most recent call last):
  File "C:\Users\Göksu\OneDrive\Desktop\elektraize\ElektrAize\redis_manager.py", line 97, in get_cache
    value = await redis_client.get(key)
            ^^^^^^^^^^^^^^^^^^^^^^^^^^^
  File "C:\Users\Göksu\OneDrive\Desktop\elektraize\ElektrAize\venv\Lib\site-packages\redis\asyncio\client.py", line 720, in execute_command
    conn = self.connection or await pool.get_connection()
                              ^^^^^^^^^^^^^^^^^^^^^^^^^^^
  File "C:\Users\Göksu\OneDrive\Desktop\elektraize\ElektrAize\venv\Lib\site-packages\redis\asyncio\connection.py", line 1198, in get_connection
    await self.ensure_connection(connection)
  File "C:\Users\Göksu\OneDrive\Desktop\elektraize\ElektrAize\venv\Lib\site-packages\redis\asyncio\connection.py", line 1231, in ensure_connection
    await connection.connect()
  File "C:\Users\Göksu\OneDrive\Desktop\elektraize\ElektrAize\venv\Lib\site-packages\redis\asyncio\connection.py", line 298, in connect
    await self.connect_check_health(check_health=True)
  File "C:\Users\Göksu\OneDrive\Desktop\elektraize\ElektrAize\venv\Lib\site-packages\redis\asyncio\connection.py", line 317, in connect_check_health
    raise ConnectionError(self._error_message(e))
redis.exceptions.ConnectionError: Error 22 connecting to localhost:6379. The remote computer refused the network connection.
2025-12-22 13:05:25 | INFO     | veri_cek | fetch_tables:455 | Tablolar cache'den alındı.
2025-12-22 13:05:25 | INFO     | veri_cek | build_train_test_frames:504 | Merge bitti -> Train: (1886, 31), Test: (1722, 31)
2025-12-22 13:05:25 | INFO     | veri_cek | add_weather_features:149 | 2 hava durumu kolonu bulundu: ['windspeed_10m_max', 'windgusts_10m_max']...
2025-12-22 13:05:25 | INFO     | veri_cek | add_population_features:190 | 1 nüfus kolonu bulundu: ['Nufus_Sayisi']...
2025-12-22 13:05:25 | INFO     | veri_cek | add_weather_features:149 | 2 hava durumu kolonu bulundu: ['windspeed_10m_max', 'windgusts_10m_max']...
2025-12-22 13:05:25 | INFO     | veri_cek | add_population_features:190 | 1 nüfus kolonu bulundu: ['Nufus_Sayisi']...
2025-12-22 13:05:26 | INFO     | veri_cek | fetch_tables:455 | Tablolar cache'den alındı.
2025-12-22 13:05:26 | INFO     | veri_cek | build_train_test_frames:504 | Merge bitti -> Train: (1886, 31), Test: (1722, 31)
2025-12-22 13:05:26 | INFO     | veri_cek | add_weather_features:149 | 2 hava durumu kolonu bulundu: ['windspeed_10m_max', 'windgusts_10m_max']...
2025-12-22 13:05:26 | INFO     | veri_cek | add_population_features:190 | 1 nüfus kolonu bulundu: ['Nufus_Sayisi']...
2025-12-22 13:05:26 | INFO     | veri_cek | add_weather_features:149 | 2 hava durumu kolonu bulundu: ['windspeed_10m_max', 'windgusts_10m_max']...
2025-12-22 13:05:26 | INFO     | veri_cek | add_population_features:190 | 1 nüfus kolonu bulundu: ['Nufus_Sayisi']...
2025-12-22 13:05:30 | ERROR    | redis_manager | get_cache:112 | Cache okuma hatası: anomaly:tarimsal:YOZGAT:2023-02-03:2025-02-17:0.1 - Error 22 connecting to localhost:6379. The remote computer refused the network connection.
Traceback (most recent call last):
  File "C:\Users\Göksu\OneDrive\Desktop\elektraize\ElektrAize\venv\Lib\site-packages\redis\asyncio\connection.py", line 307, in connect_check_health
    await self.retry.call_with_retry(
        lambda: self._connect(), lambda error: self.disconnect()
    )
  File "C:\Users\Göksu\OneDrive\Desktop\elektraize\ElektrAize\venv\Lib\site-packages\redis\asyncio\retry.py", line 50, in call_with_retry
    return await do()
           ^^^^^^^^^^
  File "C:\Users\Göksu\OneDrive\Desktop\elektraize\ElektrAize\venv\Lib\site-packages\redis\asyncio\connection.py", line 768, in _connect
    reader, writer = await asyncio.open_connection(
                     ^^^^^^^^^^^^^^^^^^^^^^^^^^^^^^
        **self._connection_arguments()
        ^^^^^^^^^^^^^^^^^^^^^^^^^^^^^^
    )
    ^
  File "C:\Users\Göksu\AppData\Local\Programs\Python\Python313\Lib\asyncio\streams.py", line 48, in open_connection
    transport, _ = await loop.create_connection(
                   ^^^^^^^^^^^^^^^^^^^^^^^^^^^^^
        lambda: protocol, host, port, **kwds)
        ^^^^^^^^^^^^^^^^^^^^^^^^^^^^^^^^^^^^^
  File "C:\Users\Göksu\AppData\Local\Programs\Python\Python313\Lib\asyncio\base_events.py", line 1160, in create_connection
    raise exceptions[0]
  File "C:\Users\Göksu\AppData\Local\Programs\Python\Python313\Lib\asyncio\base_events.py", line 1137, in create_connection
    sock = await self._connect_sock(
           ^^^^^^^^^^^^^^^^^^^^^^^^^
        exceptions, addrinfo, laddr_infos)
        ^^^^^^^^^^^^^^^^^^^^^^^^^^^^^^^^^^
  File "C:\Users\Göksu\AppData\Local\Programs\Python\Python313\Lib\asyncio\base_events.py", line 1040, in _connect_sock
    await self.sock_connect(sock, address)
  File "C:\Users\Göksu\AppData\Local\Programs\Python\Python313\Lib\asyncio\proactor_events.py", line 726, in sock_connect
    return await self._proactor.connect(sock, address)
           ^^^^^^^^^^^^^^^^^^^^^^^^^^^^^^^^^^^^^^^^^^^
  File "C:\Users\Göksu\AppData\Local\Programs\Python\Python313\Lib\asyncio\windows_events.py", line 804, in _poll
    value = callback(transferred, key, ov)
  File "C:\Users\Göksu\AppData\Local\Programs\Python\Python313\Lib\asyncio\windows_events.py", line 600, in finish_connect
    ov.getresult()
    ~~~~~~~~~~~~^^
ConnectionRefusedError: [WinError 1225] The remote computer refused the network connection

During handling of the above exception, another exception occurred:

Traceback (most recent call last):
  File "C:\Users\Göksu\OneDrive\Desktop\elektraize\ElektrAize\redis_manager.py", line 97, in get_cache
    value = await redis_client.get(key)
            ^^^^^^^^^^^^^^^^^^^^^^^^^^^
  File "C:\Users\Göksu\OneDrive\Desktop\elektraize\ElektrAize\venv\Lib\site-packages\redis\asyncio\client.py", line 720, in execute_command
    conn = self.connection or await pool.get_connection()
                              ^^^^^^^^^^^^^^^^^^^^^^^^^^^
  File "C:\Users\Göksu\OneDrive\Desktop\elektraize\ElektrAize\venv\Lib\site-packages\redis\asyncio\connection.py", line 1198, in get_connection
    await self.ensure_connection(connection)
  File "C:\Users\Göksu\OneDrive\Desktop\elektraize\ElektrAize\venv\Lib\site-packages\redis\asyncio\connection.py", line 1231, in ensure_connection
    await connection.connect()
  File "C:\Users\Göksu\OneDrive\Desktop\elektraize\ElektrAize\venv\Lib\site-packages\redis\asyncio\connection.py", line 298, in connect
    await self.connect_check_health(check_health=True)
  File "C:\Users\Göksu\OneDrive\Desktop\elektraize\ElektrAize\venv\Lib\site-packages\redis\asyncio\connection.py", line 317, in connect_check_health
    raise ConnectionError(self._error_message(e))
redis.exceptions.ConnectionError: Error 22 connecting to localhost:6379. The remote computer refused the network connection.
2025-12-22 13:05:30 | INFO     | veri_cek | fetch_tables:455 | Tablolar cache'den alındı.
2025-12-22 13:05:30 | INFO     | veri_cek | build_train_test_frames:504 | Merge bitti -> Train: (1886, 31), Test: (1722, 31)
2025-12-22 13:05:30 | INFO     | veri_cek | add_weather_features:149 | 2 hava durumu kolonu bulundu: ['windspeed_10m_max', 'windgusts_10m_max']...
2025-12-22 13:05:30 | INFO     | veri_cek | add_population_features:190 | 1 nüfus kolonu bulundu: ['Nufus_Sayisi']...
2025-12-22 13:05:31 | INFO     | veri_cek | add_weather_features:149 | 2 hava durumu kolonu bulundu: ['windspeed_10m_max', 'windgusts_10m_max']...
2025-12-22 13:05:31 | INFO     | veri_cek | add_population_features:190 | 1 nüfus kolonu bulundu: ['Nufus_Sayisi']...
2025-12-22 13:05:31 | INFO     | veri_cek | fetch_tables:455 | Tablolar cache'den alındı.
2025-12-22 13:05:31 | INFO     | veri_cek | build_train_test_frames:504 | Merge bitti -> Train: (1886, 31), Test: (1722, 31)
2025-12-22 13:05:31 | INFO     | veri_cek | add_weather_features:149 | 2 hava durumu kolonu bulundu: ['windspeed_10m_max', 'windgusts_10m_max']...
2025-12-22 13:05:31 | INFO     | veri_cek | add_population_features:190 | 1 nüfus kolonu bulundu: ['Nufus_Sayisi']...
2025-12-22 13:05:31 | INFO     | veri_cek | add_weather_features:149 | 2 hava durumu kolonu bulundu: ['windspeed_10m_max', 'windgusts_10m_max']...
2025-12-22 13:05:31 | INFO     | veri_cek | add_population_features:190 | 1 nüfus kolonu bulundu: ['Nufus_Sayisi']...
2025-12-22 13:05:35 | ERROR    | redis_manager | get_cache:112 | Cache okuma hatası: anomaly:diger:YOZGAT:2023-02-03:2025-02-17:0.1 - Error 22 connecting to localhost:6379. The remote computer refused the network connection.
Traceback (most recent call last):
  File "C:\Users\Göksu\OneDrive\Desktop\elektraize\ElektrAize\venv\Lib\site-packages\redis\asyncio\connection.py", line 307, in connect_check_health
    await self.retry.call_with_retry(
        lambda: self._connect(), lambda error: self.disconnect()
    )
  File "C:\Users\Göksu\OneDrive\Desktop\elektraize\ElektrAize\venv\Lib\site-packages\redis\asyncio\retry.py", line 50, in call_with_retry
    return await do()
           ^^^^^^^^^^
  File "C:\Users\Göksu\OneDrive\Desktop\elektraize\ElektrAize\venv\Lib\site-packages\redis\asyncio\connection.py", line 768, in _connect
    reader, writer = await asyncio.open_connection(
                     ^^^^^^^^^^^^^^^^^^^^^^^^^^^^^^
        **self._connection_arguments()
        ^^^^^^^^^^^^^^^^^^^^^^^^^^^^^^
    )
    ^
  File "C:\Users\Göksu\AppData\Local\Programs\Python\Python313\Lib\asyncio\streams.py", line 48, in open_connection
    transport, _ = await loop.create_connection(
                   ^^^^^^^^^^^^^^^^^^^^^^^^^^^^^
        lambda: protocol, host, port, **kwds)
        ^^^^^^^^^^^^^^^^^^^^^^^^^^^^^^^^^^^^^
  File "C:\Users\Göksu\AppData\Local\Programs\Python\Python313\Lib\asyncio\base_events.py", line 1160, in create_connection
    raise exceptions[0]
  File "C:\Users\Göksu\AppData\Local\Programs\Python\Python313\Lib\asyncio\base_events.py", line 1137, in create_connection
    sock = await self._connect_sock(
           ^^^^^^^^^^^^^^^^^^^^^^^^^
        exceptions, addrinfo, laddr_infos)
        ^^^^^^^^^^^^^^^^^^^^^^^^^^^^^^^^^^
  File "C:\Users\Göksu\AppData\Local\Programs\Python\Python313\Lib\asyncio\base_events.py", line 1040, in _connect_sock
    await self.sock_connect(sock, address)
  File "C:\Users\Göksu\AppData\Local\Programs\Python\Python313\Lib\asyncio\proactor_events.py", line 726, in sock_connect
    return await self._proactor.connect(sock, address)
           ^^^^^^^^^^^^^^^^^^^^^^^^^^^^^^^^^^^^^^^^^^^
  File "C:\Users\Göksu\AppData\Local\Programs\Python\Python313\Lib\asyncio\windows_events.py", line 804, in _poll
    value = callback(transferred, key, ov)
  File "C:\Users\Göksu\AppData\Local\Programs\Python\Python313\Lib\asyncio\windows_events.py", line 600, in finish_connect
    ov.getresult()
    ~~~~~~~~~~~~^^
ConnectionRefusedError: [WinError 1225] The remote computer refused the network connection

During handling of the above exception, another exception occurred:

Traceback (most recent call last):
  File "C:\Users\Göksu\OneDrive\Desktop\elektraize\ElektrAize\redis_manager.py", line 97, in get_cache
    value = await redis_client.get(key)
            ^^^^^^^^^^^^^^^^^^^^^^^^^^^
  File "C:\Users\Göksu\OneDrive\Desktop\elektraize\ElektrAize\venv\Lib\site-packages\redis\asyncio\client.py", line 720, in execute_command
    conn = self.connection or await pool.get_connection()
                              ^^^^^^^^^^^^^^^^^^^^^^^^^^^
  File "C:\Users\Göksu\OneDrive\Desktop\elektraize\ElektrAize\venv\Lib\site-packages\redis\asyncio\connection.py", line 1198, in get_connection
    await self.ensure_connection(connection)
  File "C:\Users\Göksu\OneDrive\Desktop\elektraize\ElektrAize\venv\Lib\site-packages\redis\asyncio\connection.py", line 1231, in ensure_connection
    await connection.connect()
  File "C:\Users\Göksu\OneDrive\Desktop\elektraize\ElektrAize\venv\Lib\site-packages\redis\asyncio\connection.py", line 298, in connect
    await self.connect_check_health(check_health=True)
  File "C:\Users\Göksu\OneDrive\Desktop\elektraize\ElektrAize\venv\Lib\site-packages\redis\asyncio\connection.py", line 317, in connect_check_health
    raise ConnectionError(self._error_message(e))
redis.exceptions.ConnectionError: Error 22 connecting to localhost:6379. The remote computer refused the network connection.
2025-12-22 13:05:35 | INFO     | veri_cek | fetch_tables:455 | Tablolar cache'den alındı.
2025-12-22 13:05:35 | INFO     | veri_cek | build_train_test_frames:504 | Merge bitti -> Train: (1886, 31), Test: (1722, 31)
2025-12-22 13:05:35 | INFO     | veri_cek | add_weather_features:149 | 2 hava durumu kolonu bulundu: ['windspeed_10m_max', 'windgusts_10m_max']...
2025-12-22 13:05:35 | INFO     | veri_cek | add_population_features:190 | 1 nüfus kolonu bulundu: ['Nufus_Sayisi']...
2025-12-22 13:05:36 | INFO     | veri_cek | add_weather_features:149 | 2 hava durumu kolonu bulundu: ['windspeed_10m_max', 'windgusts_10m_max']...
2025-12-22 13:05:36 | INFO     | veri_cek | add_population_features:190 | 1 nüfus kolonu bulundu: ['Nufus_Sayisi']...
2025-12-22 13:05:36 | INFO     | veri_cek | fetch_tables:455 | Tablolar cache'den alındı.
2025-12-22 13:05:36 | INFO     | veri_cek | build_train_test_frames:504 | Merge bitti -> Train: (1886, 31), Test: (1722, 31)
2025-12-22 13:05:36 | INFO     | veri_cek | add_weather_features:149 | 2 hava durumu kolonu bulundu: ['windspeed_10m_max', 'windgusts_10m_max']...
2025-12-22 13:05:36 | INFO     | veri_cek | add_population_features:190 | 1 nüfus kolonu bulundu: ['Nufus_Sayisi']...
2025-12-22 13:05:36 | INFO     | veri_cek | add_weather_features:149 | 2 hava durumu kolonu bulundu: ['windspeed_10m_max', 'windgusts_10m_max']...
2025-12-22 13:05:36 | INFO     | veri_cek | add_population_features:190 | 1 nüfus kolonu bulundu: ['Nufus_Sayisi']...
2025-12-22 13:05:40 | ERROR    | redis_manager | set_cache:89 | Cache kayıt hatası: anomaly:mesken:YOZGAT:2023-02-03:2025-02-17:0.1 - Error 22 connecting to localhost:6379. The remote computer refused the network connection.
Traceback (most recent call last):
  File "C:\Users\Göksu\OneDrive\Desktop\elektraize\ElektrAize\venv\Lib\site-packages\redis\asyncio\connection.py", line 307, in connect_check_health
    await self.retry.call_with_retry(
        lambda: self._connect(), lambda error: self.disconnect()
    )
  File "C:\Users\Göksu\OneDrive\Desktop\elektraize\ElektrAize\venv\Lib\site-packages\redis\asyncio\retry.py", line 50, in call_with_retry
    return await do()
           ^^^^^^^^^^
  File "C:\Users\Göksu\OneDrive\Desktop\elektraize\ElektrAize\venv\Lib\site-packages\redis\asyncio\connection.py", line 768, in _connect
    reader, writer = await asyncio.open_connection(
                     ^^^^^^^^^^^^^^^^^^^^^^^^^^^^^^
        **self._connection_arguments()
        ^^^^^^^^^^^^^^^^^^^^^^^^^^^^^^
    )
    ^
  File "C:\Users\Göksu\AppData\Local\Programs\Python\Python313\Lib\asyncio\streams.py", line 48, in open_connection
    transport, _ = await loop.create_connection(
                   ^^^^^^^^^^^^^^^^^^^^^^^^^^^^^
        lambda: protocol, host, port, **kwds)
        ^^^^^^^^^^^^^^^^^^^^^^^^^^^^^^^^^^^^^
  File "C:\Users\Göksu\AppData\Local\Programs\Python\Python313\Lib\asyncio\base_events.py", line 1160, in create_connection
    raise exceptions[0]
  File "C:\Users\Göksu\AppData\Local\Programs\Python\Python313\Lib\asyncio\base_events.py", line 1137, in create_connection
    sock = await self._connect_sock(
           ^^^^^^^^^^^^^^^^^^^^^^^^^
        exceptions, addrinfo, laddr_infos)
        ^^^^^^^^^^^^^^^^^^^^^^^^^^^^^^^^^^
  File "C:\Users\Göksu\AppData\Local\Programs\Python\Python313\Lib\asyncio\base_events.py", line 1040, in _connect_sock
    await self.sock_connect(sock, address)
  File "C:\Users\Göksu\AppData\Local\Programs\Python\Python313\Lib\asyncio\proactor_events.py", line 726, in sock_connect
    return await self._proactor.connect(sock, address)
           ^^^^^^^^^^^^^^^^^^^^^^^^^^^^^^^^^^^^^^^^^^^
  File "C:\Users\Göksu\AppData\Local\Programs\Python\Python313\Lib\asyncio\windows_events.py", line 804, in _poll
    value = callback(transferred, key, ov)
  File "C:\Users\Göksu\AppData\Local\Programs\Python\Python313\Lib\asyncio\windows_events.py", line 600, in finish_connect
    ov.getresult()
    ~~~~~~~~~~~~^^
ConnectionRefusedError: [WinError 1225] The remote computer refused the network connection

During handling of the above exception, another exception occurred:

Traceback (most recent call last):
  File "C:\Users\Göksu\OneDrive\Desktop\elektraize\ElektrAize\redis_manager.py", line 83, in set_cache
    await redis_client.set(key, serialized_value, ex=expire_seconds)
  File "C:\Users\Göksu\OneDrive\Desktop\elektraize\ElektrAize\venv\Lib\site-packages\redis\asyncio\client.py", line 720, in execute_command
    conn = self.connection or await pool.get_connection()
                              ^^^^^^^^^^^^^^^^^^^^^^^^^^^
  File "C:\Users\Göksu\OneDrive\Desktop\elektraize\ElektrAize\venv\Lib\site-packages\redis\asyncio\connection.py", line 1198, in get_connection
    await self.ensure_connection(connection)
  File "C:\Users\Göksu\OneDrive\Desktop\elektraize\ElektrAize\venv\Lib\site-packages\redis\asyncio\connection.py", line 1231, in ensure_connection
    await connection.connect()
  File "C:\Users\Göksu\OneDrive\Desktop\elektraize\ElektrAize\venv\Lib\site-packages\redis\asyncio\connection.py", line 298, in connect
    await self.connect_check_health(check_health=True)
  File "C:\Users\Göksu\OneDrive\Desktop\elektraize\ElektrAize\venv\Lib\site-packages\redis\asyncio\connection.py", line 317, in connect_check_health
    raise ConnectionError(self._error_message(e))
redis.exceptions.ConnectionError: Error 22 connecting to localhost:6379. The remote computer refused the network connection.
2025-12-22 13:05:44 | ERROR    | redis_manager | set_cache:89 | Cache kayıt hatası: anomaly:ticarethane:YOZGAT:2023-02-03:2025-02-17:0.1 - Error 22 connecting to localhost:6379. The remote computer refused the network connection.
Traceback (most recent call last):
  File "C:\Users\Göksu\OneDrive\Desktop\elektraize\ElektrAize\venv\Lib\site-packages\redis\asyncio\connection.py", line 307, in connect_check_health
    await self.retry.call_with_retry(
        lambda: self._connect(), lambda error: self.disconnect()
    )
  File "C:\Users\Göksu\OneDrive\Desktop\elektraize\ElektrAize\venv\Lib\site-packages\redis\asyncio\retry.py", line 50, in call_with_retry
    return await do()
           ^^^^^^^^^^
  File "C:\Users\Göksu\OneDrive\Desktop\elektraize\ElektrAize\venv\Lib\site-packages\redis\asyncio\connection.py", line 768, in _connect
    reader, writer = await asyncio.open_connection(
                     ^^^^^^^^^^^^^^^^^^^^^^^^^^^^^^
        **self._connection_arguments()
        ^^^^^^^^^^^^^^^^^^^^^^^^^^^^^^
    )
    ^
  File "C:\Users\Göksu\AppData\Local\Programs\Python\Python313\Lib\asyncio\streams.py", line 48, in open_connection
    transport, _ = await loop.create_connection(
                   ^^^^^^^^^^^^^^^^^^^^^^^^^^^^^
        lambda: protocol, host, port, **kwds)
        ^^^^^^^^^^^^^^^^^^^^^^^^^^^^^^^^^^^^^
  File "C:\Users\Göksu\AppData\Local\Programs\Python\Python313\Lib\asyncio\base_events.py", line 1160, in create_connection
    raise exceptions[0]
  File "C:\Users\Göksu\AppData\Local\Programs\Python\Python313\Lib\asyncio\base_events.py", line 1137, in create_connection
    sock = await self._connect_sock(
           ^^^^^^^^^^^^^^^^^^^^^^^^^
        exceptions, addrinfo, laddr_infos)
        ^^^^^^^^^^^^^^^^^^^^^^^^^^^^^^^^^^
  File "C:\Users\Göksu\AppData\Local\Programs\Python\Python313\Lib\asyncio\base_events.py", line 1040, in _connect_sock
    await self.sock_connect(sock, address)
  File "C:\Users\Göksu\AppData\Local\Programs\Python\Python313\Lib\asyncio\proactor_events.py", line 726, in sock_connect
    return await self._proactor.connect(sock, address)
           ^^^^^^^^^^^^^^^^^^^^^^^^^^^^^^^^^^^^^^^^^^^
  File "C:\Users\Göksu\AppData\Local\Programs\Python\Python313\Lib\asyncio\windows_events.py", line 804, in _poll
    value = callback(transferred, key, ov)
  File "C:\Users\Göksu\AppData\Local\Programs\Python\Python313\Lib\asyncio\windows_events.py", line 600, in finish_connect
    ov.getresult()
    ~~~~~~~~~~~~^^
ConnectionRefusedError: [WinError 1225] The remote computer refused the network connection

During handling of the above exception, another exception occurred:

Traceback (most recent call last):
  File "C:\Users\Göksu\OneDrive\Desktop\elektraize\ElektrAize\redis_manager.py", line 83, in set_cache
    await redis_client.set(key, serialized_value, ex=expire_seconds)
  File "C:\Users\Göksu\OneDrive\Desktop\elektraize\ElektrAize\venv\Lib\site-packages\redis\asyncio\client.py", line 720, in execute_command
    conn = self.connection or await pool.get_connection()
                              ^^^^^^^^^^^^^^^^^^^^^^^^^^^
  File "C:\Users\Göksu\OneDrive\Desktop\elektraize\ElektrAize\venv\Lib\site-packages\redis\asyncio\connection.py", line 1198, in get_connection
    await self.ensure_connection(connection)
  File "C:\Users\Göksu\OneDrive\Desktop\elektraize\ElektrAize\venv\Lib\site-packages\redis\asyncio\connection.py", line 1231, in ensure_connection
    await connection.connect()
  File "C:\Users\Göksu\OneDrive\Desktop\elektraize\ElektrAize\venv\Lib\site-packages\redis\asyncio\connection.py", line 298, in connect
    await self.connect_check_health(check_health=True)
  File "C:\Users\Göksu\OneDrive\Desktop\elektraize\ElektrAize\venv\Lib\site-packages\redis\asyncio\connection.py", line 317, in connect_check_health
    raise ConnectionError(self._error_message(e))
redis.exceptions.ConnectionError: Error 22 connecting to localhost:6379. The remote computer refused the network connection.
2025-12-22 13:05:48 | ERROR    | redis_manager | set_cache:89 | Cache kayıt hatası: anomaly:sanayi:YOZGAT:2023-02-03:2025-02-17:0.1 - Error 22 connecting to localhost:6379. The remote computer refused the network connection.
Traceback (most recent call last):
  File "C:\Users\Göksu\OneDrive\Desktop\elektraize\ElektrAize\venv\Lib\site-packages\redis\asyncio\connection.py", line 307, in connect_check_health
    await self.retry.call_with_retry(
        lambda: self._connect(), lambda error: self.disconnect()
    )
  File "C:\Users\Göksu\OneDrive\Desktop\elektraize\ElektrAize\venv\Lib\site-packages\redis\asyncio\retry.py", line 50, in call_with_retry
    return await do()
           ^^^^^^^^^^
  File "C:\Users\Göksu\OneDrive\Desktop\elektraize\ElektrAize\venv\Lib\site-packages\redis\asyncio\connection.py", line 768, in _connect
    reader, writer = await asyncio.open_connection(
                     ^^^^^^^^^^^^^^^^^^^^^^^^^^^^^^
        **self._connection_arguments()
        ^^^^^^^^^^^^^^^^^^^^^^^^^^^^^^
    )
    ^
  File "C:\Users\Göksu\AppData\Local\Programs\Python\Python313\Lib\asyncio\streams.py", line 48, in open_connection
    transport, _ = await loop.create_connection(
                   ^^^^^^^^^^^^^^^^^^^^^^^^^^^^^
        lambda: protocol, host, port, **kwds)
        ^^^^^^^^^^^^^^^^^^^^^^^^^^^^^^^^^^^^^
  File "C:\Users\Göksu\AppData\Local\Programs\Python\Python313\Lib\asyncio\base_events.py", line 1160, in create_connection
    raise exceptions[0]
  File "C:\Users\Göksu\AppData\Local\Programs\Python\Python313\Lib\asyncio\base_events.py", line 1137, in create_connection
    sock = await self._connect_sock(
           ^^^^^^^^^^^^^^^^^^^^^^^^^
        exceptions, addrinfo, laddr_infos)
        ^^^^^^^^^^^^^^^^^^^^^^^^^^^^^^^^^^
  File "C:\Users\Göksu\AppData\Local\Programs\Python\Python313\Lib\asyncio\base_events.py", line 1040, in _connect_sock
    await self.sock_connect(sock, address)
  File "C:\Users\Göksu\AppData\Local\Programs\Python\Python313\Lib\asyncio\proactor_events.py", line 726, in sock_connect
    return await self._proactor.connect(sock, address)
           ^^^^^^^^^^^^^^^^^^^^^^^^^^^^^^^^^^^^^^^^^^^
  File "C:\Users\Göksu\AppData\Local\Programs\Python\Python313\Lib\asyncio\windows_events.py", line 804, in _poll
    value = callback(transferred, key, ov)
  File "C:\Users\Göksu\AppData\Local\Programs\Python\Python313\Lib\asyncio\windows_events.py", line 600, in finish_connect
    ov.getresult()
    ~~~~~~~~~~~~^^
ConnectionRefusedError: [WinError 1225] The remote computer refused the network connection

During handling of the above exception, another exception occurred:

Traceback (most recent call last):
  File "C:\Users\Göksu\OneDrive\Desktop\elektraize\ElektrAize\redis_manager.py", line 83, in set_cache
    await redis_client.set(key, serialized_value, ex=expire_seconds)
  File "C:\Users\Göksu\OneDrive\Desktop\elektraize\ElektrAize\venv\Lib\site-packages\redis\asyncio\client.py", line 720, in execute_command
    conn = self.connection or await pool.get_connection()
                              ^^^^^^^^^^^^^^^^^^^^^^^^^^^
  File "C:\Users\Göksu\OneDrive\Desktop\elektraize\ElektrAize\venv\Lib\site-packages\redis\asyncio\connection.py", line 1198, in get_connection
    await self.ensure_connection(connection)
  File "C:\Users\Göksu\OneDrive\Desktop\elektraize\ElektrAize\venv\Lib\site-packages\redis\asyncio\connection.py", line 1231, in ensure_connection
    await connection.connect()
  File "C:\Users\Göksu\OneDrive\Desktop\elektraize\ElektrAize\venv\Lib\site-packages\redis\asyncio\connection.py", line 298, in connect
    await self.connect_check_health(check_health=True)
  File "C:\Users\Göksu\OneDrive\Desktop\elektraize\ElektrAize\venv\Lib\site-packages\redis\asyncio\connection.py", line 317, in connect_check_health
    raise ConnectionError(self._error_message(e))
redis.exceptions.ConnectionError: Error 22 connecting to localhost:6379. The remote computer refused the network connection.
2025-12-22 13:05:48 | INFO     | veri_cek | fetch_tables:455 | Tablolar cache'den alındı.
2025-12-22 13:05:48 | INFO     | veri_cek | build_train_test_frames:504 | Merge bitti -> Train: (1886, 31), Test: (1722, 31)
2025-12-22 13:05:49 | INFO     | veri_cek | add_weather_features:149 | 2 hava durumu kolonu bulundu: ['windspeed_10m_max', 'windgusts_10m_max']...
2025-12-22 13:05:49 | INFO     | veri_cek | add_population_features:190 | 1 nüfus kolonu bulundu: ['Nufus_Sayisi']...
2025-12-22 13:05:49 | INFO     | veri_cek | add_weather_features:149 | 2 hava durumu kolonu bulundu: ['windspeed_10m_max', 'windgusts_10m_max']...
2025-12-22 13:05:49 | INFO     | veri_cek | add_population_features:190 | 1 nüfus kolonu bulundu: ['Nufus_Sayisi']...
2025-12-22 13:05:49 | INFO     | veri_cek | fetch_tables:455 | Tablolar cache'den alındı.
2025-12-22 13:05:49 | INFO     | veri_cek | build_train_test_frames:504 | Merge bitti -> Train: (1886, 31), Test: (1722, 31)
2025-12-22 13:05:49 | INFO     | veri_cek | add_weather_features:149 | 2 hava durumu kolonu bulundu: ['windspeed_10m_max', 'windgusts_10m_max']...
2025-12-22 13:05:49 | INFO     | veri_cek | add_population_features:190 | 1 nüfus kolonu bulundu: ['Nufus_Sayisi']...
2025-12-22 13:05:49 | INFO     | veri_cek | add_weather_features:149 | 2 hava durumu kolonu bulundu: ['windspeed_10m_max', 'windgusts_10m_max']...
2025-12-22 13:05:49 | INFO     | veri_cek | add_population_features:190 | 1 nüfus kolonu bulundu: ['Nufus_Sayisi']...
2025-12-22 13:05:52 | ERROR    | redis_manager | set_cache:89 | Cache kayıt hatası: anomaly:aydinlatma:YOZGAT:2023-02-03:2025-02-17:0.1 - Error 22 connecting to localhost:6379. The remote computer refused the network connection.
Traceback (most recent call last):
  File "C:\Users\Göksu\OneDrive\Desktop\elektraize\ElektrAize\venv\Lib\site-packages\redis\asyncio\connection.py", line 307, in connect_check_health
    await self.retry.call_with_retry(
        lambda: self._connect(), lambda error: self.disconnect()
    )
  File "C:\Users\Göksu\OneDrive\Desktop\elektraize\ElektrAize\venv\Lib\site-packages\redis\asyncio\retry.py", line 50, in call_with_retry
    return await do()
           ^^^^^^^^^^
  File "C:\Users\Göksu\OneDrive\Desktop\elektraize\ElektrAize\venv\Lib\site-packages\redis\asyncio\connection.py", line 768, in _connect
    reader, writer = await asyncio.open_connection(
                     ^^^^^^^^^^^^^^^^^^^^^^^^^^^^^^
        **self._connection_arguments()
        ^^^^^^^^^^^^^^^^^^^^^^^^^^^^^^
    )
    ^
  File "C:\Users\Göksu\AppData\Local\Programs\Python\Python313\Lib\asyncio\streams.py", line 48, in open_connection
    transport, _ = await loop.create_connection(
                   ^^^^^^^^^^^^^^^^^^^^^^^^^^^^^
        lambda: protocol, host, port, **kwds)
        ^^^^^^^^^^^^^^^^^^^^^^^^^^^^^^^^^^^^^
  File "C:\Users\Göksu\AppData\Local\Programs\Python\Python313\Lib\asyncio\base_events.py", line 1160, in create_connection
    raise exceptions[0]
  File "C:\Users\Göksu\AppData\Local\Programs\Python\Python313\Lib\asyncio\base_events.py", line 1137, in create_connection
    sock = await self._connect_sock(
           ^^^^^^^^^^^^^^^^^^^^^^^^^
        exceptions, addrinfo, laddr_infos)
        ^^^^^^^^^^^^^^^^^^^^^^^^^^^^^^^^^^
  File "C:\Users\Göksu\AppData\Local\Programs\Python\Python313\Lib\asyncio\base_events.py", line 1040, in _connect_sock
    await self.sock_connect(sock, address)
  File "C:\Users\Göksu\AppData\Local\Programs\Python\Python313\Lib\asyncio\proactor_events.py", line 726, in sock_connect
    return await self._proactor.connect(sock, address)
           ^^^^^^^^^^^^^^^^^^^^^^^^^^^^^^^^^^^^^^^^^^^
  File "C:\Users\Göksu\AppData\Local\Programs\Python\Python313\Lib\asyncio\windows_events.py", line 804, in _poll
    value = callback(transferred, key, ov)
  File "C:\Users\Göksu\AppData\Local\Programs\Python\Python313\Lib\asyncio\windows_events.py", line 600, in finish_connect
    ov.getresult()
    ~~~~~~~~~~~~^^
ConnectionRefusedError: [WinError 1225] The remote computer refused the network connection

During handling of the above exception, another exception occurred:

Traceback (most recent call last):
  File "C:\Users\Göksu\OneDrive\Desktop\elektraize\ElektrAize\redis_manager.py", line 83, in set_cache
    await redis_client.set(key, serialized_value, ex=expire_seconds)
  File "C:\Users\Göksu\OneDrive\Desktop\elektraize\ElektrAize\venv\Lib\site-packages\redis\asyncio\client.py", line 720, in execute_command
    conn = self.connection or await pool.get_connection()
                              ^^^^^^^^^^^^^^^^^^^^^^^^^^^
  File "C:\Users\Göksu\OneDrive\Desktop\elektraize\ElektrAize\venv\Lib\site-packages\redis\asyncio\connection.py", line 1198, in get_connection
    await self.ensure_connection(connection)
  File "C:\Users\Göksu\OneDrive\Desktop\elektraize\ElektrAize\venv\Lib\site-packages\redis\asyncio\connection.py", line 1231, in ensure_connection
    await connection.connect()
  File "C:\Users\Göksu\OneDrive\Desktop\elektraize\ElektrAize\venv\Lib\site-packages\redis\asyncio\connection.py", line 298, in connect
    await self.connect_check_health(check_health=True)
  File "C:\Users\Göksu\OneDrive\Desktop\elektraize\ElektrAize\venv\Lib\site-packages\redis\asyncio\connection.py", line 317, in connect_check_health
    raise ConnectionError(self._error_message(e))
redis.exceptions.ConnectionError: Error 22 connecting to localhost:6379. The remote computer refused the network connection.
2025-12-22 13:05:57 | ERROR    | redis_manager | set_cache:89 | Cache kayıt hatası: anomaly:tarimsal:YOZGAT:2023-02-03:2025-02-17:0.1 - Error 22 connecting to localhost:6379. The remote computer refused the network connection.
Traceback (most recent call last):
  File "C:\Users\Göksu\OneDrive\Desktop\elektraize\ElektrAize\venv\Lib\site-packages\redis\asyncio\connection.py", line 307, in connect_check_health
    await self.retry.call_with_retry(
        lambda: self._connect(), lambda error: self.disconnect()
    )
  File "C:\Users\Göksu\OneDrive\Desktop\elektraize\ElektrAize\venv\Lib\site-packages\redis\asyncio\retry.py", line 50, in call_with_retry
    return await do()
           ^^^^^^^^^^
  File "C:\Users\Göksu\OneDrive\Desktop\elektraize\ElektrAize\venv\Lib\site-packages\redis\asyncio\connection.py", line 768, in _connect
    reader, writer = await asyncio.open_connection(
                     ^^^^^^^^^^^^^^^^^^^^^^^^^^^^^^
        **self._connection_arguments()
        ^^^^^^^^^^^^^^^^^^^^^^^^^^^^^^
    )
    ^
  File "C:\Users\Göksu\AppData\Local\Programs\Python\Python313\Lib\asyncio\streams.py", line 48, in open_connection
    transport, _ = await loop.create_connection(
                   ^^^^^^^^^^^^^^^^^^^^^^^^^^^^^
        lambda: protocol, host, port, **kwds)
        ^^^^^^^^^^^^^^^^^^^^^^^^^^^^^^^^^^^^^
  File "C:\Users\Göksu\AppData\Local\Programs\Python\Python313\Lib\asyncio\base_events.py", line 1160, in create_connection
    raise exceptions[0]
  File "C:\Users\Göksu\AppData\Local\Programs\Python\Python313\Lib\asyncio\base_events.py", line 1137, in create_connection
    sock = await self._connect_sock(
           ^^^^^^^^^^^^^^^^^^^^^^^^^
        exceptions, addrinfo, laddr_infos)
        ^^^^^^^^^^^^^^^^^^^^^^^^^^^^^^^^^^
  File "C:\Users\Göksu\AppData\Local\Programs\Python\Python313\Lib\asyncio\base_events.py", line 1040, in _connect_sock
    await self.sock_connect(sock, address)
  File "C:\Users\Göksu\AppData\Local\Programs\Python\Python313\Lib\asyncio\proactor_events.py", line 726, in sock_connect
    return await self._proactor.connect(sock, address)
           ^^^^^^^^^^^^^^^^^^^^^^^^^^^^^^^^^^^^^^^^^^^
  File "C:\Users\Göksu\AppData\Local\Programs\Python\Python313\Lib\asyncio\windows_events.py", line 804, in _poll
    value = callback(transferred, key, ov)
  File "C:\Users\Göksu\AppData\Local\Programs\Python\Python313\Lib\asyncio\windows_events.py", line 600, in finish_connect
    ov.getresult()
    ~~~~~~~~~~~~^^
ConnectionRefusedError: [WinError 1225] The remote computer refused the network connection

During handling of the above exception, another exception occurred:

Traceback (most recent call last):
  File "C:\Users\Göksu\OneDrive\Desktop\elektraize\ElektrAize\redis_manager.py", line 83, in set_cache
    await redis_client.set(key, serialized_value, ex=expire_seconds)
  File "C:\Users\Göksu\OneDrive\Desktop\elektraize\ElektrAize\venv\Lib\site-packages\redis\asyncio\client.py", line 720, in execute_command
    conn = self.connection or await pool.get_connection()
                              ^^^^^^^^^^^^^^^^^^^^^^^^^^^
  File "C:\Users\Göksu\OneDrive\Desktop\elektraize\ElektrAize\venv\Lib\site-packages\redis\asyncio\connection.py", line 1198, in get_connection
    await self.ensure_connection(connection)
  File "C:\Users\Göksu\OneDrive\Desktop\elektraize\ElektrAize\venv\Lib\site-packages\redis\asyncio\connection.py", line 1231, in ensure_connection
    await connection.connect()
  File "C:\Users\Göksu\OneDrive\Desktop\elektraize\ElektrAize\venv\Lib\site-packages\redis\asyncio\connection.py", line 298, in connect
    await self.connect_check_health(check_health=True)
  File "C:\Users\Göksu\OneDrive\Desktop\elektraize\ElektrAize\venv\Lib\site-packages\redis\asyncio\connection.py", line 317, in connect_check_health
    raise ConnectionError(self._error_message(e))
redis.exceptions.ConnectionError: Error 22 connecting to localhost:6379. The remote computer refused the network connection.
2025-12-22 13:06:01 | ERROR    | redis_manager | set_cache:89 | Cache kayıt hatası: anomaly:diger:YOZGAT:2023-02-03:2025-02-17:0.1 - Error 22 connecting to localhost:6379. The remote computer refused the network connection.
Traceback (most recent call last):
  File "C:\Users\Göksu\OneDrive\Desktop\elektraize\ElektrAize\venv\Lib\site-packages\redis\asyncio\connection.py", line 307, in connect_check_health
    await self.retry.call_with_retry(
        lambda: self._connect(), lambda error: self.disconnect()
    )
  File "C:\Users\Göksu\OneDrive\Desktop\elektraize\ElektrAize\venv\Lib\site-packages\redis\asyncio\retry.py", line 50, in call_with_retry
    return await do()
           ^^^^^^^^^^
  File "C:\Users\Göksu\OneDrive\Desktop\elektraize\ElektrAize\venv\Lib\site-packages\redis\asyncio\connection.py", line 768, in _connect
    reader, writer = await asyncio.open_connection(
                     ^^^^^^^^^^^^^^^^^^^^^^^^^^^^^^
        **self._connection_arguments()
        ^^^^^^^^^^^^^^^^^^^^^^^^^^^^^^
    )
    ^
  File "C:\Users\Göksu\AppData\Local\Programs\Python\Python313\Lib\asyncio\streams.py", line 48, in open_connection
    transport, _ = await loop.create_connection(
                   ^^^^^^^^^^^^^^^^^^^^^^^^^^^^^
        lambda: protocol, host, port, **kwds)
        ^^^^^^^^^^^^^^^^^^^^^^^^^^^^^^^^^^^^^
  File "C:\Users\Göksu\AppData\Local\Programs\Python\Python313\Lib\asyncio\base_events.py", line 1160, in create_connection
    raise exceptions[0]
  File "C:\Users\Göksu\AppData\Local\Programs\Python\Python313\Lib\asyncio\base_events.py", line 1137, in create_connection
    sock = await self._connect_sock(
           ^^^^^^^^^^^^^^^^^^^^^^^^^
        exceptions, addrinfo, laddr_infos)
        ^^^^^^^^^^^^^^^^^^^^^^^^^^^^^^^^^^
  File "C:\Users\Göksu\AppData\Local\Programs\Python\Python313\Lib\asyncio\base_events.py", line 1040, in _connect_sock
    await self.sock_connect(sock, address)
  File "C:\Users\Göksu\AppData\Local\Programs\Python\Python313\Lib\asyncio\proactor_events.py", line 726, in sock_connect
    return await self._proactor.connect(sock, address)
           ^^^^^^^^^^^^^^^^^^^^^^^^^^^^^^^^^^^^^^^^^^^
  File "C:\Users\Göksu\AppData\Local\Programs\Python\Python313\Lib\asyncio\windows_events.py", line 804, in _poll
    value = callback(transferred, key, ov)
  File "C:\Users\Göksu\AppData\Local\Programs\Python\Python313\Lib\asyncio\windows_events.py", line 600, in finish_connect
    ov.getresult()
    ~~~~~~~~~~~~^^
ConnectionRefusedError: [WinError 1225] The remote computer refused the network connection

During handling of the above exception, another exception occurred:

Traceback (most recent call last):
  File "C:\Users\Göksu\OneDrive\Desktop\elektraize\ElektrAize\redis_manager.py", line 83, in set_cache
    await redis_client.set(key, serialized_value, ex=expire_seconds)
  File "C:\Users\Göksu\OneDrive\Desktop\elektraize\ElektrAize\venv\Lib\site-packages\redis\asyncio\client.py", line 720, in execute_command
    conn = self.connection or await pool.get_connection()
                              ^^^^^^^^^^^^^^^^^^^^^^^^^^^
  File "C:\Users\Göksu\OneDrive\Desktop\elektraize\ElektrAize\venv\Lib\site-packages\redis\asyncio\connection.py", line 1198, in get_connection
    await self.ensure_connection(connection)
  File "C:\Users\Göksu\OneDrive\Desktop\elektraize\ElektrAize\venv\Lib\site-packages\redis\asyncio\connection.py", line 1231, in ensure_connection
    await connection.connect()
  File "C:\Users\Göksu\OneDrive\Desktop\elektraize\ElektrAize\venv\Lib\site-packages\redis\asyncio\connection.py", line 298, in connect
    await self.connect_check_health(check_health=True)
  File "C:\Users\Göksu\OneDrive\Desktop\elektraize\ElektrAize\venv\Lib\site-packages\redis\asyncio\connection.py", line 317, in connect_check_health
    raise ConnectionError(self._error_message(e))
redis.exceptions.ConnectionError: Error 22 connecting to localhost:6379. The remote computer refused the network connection.
2025-12-22 13:06:05 | ERROR    | redis_manager | get_cache:112 | Cache okuma hatası: anomaly:mesken:YOZGAT:2024-01-01:2024-12-31:0.1 - Error 22 connecting to localhost:6379. The remote computer refused the network connection.
Traceback (most recent call last):
  File "C:\Users\Göksu\OneDrive\Desktop\elektraize\ElektrAize\venv\Lib\site-packages\redis\asyncio\connection.py", line 307, in connect_check_health
    await self.retry.call_with_retry(
        lambda: self._connect(), lambda error: self.disconnect()
    )
  File "C:\Users\Göksu\OneDrive\Desktop\elektraize\ElektrAize\venv\Lib\site-packages\redis\asyncio\retry.py", line 50, in call_with_retry
    return await do()
           ^^^^^^^^^^
  File "C:\Users\Göksu\OneDrive\Desktop\elektraize\ElektrAize\venv\Lib\site-packages\redis\asyncio\connection.py", line 768, in _connect
    reader, writer = await asyncio.open_connection(
                     ^^^^^^^^^^^^^^^^^^^^^^^^^^^^^^
        **self._connection_arguments()
        ^^^^^^^^^^^^^^^^^^^^^^^^^^^^^^
    )
    ^
  File "C:\Users\Göksu\AppData\Local\Programs\Python\Python313\Lib\asyncio\streams.py", line 48, in open_connection
    transport, _ = await loop.create_connection(
                   ^^^^^^^^^^^^^^^^^^^^^^^^^^^^^
        lambda: protocol, host, port, **kwds)
        ^^^^^^^^^^^^^^^^^^^^^^^^^^^^^^^^^^^^^
  File "C:\Users\Göksu\AppData\Local\Programs\Python\Python313\Lib\asyncio\base_events.py", line 1160, in create_connection
    raise exceptions[0]
  File "C:\Users\Göksu\AppData\Local\Programs\Python\Python313\Lib\asyncio\base_events.py", line 1137, in create_connection
    sock = await self._connect_sock(
           ^^^^^^^^^^^^^^^^^^^^^^^^^
        exceptions, addrinfo, laddr_infos)
        ^^^^^^^^^^^^^^^^^^^^^^^^^^^^^^^^^^
  File "C:\Users\Göksu\AppData\Local\Programs\Python\Python313\Lib\asyncio\base_events.py", line 1040, in _connect_sock
    await self.sock_connect(sock, address)
  File "C:\Users\Göksu\AppData\Local\Programs\Python\Python313\Lib\asyncio\proactor_events.py", line 726, in sock_connect
    return await self._proactor.connect(sock, address)
           ^^^^^^^^^^^^^^^^^^^^^^^^^^^^^^^^^^^^^^^^^^^
  File "C:\Users\Göksu\AppData\Local\Programs\Python\Python313\Lib\asyncio\windows_events.py", line 804, in _poll
    value = callback(transferred, key, ov)
  File "C:\Users\Göksu\AppData\Local\Programs\Python\Python313\Lib\asyncio\windows_events.py", line 600, in finish_connect
    ov.getresult()
    ~~~~~~~~~~~~^^
ConnectionRefusedError: [WinError 1225] The remote computer refused the network connection

During handling of the above exception, another exception occurred:

Traceback (most recent call last):
  File "C:\Users\Göksu\OneDrive\Desktop\elektraize\ElektrAize\redis_manager.py", line 97, in get_cache
    value = await redis_client.get(key)
            ^^^^^^^^^^^^^^^^^^^^^^^^^^^
  File "C:\Users\Göksu\OneDrive\Desktop\elektraize\ElektrAize\venv\Lib\site-packages\redis\asyncio\client.py", line 720, in execute_command
    conn = self.connection or await pool.get_connection()
                              ^^^^^^^^^^^^^^^^^^^^^^^^^^^
  File "C:\Users\Göksu\OneDrive\Desktop\elektraize\ElektrAize\venv\Lib\site-packages\redis\asyncio\connection.py", line 1198, in get_connection
    await self.ensure_connection(connection)
  File "C:\Users\Göksu\OneDrive\Desktop\elektraize\ElektrAize\venv\Lib\site-packages\redis\asyncio\connection.py", line 1231, in ensure_connection
    await connection.connect()
  File "C:\Users\Göksu\OneDrive\Desktop\elektraize\ElektrAize\venv\Lib\site-packages\redis\asyncio\connection.py", line 298, in connect
    await self.connect_check_health(check_health=True)
  File "C:\Users\Göksu\OneDrive\Desktop\elektraize\ElektrAize\venv\Lib\site-packages\redis\asyncio\connection.py", line 317, in connect_check_health
    raise ConnectionError(self._error_message(e))
redis.exceptions.ConnectionError: Error 22 connecting to localhost:6379. The remote computer refused the network connection.
2025-12-22 13:06:05 | INFO     | veri_cek | fetch_tables:455 | Tablolar cache'den alındı.
2025-12-22 13:06:05 | INFO     | veri_cek | build_train_test_frames:504 | Merge bitti -> Train: (1886, 31), Test: (1722, 31)
2025-12-22 13:06:05 | INFO     | veri_cek | add_weather_features:149 | 2 hava durumu kolonu bulundu: ['windspeed_10m_max', 'windgusts_10m_max']...
2025-12-22 13:06:05 | INFO     | veri_cek | add_population_features:190 | 1 nüfus kolonu bulundu: ['Nufus_Sayisi']...
2025-12-22 13:06:05 | INFO     | veri_cek | add_weather_features:149 | 2 hava durumu kolonu bulundu: ['windspeed_10m_max', 'windgusts_10m_max']...
2025-12-22 13:06:05 | INFO     | veri_cek | add_population_features:190 | 1 nüfus kolonu bulundu: ['Nufus_Sayisi']...
2025-12-22 13:06:05 | INFO     | veri_cek | fetch_tables:455 | Tablolar cache'den alındı.
2025-12-22 13:06:05 | INFO     | veri_cek | build_train_test_frames:504 | Merge bitti -> Train: (1886, 31), Test: (1722, 31)
2025-12-22 13:06:05 | INFO     | veri_cek | add_weather_features:149 | 2 hava durumu kolonu bulundu: ['windspeed_10m_max', 'windgusts_10m_max']...
2025-12-22 13:06:05 | INFO     | veri_cek | add_population_features:190 | 1 nüfus kolonu bulundu: ['Nufus_Sayisi']...
2025-12-22 13:06:06 | INFO     | veri_cek | add_weather_features:149 | 2 hava durumu kolonu bulundu: ['windspeed_10m_max', 'windgusts_10m_max']...
2025-12-22 13:06:06 | INFO     | veri_cek | add_population_features:190 | 1 nüfus kolonu bulundu: ['Nufus_Sayisi']...
2025-12-22 13:06:10 | ERROR    | redis_manager | get_cache:112 | Cache okuma hatası: anomaly:mesken:YOZGAT:2023-02-03:2025-02-17:0.1 - Error 22 connecting to localhost:6379. The remote computer refused the network connection.
Traceback (most recent call last):
  File "C:\Users\Göksu\OneDrive\Desktop\elektraize\ElektrAize\venv\Lib\site-packages\redis\asyncio\connection.py", line 307, in connect_check_health
    await self.retry.call_with_retry(
        lambda: self._connect(), lambda error: self.disconnect()
    )
  File "C:\Users\Göksu\OneDrive\Desktop\elektraize\ElektrAize\venv\Lib\site-packages\redis\asyncio\retry.py", line 50, in call_with_retry
    return await do()
           ^^^^^^^^^^
  File "C:\Users\Göksu\OneDrive\Desktop\elektraize\ElektrAize\venv\Lib\site-packages\redis\asyncio\connection.py", line 768, in _connect
    reader, writer = await asyncio.open_connection(
                     ^^^^^^^^^^^^^^^^^^^^^^^^^^^^^^
        **self._connection_arguments()
        ^^^^^^^^^^^^^^^^^^^^^^^^^^^^^^
    )
    ^
  File "C:\Users\Göksu\AppData\Local\Programs\Python\Python313\Lib\asyncio\streams.py", line 48, in open_connection
    transport, _ = await loop.create_connection(
                   ^^^^^^^^^^^^^^^^^^^^^^^^^^^^^
        lambda: protocol, host, port, **kwds)
        ^^^^^^^^^^^^^^^^^^^^^^^^^^^^^^^^^^^^^
  File "C:\Users\Göksu\AppData\Local\Programs\Python\Python313\Lib\asyncio\base_events.py", line 1160, in create_connection
    raise exceptions[0]
  File "C:\Users\Göksu\AppData\Local\Programs\Python\Python313\Lib\asyncio\base_events.py", line 1137, in create_connection
    sock = await self._connect_sock(
           ^^^^^^^^^^^^^^^^^^^^^^^^^
        exceptions, addrinfo, laddr_infos)
        ^^^^^^^^^^^^^^^^^^^^^^^^^^^^^^^^^^
  File "C:\Users\Göksu\AppData\Local\Programs\Python\Python313\Lib\asyncio\base_events.py", line 1040, in _connect_sock
    await self.sock_connect(sock, address)
  File "C:\Users\Göksu\AppData\Local\Programs\Python\Python313\Lib\asyncio\proactor_events.py", line 726, in sock_connect
    return await self._proactor.connect(sock, address)
           ^^^^^^^^^^^^^^^^^^^^^^^^^^^^^^^^^^^^^^^^^^^
  File "C:\Users\Göksu\AppData\Local\Programs\Python\Python313\Lib\asyncio\windows_events.py", line 804, in _poll
    value = callback(transferred, key, ov)
  File "C:\Users\Göksu\AppData\Local\Programs\Python\Python313\Lib\asyncio\windows_events.py", line 600, in finish_connect
    ov.getresult()
    ~~~~~~~~~~~~^^
ConnectionRefusedError: [WinError 1225] The remote computer refused the network connection

During handling of the above exception, another exception occurred:

Traceback (most recent call last):
  File "C:\Users\Göksu\OneDrive\Desktop\elektraize\ElektrAize\redis_manager.py", line 97, in get_cache
    value = await redis_client.get(key)
            ^^^^^^^^^^^^^^^^^^^^^^^^^^^
  File "C:\Users\Göksu\OneDrive\Desktop\elektraize\ElektrAize\venv\Lib\site-packages\redis\asyncio\client.py", line 720, in execute_command
    conn = self.connection or await pool.get_connection()
                              ^^^^^^^^^^^^^^^^^^^^^^^^^^^
  File "C:\Users\Göksu\OneDrive\Desktop\elektraize\ElektrAize\venv\Lib\site-packages\redis\asyncio\connection.py", line 1198, in get_connection
    await self.ensure_connection(connection)
  File "C:\Users\Göksu\OneDrive\Desktop\elektraize\ElektrAize\venv\Lib\site-packages\redis\asyncio\connection.py", line 1231, in ensure_connection
    await connection.connect()
  File "C:\Users\Göksu\OneDrive\Desktop\elektraize\ElektrAize\venv\Lib\site-packages\redis\asyncio\connection.py", line 298, in connect
    await self.connect_check_health(check_health=True)
  File "C:\Users\Göksu\OneDrive\Desktop\elektraize\ElektrAize\venv\Lib\site-packages\redis\asyncio\connection.py", line 317, in connect_check_health
    raise ConnectionError(self._error_message(e))
redis.exceptions.ConnectionError: Error 22 connecting to localhost:6379. The remote computer refused the network connection.
2025-12-22 13:06:10 | INFO     | veri_cek | fetch_tables:455 | Tablolar cache'den alındı.
2025-12-22 13:06:10 | INFO     | veri_cek | build_train_test_frames:504 | Merge bitti -> Train: (1886, 31), Test: (1722, 31)
2025-12-22 13:06:10 | INFO     | veri_cek | add_weather_features:149 | 2 hava durumu kolonu bulundu: ['windspeed_10m_max', 'windgusts_10m_max']...
2025-12-22 13:06:10 | INFO     | veri_cek | add_population_features:190 | 1 nüfus kolonu bulundu: ['Nufus_Sayisi']...
2025-12-22 13:06:10 | INFO     | veri_cek | add_weather_features:149 | 2 hava durumu kolonu bulundu: ['windspeed_10m_max', 'windgusts_10m_max']...
2025-12-22 13:06:10 | INFO     | veri_cek | add_population_features:190 | 1 nüfus kolonu bulundu: ['Nufus_Sayisi']...
2025-12-22 13:06:10 | INFO     | veri_cek | fetch_tables:455 | Tablolar cache'den alındı.
2025-12-22 13:06:10 | INFO     | veri_cek | build_train_test_frames:504 | Merge bitti -> Train: (1886, 31), Test: (1722, 31)
2025-12-22 13:06:10 | INFO     | veri_cek | add_weather_features:149 | 2 hava durumu kolonu bulundu: ['windspeed_10m_max', 'windgusts_10m_max']...
2025-12-22 13:06:10 | INFO     | veri_cek | add_population_features:190 | 1 nüfus kolonu bulundu: ['Nufus_Sayisi']...
2025-12-22 13:06:10 | INFO     | veri_cek | add_weather_features:149 | 2 hava durumu kolonu bulundu: ['windspeed_10m_max', 'windgusts_10m_max']...
2025-12-22 13:06:11 | INFO     | veri_cek | add_population_features:190 | 1 nüfus kolonu bulundu: ['Nufus_Sayisi']...
2025-12-22 13:06:15 | ERROR    | redis_manager | set_cache:89 | Cache kayıt hatası: anomaly:mesken:YOZGAT:2024-01-01:2024-12-31:0.1 - Error 22 connecting to localhost:6379. The remote computer refused the network connection.
Traceback (most recent call last):
  File "C:\Users\Göksu\OneDrive\Desktop\elektraize\ElektrAize\venv\Lib\site-packages\redis\asyncio\connection.py", line 307, in connect_check_health
    await self.retry.call_with_retry(
        lambda: self._connect(), lambda error: self.disconnect()
    )
  File "C:\Users\Göksu\OneDrive\Desktop\elektraize\ElektrAize\venv\Lib\site-packages\redis\asyncio\retry.py", line 50, in call_with_retry
    return await do()
           ^^^^^^^^^^
  File "C:\Users\Göksu\OneDrive\Desktop\elektraize\ElektrAize\venv\Lib\site-packages\redis\asyncio\connection.py", line 768, in _connect
    reader, writer = await asyncio.open_connection(
                     ^^^^^^^^^^^^^^^^^^^^^^^^^^^^^^
        **self._connection_arguments()
        ^^^^^^^^^^^^^^^^^^^^^^^^^^^^^^
    )
    ^
  File "C:\Users\Göksu\AppData\Local\Programs\Python\Python313\Lib\asyncio\streams.py", line 48, in open_connection
    transport, _ = await loop.create_connection(
                   ^^^^^^^^^^^^^^^^^^^^^^^^^^^^^
        lambda: protocol, host, port, **kwds)
        ^^^^^^^^^^^^^^^^^^^^^^^^^^^^^^^^^^^^^
  File "C:\Users\Göksu\AppData\Local\Programs\Python\Python313\Lib\asyncio\base_events.py", line 1160, in create_connection
    raise exceptions[0]
  File "C:\Users\Göksu\AppData\Local\Programs\Python\Python313\Lib\asyncio\base_events.py", line 1137, in create_connection
    sock = await self._connect_sock(
           ^^^^^^^^^^^^^^^^^^^^^^^^^
        exceptions, addrinfo, laddr_infos)
        ^^^^^^^^^^^^^^^^^^^^^^^^^^^^^^^^^^
  File "C:\Users\Göksu\AppData\Local\Programs\Python\Python313\Lib\asyncio\base_events.py", line 1040, in _connect_sock
    await self.sock_connect(sock, address)
  File "C:\Users\Göksu\AppData\Local\Programs\Python\Python313\Lib\asyncio\proactor_events.py", line 726, in sock_connect
    return await self._proactor.connect(sock, address)
           ^^^^^^^^^^^^^^^^^^^^^^^^^^^^^^^^^^^^^^^^^^^
  File "C:\Users\Göksu\AppData\Local\Programs\Python\Python313\Lib\asyncio\windows_events.py", line 804, in _poll
    value = callback(transferred, key, ov)
  File "C:\Users\Göksu\AppData\Local\Programs\Python\Python313\Lib\asyncio\windows_events.py", line 600, in finish_connect
    ov.getresult()
    ~~~~~~~~~~~~^^
ConnectionRefusedError: [WinError 1225] The remote computer refused the network connection

During handling of the above exception, another exception occurred:

Traceback (most recent call last):
  File "C:\Users\Göksu\OneDrive\Desktop\elektraize\ElektrAize\redis_manager.py", line 83, in set_cache
    await redis_client.set(key, serialized_value, ex=expire_seconds)
  File "C:\Users\Göksu\OneDrive\Desktop\elektraize\ElektrAize\venv\Lib\site-packages\redis\asyncio\client.py", line 720, in execute_command
    conn = self.connection or await pool.get_connection()
                              ^^^^^^^^^^^^^^^^^^^^^^^^^^^
  File "C:\Users\Göksu\OneDrive\Desktop\elektraize\ElektrAize\venv\Lib\site-packages\redis\asyncio\connection.py", line 1198, in get_connection
    await self.ensure_connection(connection)
  File "C:\Users\Göksu\OneDrive\Desktop\elektraize\ElektrAize\venv\Lib\site-packages\redis\asyncio\connection.py", line 1231, in ensure_connection
    await connection.connect()
  File "C:\Users\Göksu\OneDrive\Desktop\elektraize\ElektrAize\venv\Lib\site-packages\redis\asyncio\connection.py", line 298, in connect
    await self.connect_check_health(check_health=True)
  File "C:\Users\Göksu\OneDrive\Desktop\elektraize\ElektrAize\venv\Lib\site-packages\redis\asyncio\connection.py", line 317, in connect_check_health
    raise ConnectionError(self._error_message(e))
redis.exceptions.ConnectionError: Error 22 connecting to localhost:6379. The remote computer refused the network connection.
2025-12-22 13:06:15 | INFO     | veri_cek | fetch_tables:455 | Tablolar cache'den alındı.
2025-12-22 13:06:15 | INFO     | veri_cek | build_train_test_frames:504 | Merge bitti -> Train: (1886, 31), Test: (1722, 31)
2025-12-22 13:06:15 | INFO     | veri_cek | add_weather_features:149 | 2 hava durumu kolonu bulundu: ['windspeed_10m_max', 'windgusts_10m_max']...
2025-12-22 13:06:15 | INFO     | veri_cek | add_population_features:190 | 1 nüfus kolonu bulundu: ['Nufus_Sayisi']...
2025-12-22 13:06:15 | INFO     | veri_cek | add_weather_features:149 | 2 hava durumu kolonu bulundu: ['windspeed_10m_max', 'windgusts_10m_max']...
2025-12-22 13:06:15 | INFO     | veri_cek | add_population_features:190 | 1 nüfus kolonu bulundu: ['Nufus_Sayisi']...
2025-12-22 13:06:15 | INFO     | veri_cek | fetch_tables:455 | Tablolar cache'den alındı.
2025-12-22 13:06:15 | INFO     | veri_cek | build_train_test_frames:504 | Merge bitti -> Train: (1886, 31), Test: (1722, 31)
2025-12-22 13:06:15 | INFO     | veri_cek | add_weather_features:149 | 2 hava durumu kolonu bulundu: ['windspeed_10m_max', 'windgusts_10m_max']...
2025-12-22 13:06:15 | INFO     | veri_cek | add_population_features:190 | 1 nüfus kolonu bulundu: ['Nufus_Sayisi']...
2025-12-22 13:06:15 | INFO     | veri_cek | add_weather_features:149 | 2 hava durumu kolonu bulundu: ['windspeed_10m_max', 'windgusts_10m_max']...
2025-12-22 13:06:15 | INFO     | veri_cek | add_population_features:190 | 1 nüfus kolonu bulundu: ['Nufus_Sayisi']...
2025-12-22 13:06:19 | ERROR    | redis_manager | set_cache:89 | Cache kayıt hatası: anomaly:mesken:YOZGAT:2023-02-03:2025-02-17:0.1 - Error 22 connecting to localhost:6379. The remote computer refused the network connection.
Traceback (most recent call last):
  File "C:\Users\Göksu\OneDrive\Desktop\elektraize\ElektrAize\venv\Lib\site-packages\redis\asyncio\connection.py", line 307, in connect_check_health
    await self.retry.call_with_retry(
        lambda: self._connect(), lambda error: self.disconnect()
    )
  File "C:\Users\Göksu\OneDrive\Desktop\elektraize\ElektrAize\venv\Lib\site-packages\redis\asyncio\retry.py", line 50, in call_with_retry
    return await do()
           ^^^^^^^^^^
  File "C:\Users\Göksu\OneDrive\Desktop\elektraize\ElektrAize\venv\Lib\site-packages\redis\asyncio\connection.py", line 768, in _connect
    reader, writer = await asyncio.open_connection(
                     ^^^^^^^^^^^^^^^^^^^^^^^^^^^^^^
        **self._connection_arguments()
        ^^^^^^^^^^^^^^^^^^^^^^^^^^^^^^
    )
    ^
  File "C:\Users\Göksu\AppData\Local\Programs\Python\Python313\Lib\asyncio\streams.py", line 48, in open_connection
    transport, _ = await loop.create_connection(
                   ^^^^^^^^^^^^^^^^^^^^^^^^^^^^^
        lambda: protocol, host, port, **kwds)
        ^^^^^^^^^^^^^^^^^^^^^^^^^^^^^^^^^^^^^
  File "C:\Users\Göksu\AppData\Local\Programs\Python\Python313\Lib\asyncio\base_events.py", line 1160, in create_connection
    raise exceptions[0]
  File "C:\Users\Göksu\AppData\Local\Programs\Python\Python313\Lib\asyncio\base_events.py", line 1137, in create_connection
    sock = await self._connect_sock(
           ^^^^^^^^^^^^^^^^^^^^^^^^^
        exceptions, addrinfo, laddr_infos)
        ^^^^^^^^^^^^^^^^^^^^^^^^^^^^^^^^^^
  File "C:\Users\Göksu\AppData\Local\Programs\Python\Python313\Lib\asyncio\base_events.py", line 1040, in _connect_sock
    await self.sock_connect(sock, address)
  File "C:\Users\Göksu\AppData\Local\Programs\Python\Python313\Lib\asyncio\proactor_events.py", line 726, in sock_connect
    return await self._proactor.connect(sock, address)
           ^^^^^^^^^^^^^^^^^^^^^^^^^^^^^^^^^^^^^^^^^^^
  File "C:\Users\Göksu\AppData\Local\Programs\Python\Python313\Lib\asyncio\windows_events.py", line 804, in _poll
    value = callback(transferred, key, ov)
  File "C:\Users\Göksu\AppData\Local\Programs\Python\Python313\Lib\asyncio\windows_events.py", line 600, in finish_connect
    ov.getresult()
    ~~~~~~~~~~~~^^
ConnectionRefusedError: [WinError 1225] The remote computer refused the network connection

During handling of the above exception, another exception occurred:

Traceback (most recent call last):
  File "C:\Users\Göksu\OneDrive\Desktop\elektraize\ElektrAize\redis_manager.py", line 83, in set_cache
    await redis_client.set(key, serialized_value, ex=expire_seconds)
  File "C:\Users\Göksu\OneDrive\Desktop\elektraize\ElektrAize\venv\Lib\site-packages\redis\asyncio\client.py", line 720, in execute_command
    conn = self.connection or await pool.get_connection()
                              ^^^^^^^^^^^^^^^^^^^^^^^^^^^
  File "C:\Users\Göksu\OneDrive\Desktop\elektraize\ElektrAize\venv\Lib\site-packages\redis\asyncio\connection.py", line 1198, in get_connection
    await self.ensure_connection(connection)
  File "C:\Users\Göksu\OneDrive\Desktop\elektraize\ElektrAize\venv\Lib\site-packages\redis\asyncio\connection.py", line 1231, in ensure_connection
    await connection.connect()
  File "C:\Users\Göksu\OneDrive\Desktop\elektraize\ElektrAize\venv\Lib\site-packages\redis\asyncio\connection.py", line 298, in connect
    await self.connect_check_health(check_health=True)
  File "C:\Users\Göksu\OneDrive\Desktop\elektraize\ElektrAize\venv\Lib\site-packages\redis\asyncio\connection.py", line 317, in connect_check_health
    raise ConnectionError(self._error_message(e))
redis.exceptions.ConnectionError: Error 22 connecting to localhost:6379. The remote computer refused the network connection.
2025-12-22 13:07:32 | ERROR    | redis_manager | set_cache:89 | Cache kayıt hatası: test_key_router - Error 22 connecting to localhost:6379. The remote computer refused the network connection.
Traceback (most recent call last):
  File "C:\Users\Göksu\OneDrive\Desktop\elektraize\ElektrAize\venv\Lib\site-packages\redis\asyncio\connection.py", line 307, in connect_check_health
    await self.retry.call_with_retry(
        lambda: self._connect(), lambda error: self.disconnect()
    )
  File "C:\Users\Göksu\OneDrive\Desktop\elektraize\ElektrAize\venv\Lib\site-packages\redis\asyncio\retry.py", line 50, in call_with_retry
    return await do()
           ^^^^^^^^^^
  File "C:\Users\Göksu\OneDrive\Desktop\elektraize\ElektrAize\venv\Lib\site-packages\redis\asyncio\connection.py", line 768, in _connect
    reader, writer = await asyncio.open_connection(
                     ^^^^^^^^^^^^^^^^^^^^^^^^^^^^^^
        **self._connection_arguments()
        ^^^^^^^^^^^^^^^^^^^^^^^^^^^^^^
    )
    ^
  File "C:\Users\Göksu\AppData\Local\Programs\Python\Python313\Lib\asyncio\streams.py", line 48, in open_connection
    transport, _ = await loop.create_connection(
                   ^^^^^^^^^^^^^^^^^^^^^^^^^^^^^
        lambda: protocol, host, port, **kwds)
        ^^^^^^^^^^^^^^^^^^^^^^^^^^^^^^^^^^^^^
  File "C:\Users\Göksu\AppData\Local\Programs\Python\Python313\Lib\asyncio\base_events.py", line 1160, in create_connection
    raise exceptions[0]
  File "C:\Users\Göksu\AppData\Local\Programs\Python\Python313\Lib\asyncio\base_events.py", line 1137, in create_connection
    sock = await self._connect_sock(
           ^^^^^^^^^^^^^^^^^^^^^^^^^
        exceptions, addrinfo, laddr_infos)
        ^^^^^^^^^^^^^^^^^^^^^^^^^^^^^^^^^^
  File "C:\Users\Göksu\AppData\Local\Programs\Python\Python313\Lib\asyncio\base_events.py", line 1040, in _connect_sock
    await self.sock_connect(sock, address)
  File "C:\Users\Göksu\AppData\Local\Programs\Python\Python313\Lib\asyncio\proactor_events.py", line 726, in sock_connect
    return await self._proactor.connect(sock, address)
           ^^^^^^^^^^^^^^^^^^^^^^^^^^^^^^^^^^^^^^^^^^^
  File "C:\Users\Göksu\AppData\Local\Programs\Python\Python313\Lib\asyncio\windows_events.py", line 804, in _poll
    value = callback(transferred, key, ov)
  File "C:\Users\Göksu\AppData\Local\Programs\Python\Python313\Lib\asyncio\windows_events.py", line 600, in finish_connect
    ov.getresult()
    ~~~~~~~~~~~~^^
ConnectionRefusedError: [WinError 1225] The remote computer refused the network connection

During handling of the above exception, another exception occurred:

Traceback (most recent call last):
  File "C:\Users\Göksu\OneDrive\Desktop\elektraize\ElektrAize\redis_manager.py", line 83, in set_cache
    await redis_client.set(key, serialized_value, ex=expire_seconds)
  File "C:\Users\Göksu\OneDrive\Desktop\elektraize\ElektrAize\venv\Lib\site-packages\redis\asyncio\client.py", line 720, in execute_command
    conn = self.connection or await pool.get_connection()
                              ^^^^^^^^^^^^^^^^^^^^^^^^^^^
  File "C:\Users\Göksu\OneDrive\Desktop\elektraize\ElektrAize\venv\Lib\site-packages\redis\asyncio\connection.py", line 1198, in get_connection
    await self.ensure_connection(connection)
  File "C:\Users\Göksu\OneDrive\Desktop\elektraize\ElektrAize\venv\Lib\site-packages\redis\asyncio\connection.py", line 1231, in ensure_connection
    await connection.connect()
  File "C:\Users\Göksu\OneDrive\Desktop\elektraize\ElektrAize\venv\Lib\site-packages\redis\asyncio\connection.py", line 298, in connect
    await self.connect_check_health(check_health=True)
  File "C:\Users\Göksu\OneDrive\Desktop\elektraize\ElektrAize\venv\Lib\site-packages\redis\asyncio\connection.py", line 317, in connect_check_health
    raise ConnectionError(self._error_message(e))
redis.exceptions.ConnectionError: Error 22 connecting to localhost:6379. The remote computer refused the network connection.
2025-12-22 13:07:36 | ERROR    | redis_manager | get_cache:112 | Cache okuma hatası: test_key_router - Error 22 connecting to localhost:6379. The remote computer refused the network connection.
Traceback (most recent call last):
  File "C:\Users\Göksu\OneDrive\Desktop\elektraize\ElektrAize\venv\Lib\site-packages\redis\asyncio\connection.py", line 307, in connect_check_health
    await self.retry.call_with_retry(
        lambda: self._connect(), lambda error: self.disconnect()
    )
  File "C:\Users\Göksu\OneDrive\Desktop\elektraize\ElektrAize\venv\Lib\site-packages\redis\asyncio\retry.py", line 50, in call_with_retry
    return await do()
           ^^^^^^^^^^
  File "C:\Users\Göksu\OneDrive\Desktop\elektraize\ElektrAize\venv\Lib\site-packages\redis\asyncio\connection.py", line 768, in _connect
    reader, writer = await asyncio.open_connection(
                     ^^^^^^^^^^^^^^^^^^^^^^^^^^^^^^
        **self._connection_arguments()
        ^^^^^^^^^^^^^^^^^^^^^^^^^^^^^^
    )
    ^
  File "C:\Users\Göksu\AppData\Local\Programs\Python\Python313\Lib\asyncio\streams.py", line 48, in open_connection
    transport, _ = await loop.create_connection(
                   ^^^^^^^^^^^^^^^^^^^^^^^^^^^^^
        lambda: protocol, host, port, **kwds)
        ^^^^^^^^^^^^^^^^^^^^^^^^^^^^^^^^^^^^^
  File "C:\Users\Göksu\AppData\Local\Programs\Python\Python313\Lib\asyncio\base_events.py", line 1160, in create_connection
    raise exceptions[0]
  File "C:\Users\Göksu\AppData\Local\Programs\Python\Python313\Lib\asyncio\base_events.py", line 1137, in create_connection
    sock = await self._connect_sock(
           ^^^^^^^^^^^^^^^^^^^^^^^^^
        exceptions, addrinfo, laddr_infos)
        ^^^^^^^^^^^^^^^^^^^^^^^^^^^^^^^^^^
  File "C:\Users\Göksu\AppData\Local\Programs\Python\Python313\Lib\asyncio\base_events.py", line 1040, in _connect_sock
    await self.sock_connect(sock, address)
  File "C:\Users\Göksu\AppData\Local\Programs\Python\Python313\Lib\asyncio\proactor_events.py", line 726, in sock_connect
    return await self._proactor.connect(sock, address)
           ^^^^^^^^^^^^^^^^^^^^^^^^^^^^^^^^^^^^^^^^^^^
  File "C:\Users\Göksu\AppData\Local\Programs\Python\Python313\Lib\asyncio\windows_events.py", line 804, in _poll
    value = callback(transferred, key, ov)
  File "C:\Users\Göksu\AppData\Local\Programs\Python\Python313\Lib\asyncio\windows_events.py", line 600, in finish_connect
    ov.getresult()
    ~~~~~~~~~~~~^^
ConnectionRefusedError: [WinError 1225] The remote computer refused the network connection

During handling of the above exception, another exception occurred:

Traceback (most recent call last):
  File "C:\Users\Göksu\OneDrive\Desktop\elektraize\ElektrAize\redis_manager.py", line 97, in get_cache
    value = await redis_client.get(key)
            ^^^^^^^^^^^^^^^^^^^^^^^^^^^
  File "C:\Users\Göksu\OneDrive\Desktop\elektraize\ElektrAize\venv\Lib\site-packages\redis\asyncio\client.py", line 720, in execute_command
    conn = self.connection or await pool.get_connection()
                              ^^^^^^^^^^^^^^^^^^^^^^^^^^^
  File "C:\Users\Göksu\OneDrive\Desktop\elektraize\ElektrAize\venv\Lib\site-packages\redis\asyncio\connection.py", line 1198, in get_connection
    await self.ensure_connection(connection)
  File "C:\Users\Göksu\OneDrive\Desktop\elektraize\ElektrAize\venv\Lib\site-packages\redis\asyncio\connection.py", line 1231, in ensure_connection
    await connection.connect()
  File "C:\Users\Göksu\OneDrive\Desktop\elektraize\ElektrAize\venv\Lib\site-packages\redis\asyncio\connection.py", line 298, in connect
    await self.connect_check_health(check_health=True)
  File "C:\Users\Göksu\OneDrive\Desktop\elektraize\ElektrAize\venv\Lib\site-packages\redis\asyncio\connection.py", line 317, in connect_check_health
    raise ConnectionError(self._error_message(e))
redis.exceptions.ConnectionError: Error 22 connecting to localhost:6379. The remote computer refused the network connection.
2025-12-22 13:08:47 | ERROR    | redis_manager | set_cache:89 | Cache kayıt hatası: test_key_router - Error 22 connecting to localhost:6379. The remote computer refused the network connection.
Traceback (most recent call last):
  File "C:\Users\Göksu\OneDrive\Desktop\elektraize\ElektrAize\venv\Lib\site-packages\redis\asyncio\connection.py", line 307, in connect_check_health
    await self.retry.call_with_retry(
        lambda: self._connect(), lambda error: self.disconnect()
    )
  File "C:\Users\Göksu\OneDrive\Desktop\elektraize\ElektrAize\venv\Lib\site-packages\redis\asyncio\retry.py", line 50, in call_with_retry
    return await do()
           ^^^^^^^^^^
  File "C:\Users\Göksu\OneDrive\Desktop\elektraize\ElektrAize\venv\Lib\site-packages\redis\asyncio\connection.py", line 768, in _connect
    reader, writer = await asyncio.open_connection(
                     ^^^^^^^^^^^^^^^^^^^^^^^^^^^^^^
        **self._connection_arguments()
        ^^^^^^^^^^^^^^^^^^^^^^^^^^^^^^
    )
    ^
  File "C:\Users\Göksu\AppData\Local\Programs\Python\Python313\Lib\asyncio\streams.py", line 48, in open_connection
    transport, _ = await loop.create_connection(
                   ^^^^^^^^^^^^^^^^^^^^^^^^^^^^^
        lambda: protocol, host, port, **kwds)
        ^^^^^^^^^^^^^^^^^^^^^^^^^^^^^^^^^^^^^
  File "C:\Users\Göksu\AppData\Local\Programs\Python\Python313\Lib\asyncio\base_events.py", line 1160, in create_connection
    raise exceptions[0]
  File "C:\Users\Göksu\AppData\Local\Programs\Python\Python313\Lib\asyncio\base_events.py", line 1137, in create_connection
    sock = await self._connect_sock(
           ^^^^^^^^^^^^^^^^^^^^^^^^^
        exceptions, addrinfo, laddr_infos)
        ^^^^^^^^^^^^^^^^^^^^^^^^^^^^^^^^^^
  File "C:\Users\Göksu\AppData\Local\Programs\Python\Python313\Lib\asyncio\base_events.py", line 1040, in _connect_sock
    await self.sock_connect(sock, address)
  File "C:\Users\Göksu\AppData\Local\Programs\Python\Python313\Lib\asyncio\proactor_events.py", line 726, in sock_connect
    return await self._proactor.connect(sock, address)
           ^^^^^^^^^^^^^^^^^^^^^^^^^^^^^^^^^^^^^^^^^^^
  File "C:\Users\Göksu\AppData\Local\Programs\Python\Python313\Lib\asyncio\windows_events.py", line 804, in _poll
    value = callback(transferred, key, ov)
  File "C:\Users\Göksu\AppData\Local\Programs\Python\Python313\Lib\asyncio\windows_events.py", line 600, in finish_connect
    ov.getresult()
    ~~~~~~~~~~~~^^
ConnectionRefusedError: [WinError 1225] The remote computer refused the network connection

During handling of the above exception, another exception occurred:

Traceback (most recent call last):
  File "C:\Users\Göksu\OneDrive\Desktop\elektraize\ElektrAize\redis_manager.py", line 83, in set_cache
    await redis_client.set(key, serialized_value, ex=expire_seconds)
  File "C:\Users\Göksu\OneDrive\Desktop\elektraize\ElektrAize\venv\Lib\site-packages\redis\asyncio\client.py", line 720, in execute_command
    conn = self.connection or await pool.get_connection()
                              ^^^^^^^^^^^^^^^^^^^^^^^^^^^
  File "C:\Users\Göksu\OneDrive\Desktop\elektraize\ElektrAize\venv\Lib\site-packages\redis\asyncio\connection.py", line 1198, in get_connection
    await self.ensure_connection(connection)
  File "C:\Users\Göksu\OneDrive\Desktop\elektraize\ElektrAize\venv\Lib\site-packages\redis\asyncio\connection.py", line 1231, in ensure_connection
    await connection.connect()
  File "C:\Users\Göksu\OneDrive\Desktop\elektraize\ElektrAize\venv\Lib\site-packages\redis\asyncio\connection.py", line 298, in connect
    await self.connect_check_health(check_health=True)
  File "C:\Users\Göksu\OneDrive\Desktop\elektraize\ElektrAize\venv\Lib\site-packages\redis\asyncio\connection.py", line 317, in connect_check_health
    raise ConnectionError(self._error_message(e))
redis.exceptions.ConnectionError: Error 22 connecting to localhost:6379. The remote computer refused the network connection.
2025-12-22 13:08:51 | ERROR    | redis_manager | get_cache:112 | Cache okuma hatası: test_key_router - Error 22 connecting to localhost:6379. The remote computer refused the network connection.
Traceback (most recent call last):
  File "C:\Users\Göksu\OneDrive\Desktop\elektraize\ElektrAize\venv\Lib\site-packages\redis\asyncio\connection.py", line 307, in connect_check_health
    await self.retry.call_with_retry(
        lambda: self._connect(), lambda error: self.disconnect()
    )
  File "C:\Users\Göksu\OneDrive\Desktop\elektraize\ElektrAize\venv\Lib\site-packages\redis\asyncio\retry.py", line 50, in call_with_retry
    return await do()
           ^^^^^^^^^^
  File "C:\Users\Göksu\OneDrive\Desktop\elektraize\ElektrAize\venv\Lib\site-packages\redis\asyncio\connection.py", line 768, in _connect
    reader, writer = await asyncio.open_connection(
                     ^^^^^^^^^^^^^^^^^^^^^^^^^^^^^^
        **self._connection_arguments()
        ^^^^^^^^^^^^^^^^^^^^^^^^^^^^^^
    )
    ^
  File "C:\Users\Göksu\AppData\Local\Programs\Python\Python313\Lib\asyncio\streams.py", line 48, in open_connection
    transport, _ = await loop.create_connection(
                   ^^^^^^^^^^^^^^^^^^^^^^^^^^^^^
        lambda: protocol, host, port, **kwds)
        ^^^^^^^^^^^^^^^^^^^^^^^^^^^^^^^^^^^^^
  File "C:\Users\Göksu\AppData\Local\Programs\Python\Python313\Lib\asyncio\base_events.py", line 1160, in create_connection
    raise exceptions[0]
  File "C:\Users\Göksu\AppData\Local\Programs\Python\Python313\Lib\asyncio\base_events.py", line 1137, in create_connection
    sock = await self._connect_sock(
           ^^^^^^^^^^^^^^^^^^^^^^^^^
        exceptions, addrinfo, laddr_infos)
        ^^^^^^^^^^^^^^^^^^^^^^^^^^^^^^^^^^
  File "C:\Users\Göksu\AppData\Local\Programs\Python\Python313\Lib\asyncio\base_events.py", line 1040, in _connect_sock
    await self.sock_connect(sock, address)
  File "C:\Users\Göksu\AppData\Local\Programs\Python\Python313\Lib\asyncio\proactor_events.py", line 726, in sock_connect
    return await self._proactor.connect(sock, address)
           ^^^^^^^^^^^^^^^^^^^^^^^^^^^^^^^^^^^^^^^^^^^
  File "C:\Users\Göksu\AppData\Local\Programs\Python\Python313\Lib\asyncio\windows_events.py", line 804, in _poll
    value = callback(transferred, key, ov)
  File "C:\Users\Göksu\AppData\Local\Programs\Python\Python313\Lib\asyncio\windows_events.py", line 600, in finish_connect
    ov.getresult()
    ~~~~~~~~~~~~^^
ConnectionRefusedError: [WinError 1225] The remote computer refused the network connection

During handling of the above exception, another exception occurred:

Traceback (most recent call last):
  File "C:\Users\Göksu\OneDrive\Desktop\elektraize\ElektrAize\redis_manager.py", line 97, in get_cache
    value = await redis_client.get(key)
            ^^^^^^^^^^^^^^^^^^^^^^^^^^^
  File "C:\Users\Göksu\OneDrive\Desktop\elektraize\ElektrAize\venv\Lib\site-packages\redis\asyncio\client.py", line 720, in execute_command
    conn = self.connection or await pool.get_connection()
                              ^^^^^^^^^^^^^^^^^^^^^^^^^^^
  File "C:\Users\Göksu\OneDrive\Desktop\elektraize\ElektrAize\venv\Lib\site-packages\redis\asyncio\connection.py", line 1198, in get_connection
    await self.ensure_connection(connection)
  File "C:\Users\Göksu\OneDrive\Desktop\elektraize\ElektrAize\venv\Lib\site-packages\redis\asyncio\connection.py", line 1231, in ensure_connection
    await connection.connect()
  File "C:\Users\Göksu\OneDrive\Desktop\elektraize\ElektrAize\venv\Lib\site-packages\redis\asyncio\connection.py", line 298, in connect
    await self.connect_check_health(check_health=True)
  File "C:\Users\Göksu\OneDrive\Desktop\elektraize\ElektrAize\venv\Lib\site-packages\redis\asyncio\connection.py", line 317, in connect_check_health
    raise ConnectionError(self._error_message(e))
redis.exceptions.ConnectionError: Error 22 connecting to localhost:6379. The remote computer refused the network connection.
2025-12-22 13:19:30 | INFO     | redis_manager | get_cache:100 | Cache hit: test_key_router ✅
2025-12-22 13:22:59 | INFO     | redis_manager | get_cache:108 | Cache miss: anomaly:sanayi:CORUM:2023-03-03:2024-03-03:0.1 🚫
2025-12-22 13:22:59 | INFO     | veri_cek | fetch_tables:455 | Tablolar cache'den alındı.
2025-12-22 13:22:59 | INFO     | veri_cek | build_train_test_frames:504 | Merge bitti -> Train: (1886, 31), Test: (1722, 31)
2025-12-22 13:22:59 | INFO     | veri_cek | add_weather_features:149 | 2 hava durumu kolonu bulundu: ['windspeed_10m_max', 'windgusts_10m_max']...
2025-12-22 13:22:59 | INFO     | veri_cek | add_population_features:190 | 1 nüfus kolonu bulundu: ['Nufus_Sayisi']...
2025-12-22 13:22:59 | INFO     | veri_cek | add_weather_features:149 | 2 hava durumu kolonu bulundu: ['windspeed_10m_max', 'windgusts_10m_max']...
2025-12-22 13:23:00 | INFO     | veri_cek | add_population_features:190 | 1 nüfus kolonu bulundu: ['Nufus_Sayisi']...
2025-12-22 13:23:00 | INFO     | veri_cek | fetch_tables:455 | Tablolar cache'den alındı.
2025-12-22 13:23:00 | INFO     | veri_cek | build_train_test_frames:504 | Merge bitti -> Train: (1886, 31), Test: (1722, 31)
2025-12-22 13:23:00 | INFO     | veri_cek | add_weather_features:149 | 2 hava durumu kolonu bulundu: ['windspeed_10m_max', 'windgusts_10m_max']...
2025-12-22 13:23:00 | INFO     | veri_cek | add_population_features:190 | 1 nüfus kolonu bulundu: ['Nufus_Sayisi']...
2025-12-22 13:23:00 | INFO     | veri_cek | add_weather_features:149 | 2 hava durumu kolonu bulundu: ['windspeed_10m_max', 'windgusts_10m_max']...
2025-12-22 13:23:00 | INFO     | veri_cek | add_population_features:190 | 1 nüfus kolonu bulundu: ['Nufus_Sayisi']...
2025-12-22 13:23:00 | INFO     | redis_manager | get_cache:108 | Cache miss: anomaly:mesken:CORUM:2023-03-03:2024-03-03:0.1 🚫
2025-12-22 13:23:00 | INFO     | veri_cek | fetch_tables:455 | Tablolar cache'den alındı.
2025-12-22 13:23:00 | INFO     | veri_cek | build_train_test_frames:504 | Merge bitti -> Train: (1886, 31), Test: (1722, 31)
2025-12-22 13:23:01 | INFO     | veri_cek | add_weather_features:149 | 2 hava durumu kolonu bulundu: ['windspeed_10m_max', 'windgusts_10m_max']...
2025-12-22 13:23:01 | INFO     | veri_cek | add_population_features:190 | 1 nüfus kolonu bulundu: ['Nufus_Sayisi']...
2025-12-22 13:23:01 | INFO     | veri_cek | add_weather_features:149 | 2 hava durumu kolonu bulundu: ['windspeed_10m_max', 'windgusts_10m_max']...
2025-12-22 13:23:01 | INFO     | veri_cek | add_population_features:190 | 1 nüfus kolonu bulundu: ['Nufus_Sayisi']...
2025-12-22 13:23:01 | INFO     | veri_cek | fetch_tables:455 | Tablolar cache'den alındı.
2025-12-22 13:23:01 | INFO     | veri_cek | build_train_test_frames:504 | Merge bitti -> Train: (1886, 31), Test: (1722, 31)
2025-12-22 13:23:01 | INFO     | veri_cek | add_weather_features:149 | 2 hava durumu kolonu bulundu: ['windspeed_10m_max', 'windgusts_10m_max']...
2025-12-22 13:23:01 | INFO     | veri_cek | add_population_features:190 | 1 nüfus kolonu bulundu: ['Nufus_Sayisi']...
2025-12-22 13:23:01 | INFO     | veri_cek | add_weather_features:149 | 2 hava durumu kolonu bulundu: ['windspeed_10m_max', 'windgusts_10m_max']...
2025-12-22 13:23:01 | INFO     | veri_cek | add_population_features:190 | 1 nüfus kolonu bulundu: ['Nufus_Sayisi']...
2025-12-22 13:23:01 | INFO     | redis_manager | get_cache:108 | Cache miss: anomaly:ticarethane:CORUM:2023-03-03:2024-03-03:0.1 🚫
2025-12-22 13:23:01 | INFO     | veri_cek | fetch_tables:455 | Tablolar cache'den alındı.
2025-12-22 13:23:01 | INFO     | veri_cek | build_train_test_frames:504 | Merge bitti -> Train: (1886, 31), Test: (1722, 31)
2025-12-22 13:23:02 | INFO     | veri_cek | add_weather_features:149 | 2 hava durumu kolonu bulundu: ['windspeed_10m_max', 'windgusts_10m_max']...
2025-12-22 13:23:02 | INFO     | veri_cek | add_population_features:190 | 1 nüfus kolonu bulundu: ['Nufus_Sayisi']...
2025-12-22 13:23:02 | INFO     | veri_cek | add_weather_features:149 | 2 hava durumu kolonu bulundu: ['windspeed_10m_max', 'windgusts_10m_max']...
2025-12-22 13:23:02 | INFO     | veri_cek | add_population_features:190 | 1 nüfus kolonu bulundu: ['Nufus_Sayisi']...
2025-12-22 13:23:02 | INFO     | veri_cek | fetch_tables:455 | Tablolar cache'den alındı.
2025-12-22 13:23:02 | INFO     | veri_cek | build_train_test_frames:504 | Merge bitti -> Train: (1886, 31), Test: (1722, 31)
2025-12-22 13:23:02 | INFO     | veri_cek | add_weather_features:149 | 2 hava durumu kolonu bulundu: ['windspeed_10m_max', 'windgusts_10m_max']...
2025-12-22 13:23:02 | INFO     | veri_cek | add_population_features:190 | 1 nüfus kolonu bulundu: ['Nufus_Sayisi']...
2025-12-22 13:23:02 | INFO     | veri_cek | add_weather_features:149 | 2 hava durumu kolonu bulundu: ['windspeed_10m_max', 'windgusts_10m_max']...
2025-12-22 13:23:02 | INFO     | veri_cek | add_population_features:190 | 1 nüfus kolonu bulundu: ['Nufus_Sayisi']...
2025-12-22 13:23:02 | INFO     | redis_manager | get_cache:108 | Cache miss: anomaly:aydinlatma:CORUM:2023-03-03:2024-03-03:0.1 🚫
2025-12-22 13:23:02 | INFO     | veri_cek | fetch_tables:455 | Tablolar cache'den alındı.
2025-12-22 13:23:03 | INFO     | veri_cek | build_train_test_frames:504 | Merge bitti -> Train: (1886, 31), Test: (1722, 31)
2025-12-22 13:23:03 | INFO     | veri_cek | add_weather_features:149 | 2 hava durumu kolonu bulundu: ['windspeed_10m_max', 'windgusts_10m_max']...
2025-12-22 13:23:03 | INFO     | veri_cek | add_population_features:190 | 1 nüfus kolonu bulundu: ['Nufus_Sayisi']...
2025-12-22 13:23:03 | INFO     | veri_cek | add_weather_features:149 | 2 hava durumu kolonu bulundu: ['windspeed_10m_max', 'windgusts_10m_max']...
2025-12-22 13:23:03 | INFO     | veri_cek | add_population_features:190 | 1 nüfus kolonu bulundu: ['Nufus_Sayisi']...
2025-12-22 13:23:03 | INFO     | veri_cek | fetch_tables:455 | Tablolar cache'den alındı.
2025-12-22 13:23:03 | INFO     | veri_cek | build_train_test_frames:504 | Merge bitti -> Train: (1886, 31), Test: (1722, 31)
2025-12-22 13:23:03 | INFO     | veri_cek | add_weather_features:149 | 2 hava durumu kolonu bulundu: ['windspeed_10m_max', 'windgusts_10m_max']...
2025-12-22 13:23:03 | INFO     | veri_cek | add_population_features:190 | 1 nüfus kolonu bulundu: ['Nufus_Sayisi']...
2025-12-22 13:23:03 | INFO     | veri_cek | add_weather_features:149 | 2 hava durumu kolonu bulundu: ['windspeed_10m_max', 'windgusts_10m_max']...
2025-12-22 13:23:03 | INFO     | veri_cek | add_population_features:190 | 1 nüfus kolonu bulundu: ['Nufus_Sayisi']...
2025-12-22 13:23:04 | INFO     | redis_manager | get_cache:108 | Cache miss: anomaly:tarimsal:CORUM:2023-03-03:2024-03-03:0.1 🚫
2025-12-22 13:23:04 | INFO     | veri_cek | fetch_tables:455 | Tablolar cache'den alındı.
2025-12-22 13:23:04 | INFO     | veri_cek | build_train_test_frames:504 | Merge bitti -> Train: (1886, 31), Test: (1722, 31)
2025-12-22 13:23:04 | INFO     | veri_cek | add_weather_features:149 | 2 hava durumu kolonu bulundu: ['windspeed_10m_max', 'windgusts_10m_max']...
2025-12-22 13:23:04 | INFO     | veri_cek | add_population_features:190 | 1 nüfus kolonu bulundu: ['Nufus_Sayisi']...
2025-12-22 13:23:04 | INFO     | veri_cek | add_weather_features:149 | 2 hava durumu kolonu bulundu: ['windspeed_10m_max', 'windgusts_10m_max']...
2025-12-22 13:23:04 | INFO     | veri_cek | add_population_features:190 | 1 nüfus kolonu bulundu: ['Nufus_Sayisi']...
2025-12-22 13:23:04 | INFO     | veri_cek | fetch_tables:455 | Tablolar cache'den alındı.
2025-12-22 13:23:04 | INFO     | veri_cek | build_train_test_frames:504 | Merge bitti -> Train: (1886, 31), Test: (1722, 31)
2025-12-22 13:23:04 | INFO     | veri_cek | add_weather_features:149 | 2 hava durumu kolonu bulundu: ['windspeed_10m_max', 'windgusts_10m_max']...
2025-12-22 13:23:04 | INFO     | veri_cek | add_population_features:190 | 1 nüfus kolonu bulundu: ['Nufus_Sayisi']...
2025-12-22 13:23:04 | INFO     | veri_cek | add_weather_features:149 | 2 hava durumu kolonu bulundu: ['windspeed_10m_max', 'windgusts_10m_max']...
2025-12-22 13:23:04 | INFO     | veri_cek | add_population_features:190 | 1 nüfus kolonu bulundu: ['Nufus_Sayisi']...
2025-12-22 13:23:05 | INFO     | redis_manager | get_cache:108 | Cache miss: anomaly:diger:CORUM:2023-03-03:2024-03-03:0.1 🚫
2025-12-22 13:23:05 | INFO     | veri_cek | fetch_tables:455 | Tablolar cache'den alındı.
2025-12-22 13:23:05 | INFO     | veri_cek | build_train_test_frames:504 | Merge bitti -> Train: (1886, 31), Test: (1722, 31)
2025-12-22 13:23:05 | INFO     | veri_cek | add_weather_features:149 | 2 hava durumu kolonu bulundu: ['windspeed_10m_max', 'windgusts_10m_max']...
2025-12-22 13:23:05 | INFO     | veri_cek | add_population_features:190 | 1 nüfus kolonu bulundu: ['Nufus_Sayisi']...
2025-12-22 13:23:05 | INFO     | veri_cek | add_weather_features:149 | 2 hava durumu kolonu bulundu: ['windspeed_10m_max', 'windgusts_10m_max']...
2025-12-22 13:23:05 | INFO     | veri_cek | add_population_features:190 | 1 nüfus kolonu bulundu: ['Nufus_Sayisi']...
2025-12-22 13:23:05 | INFO     | veri_cek | fetch_tables:455 | Tablolar cache'den alındı.
2025-12-22 13:23:05 | INFO     | veri_cek | build_train_test_frames:504 | Merge bitti -> Train: (1886, 31), Test: (1722, 31)
2025-12-22 13:23:05 | INFO     | veri_cek | add_weather_features:149 | 2 hava durumu kolonu bulundu: ['windspeed_10m_max', 'windgusts_10m_max']...
2025-12-22 13:23:05 | INFO     | veri_cek | add_population_features:190 | 1 nüfus kolonu bulundu: ['Nufus_Sayisi']...
2025-12-22 13:23:05 | INFO     | veri_cek | add_weather_features:149 | 2 hava durumu kolonu bulundu: ['windspeed_10m_max', 'windgusts_10m_max']...
2025-12-22 13:23:05 | INFO     | veri_cek | add_population_features:190 | 1 nüfus kolonu bulundu: ['Nufus_Sayisi']...
2025-12-22 13:23:06 | INFO     | redis_manager | get_cache:100 | Cache hit: anomaly:sanayi:CORUM:2023-03-03:2024-03-03:0.1 ✅
2025-12-22 13:23:06 | INFO     | veri_cek | fetch_tables:455 | Tablolar cache'den alındı.
2025-12-22 13:23:06 | INFO     | veri_cek | build_train_test_frames:504 | Merge bitti -> Train: (1886, 31), Test: (1722, 31)
2025-12-22 13:23:06 | INFO     | veri_cek | add_weather_features:149 | 2 hava durumu kolonu bulundu: ['windspeed_10m_max', 'windgusts_10m_max']...
2025-12-22 13:23:06 | INFO     | veri_cek | add_population_features:190 | 1 nüfus kolonu bulundu: ['Nufus_Sayisi']...
2025-12-22 13:23:06 | INFO     | veri_cek | add_weather_features:149 | 2 hava durumu kolonu bulundu: ['windspeed_10m_max', 'windgusts_10m_max']...
2025-12-22 13:23:06 | INFO     | veri_cek | add_population_features:190 | 1 nüfus kolonu bulundu: ['Nufus_Sayisi']...
2025-12-22 13:23:06 | INFO     | veri_cek | fetch_tables:455 | Tablolar cache'den alındı.
2025-12-22 13:23:06 | INFO     | veri_cek | build_train_test_frames:504 | Merge bitti -> Train: (1886, 31), Test: (1722, 31)
2025-12-22 13:23:06 | INFO     | veri_cek | add_weather_features:149 | 2 hava durumu kolonu bulundu: ['windspeed_10m_max', 'windgusts_10m_max']...
2025-12-22 13:23:06 | INFO     | veri_cek | add_population_features:190 | 1 nüfus kolonu bulundu: ['Nufus_Sayisi']...
2025-12-22 13:23:07 | INFO     | veri_cek | add_weather_features:149 | 2 hava durumu kolonu bulundu: ['windspeed_10m_max', 'windgusts_10m_max']...
2025-12-22 13:23:07 | INFO     | veri_cek | add_population_features:190 | 1 nüfus kolonu bulundu: ['Nufus_Sayisi']...
2025-12-22 13:23:15 | INFO     | redis_manager | get_cache:108 | Cache miss: anomaly:sanayi:ERZINCAN:2023-03-03:2024-03-03:0.1 🚫
2025-12-22 13:23:15 | INFO     | veri_cek | fetch_tables:455 | Tablolar cache'den alındı.
2025-12-22 13:23:15 | INFO     | veri_cek | build_train_test_frames:504 | Merge bitti -> Train: (1886, 31), Test: (1722, 31)
2025-12-22 13:23:15 | INFO     | veri_cek | add_weather_features:149 | 2 hava durumu kolonu bulundu: ['windspeed_10m_max', 'windgusts_10m_max']...
2025-12-22 13:23:15 | INFO     | veri_cek | add_population_features:190 | 1 nüfus kolonu bulundu: ['Nufus_Sayisi']...
2025-12-22 13:23:15 | INFO     | veri_cek | add_weather_features:149 | 2 hava durumu kolonu bulundu: ['windspeed_10m_max', 'windgusts_10m_max']...
2025-12-22 13:23:15 | INFO     | veri_cek | add_population_features:190 | 1 nüfus kolonu bulundu: ['Nufus_Sayisi']...
2025-12-22 13:23:15 | INFO     | veri_cek | fetch_tables:455 | Tablolar cache'den alındı.
2025-12-22 13:23:16 | INFO     | veri_cek | build_train_test_frames:504 | Merge bitti -> Train: (1886, 31), Test: (1722, 31)
2025-12-22 13:23:16 | INFO     | veri_cek | add_weather_features:149 | 2 hava durumu kolonu bulundu: ['windspeed_10m_max', 'windgusts_10m_max']...
2025-12-22 13:23:16 | INFO     | veri_cek | add_population_features:190 | 1 nüfus kolonu bulundu: ['Nufus_Sayisi']...
2025-12-22 13:23:16 | INFO     | veri_cek | add_weather_features:149 | 2 hava durumu kolonu bulundu: ['windspeed_10m_max', 'windgusts_10m_max']...
2025-12-22 13:23:16 | INFO     | veri_cek | add_population_features:190 | 1 nüfus kolonu bulundu: ['Nufus_Sayisi']...
2025-12-22 13:23:16 | INFO     | redis_manager | get_cache:108 | Cache miss: anomaly:mesken:ERZINCAN:2023-03-03:2024-03-03:0.1 🚫
2025-12-22 13:23:16 | INFO     | veri_cek | fetch_tables:455 | Tablolar cache'den alındı.
2025-12-22 13:23:16 | INFO     | veri_cek | build_train_test_frames:504 | Merge bitti -> Train: (1886, 31), Test: (1722, 31)
2025-12-22 13:23:16 | INFO     | veri_cek | add_weather_features:149 | 2 hava durumu kolonu bulundu: ['windspeed_10m_max', 'windgusts_10m_max']...
2025-12-22 13:23:16 | INFO     | veri_cek | add_population_features:190 | 1 nüfus kolonu bulundu: ['Nufus_Sayisi']...
2025-12-22 13:23:17 | INFO     | veri_cek | add_weather_features:149 | 2 hava durumu kolonu bulundu: ['windspeed_10m_max', 'windgusts_10m_max']...
2025-12-22 13:23:17 | INFO     | veri_cek | add_population_features:190 | 1 nüfus kolonu bulundu: ['Nufus_Sayisi']...
2025-12-22 13:23:17 | INFO     | veri_cek | fetch_tables:455 | Tablolar cache'den alındı.
2025-12-22 13:23:17 | INFO     | veri_cek | build_train_test_frames:504 | Merge bitti -> Train: (1886, 31), Test: (1722, 31)
2025-12-22 13:23:17 | INFO     | veri_cek | add_weather_features:149 | 2 hava durumu kolonu bulundu: ['windspeed_10m_max', 'windgusts_10m_max']...
2025-12-22 13:23:17 | INFO     | veri_cek | add_population_features:190 | 1 nüfus kolonu bulundu: ['Nufus_Sayisi']...
2025-12-22 13:23:17 | INFO     | veri_cek | add_weather_features:149 | 2 hava durumu kolonu bulundu: ['windspeed_10m_max', 'windgusts_10m_max']...
2025-12-22 13:23:17 | INFO     | veri_cek | add_population_features:190 | 1 nüfus kolonu bulundu: ['Nufus_Sayisi']...
2025-12-22 13:23:17 | INFO     | redis_manager | get_cache:108 | Cache miss: anomaly:ticarethane:ERZINCAN:2023-03-03:2024-03-03:0.1 🚫
2025-12-22 13:23:17 | INFO     | veri_cek | fetch_tables:455 | Tablolar cache'den alındı.
2025-12-22 13:23:18 | INFO     | veri_cek | build_train_test_frames:504 | Merge bitti -> Train: (1886, 31), Test: (1722, 31)
2025-12-22 13:23:18 | INFO     | veri_cek | add_weather_features:149 | 2 hava durumu kolonu bulundu: ['windspeed_10m_max', 'windgusts_10m_max']...
2025-12-22 13:23:18 | INFO     | veri_cek | add_population_features:190 | 1 nüfus kolonu bulundu: ['Nufus_Sayisi']...
2025-12-22 13:23:18 | INFO     | veri_cek | add_weather_features:149 | 2 hava durumu kolonu bulundu: ['windspeed_10m_max', 'windgusts_10m_max']...
2025-12-22 13:23:18 | INFO     | veri_cek | add_population_features:190 | 1 nüfus kolonu bulundu: ['Nufus_Sayisi']...
2025-12-22 13:23:18 | INFO     | veri_cek | fetch_tables:455 | Tablolar cache'den alındı.
2025-12-22 13:23:18 | INFO     | veri_cek | build_train_test_frames:504 | Merge bitti -> Train: (1886, 31), Test: (1722, 31)
2025-12-22 13:23:18 | INFO     | veri_cek | add_weather_features:149 | 2 hava durumu kolonu bulundu: ['windspeed_10m_max', 'windgusts_10m_max']...
2025-12-22 13:23:18 | INFO     | veri_cek | add_population_features:190 | 1 nüfus kolonu bulundu: ['Nufus_Sayisi']...
2025-12-22 13:23:18 | INFO     | veri_cek | add_weather_features:149 | 2 hava durumu kolonu bulundu: ['windspeed_10m_max', 'windgusts_10m_max']...
2025-12-22 13:23:18 | INFO     | veri_cek | add_population_features:190 | 1 nüfus kolonu bulundu: ['Nufus_Sayisi']...
2025-12-22 13:23:19 | INFO     | redis_manager | get_cache:108 | Cache miss: anomaly:aydinlatma:ERZINCAN:2023-03-03:2024-03-03:0.1 🚫
2025-12-22 13:23:19 | INFO     | veri_cek | fetch_tables:455 | Tablolar cache'den alındı.
2025-12-22 13:23:19 | INFO     | veri_cek | build_train_test_frames:504 | Merge bitti -> Train: (1886, 31), Test: (1722, 31)
2025-12-22 13:23:19 | INFO     | veri_cek | add_weather_features:149 | 2 hava durumu kolonu bulundu: ['windspeed_10m_max', 'windgusts_10m_max']...
2025-12-22 13:23:19 | INFO     | veri_cek | add_population_features:190 | 1 nüfus kolonu bulundu: ['Nufus_Sayisi']...
2025-12-22 13:23:19 | INFO     | veri_cek | add_weather_features:149 | 2 hava durumu kolonu bulundu: ['windspeed_10m_max', 'windgusts_10m_max']...
2025-12-22 13:23:19 | INFO     | veri_cek | add_population_features:190 | 1 nüfus kolonu bulundu: ['Nufus_Sayisi']...
2025-12-22 13:23:19 | INFO     | veri_cek | fetch_tables:455 | Tablolar cache'den alındı.
2025-12-22 13:23:19 | INFO     | veri_cek | build_train_test_frames:504 | Merge bitti -> Train: (1886, 31), Test: (1722, 31)
2025-12-22 13:23:19 | INFO     | veri_cek | add_weather_features:149 | 2 hava durumu kolonu bulundu: ['windspeed_10m_max', 'windgusts_10m_max']...
2025-12-22 13:23:19 | INFO     | veri_cek | add_population_features:190 | 1 nüfus kolonu bulundu: ['Nufus_Sayisi']...
2025-12-22 13:23:20 | INFO     | veri_cek | add_weather_features:149 | 2 hava durumu kolonu bulundu: ['windspeed_10m_max', 'windgusts_10m_max']...
2025-12-22 13:23:20 | INFO     | veri_cek | add_population_features:190 | 1 nüfus kolonu bulundu: ['Nufus_Sayisi']...
2025-12-22 13:23:20 | INFO     | redis_manager | get_cache:108 | Cache miss: anomaly:tarimsal:ERZINCAN:2023-03-03:2024-03-03:0.1 🚫
2025-12-22 13:23:20 | INFO     | veri_cek | fetch_tables:455 | Tablolar cache'den alındı.
2025-12-22 13:23:20 | INFO     | veri_cek | build_train_test_frames:504 | Merge bitti -> Train: (1886, 31), Test: (1722, 31)
2025-12-22 13:23:20 | INFO     | veri_cek | add_weather_features:149 | 2 hava durumu kolonu bulundu: ['windspeed_10m_max', 'windgusts_10m_max']...
2025-12-22 13:23:20 | INFO     | veri_cek | add_population_features:190 | 1 nüfus kolonu bulundu: ['Nufus_Sayisi']...
2025-12-22 13:23:20 | INFO     | veri_cek | add_weather_features:149 | 2 hava durumu kolonu bulundu: ['windspeed_10m_max', 'windgusts_10m_max']...
2025-12-22 13:23:20 | INFO     | veri_cek | add_population_features:190 | 1 nüfus kolonu bulundu: ['Nufus_Sayisi']...
2025-12-22 13:23:20 | INFO     | veri_cek | fetch_tables:455 | Tablolar cache'den alındı.
2025-12-22 13:23:20 | INFO     | veri_cek | build_train_test_frames:504 | Merge bitti -> Train: (1886, 31), Test: (1722, 31)
2025-12-22 13:23:20 | INFO     | veri_cek | add_weather_features:149 | 2 hava durumu kolonu bulundu: ['windspeed_10m_max', 'windgusts_10m_max']...
2025-12-22 13:23:20 | INFO     | veri_cek | add_population_features:190 | 1 nüfus kolonu bulundu: ['Nufus_Sayisi']...
2025-12-22 13:23:21 | INFO     | veri_cek | add_weather_features:149 | 2 hava durumu kolonu bulundu: ['windspeed_10m_max', 'windgusts_10m_max']...
2025-12-22 13:23:21 | INFO     | veri_cek | add_population_features:190 | 1 nüfus kolonu bulundu: ['Nufus_Sayisi']...
2025-12-22 13:23:21 | INFO     | redis_manager | get_cache:108 | Cache miss: anomaly:diger:ERZINCAN:2023-03-03:2024-03-03:0.1 🚫
2025-12-22 13:23:21 | INFO     | veri_cek | fetch_tables:455 | Tablolar cache'den alındı.
2025-12-22 13:23:21 | INFO     | veri_cek | build_train_test_frames:504 | Merge bitti -> Train: (1886, 31), Test: (1722, 31)
2025-12-22 13:23:21 | INFO     | veri_cek | add_weather_features:149 | 2 hava durumu kolonu bulundu: ['windspeed_10m_max', 'windgusts_10m_max']...
2025-12-22 13:23:21 | INFO     | veri_cek | add_population_features:190 | 1 nüfus kolonu bulundu: ['Nufus_Sayisi']...
2025-12-22 13:23:21 | INFO     | veri_cek | add_weather_features:149 | 2 hava durumu kolonu bulundu: ['windspeed_10m_max', 'windgusts_10m_max']...
2025-12-22 13:23:21 | INFO     | veri_cek | add_population_features:190 | 1 nüfus kolonu bulundu: ['Nufus_Sayisi']...
2025-12-22 13:23:21 | INFO     | veri_cek | fetch_tables:455 | Tablolar cache'den alındı.
2025-12-22 13:23:21 | INFO     | veri_cek | build_train_test_frames:504 | Merge bitti -> Train: (1886, 31), Test: (1722, 31)
2025-12-22 13:23:21 | INFO     | veri_cek | add_weather_features:149 | 2 hava durumu kolonu bulundu: ['windspeed_10m_max', 'windgusts_10m_max']...
2025-12-22 13:23:21 | INFO     | veri_cek | add_population_features:190 | 1 nüfus kolonu bulundu: ['Nufus_Sayisi']...
2025-12-22 13:23:22 | INFO     | veri_cek | add_weather_features:149 | 2 hava durumu kolonu bulundu: ['windspeed_10m_max', 'windgusts_10m_max']...
2025-12-22 13:23:22 | INFO     | veri_cek | add_population_features:190 | 1 nüfus kolonu bulundu: ['Nufus_Sayisi']...
2025-12-22 13:23:22 | INFO     | redis_manager | get_cache:100 | Cache hit: anomaly:sanayi:ERZINCAN:2023-03-03:2024-03-03:0.1 ✅
2025-12-22 13:23:22 | INFO     | veri_cek | fetch_tables:455 | Tablolar cache'den alındı.
2025-12-22 13:23:22 | INFO     | veri_cek | build_train_test_frames:504 | Merge bitti -> Train: (1886, 31), Test: (1722, 31)
2025-12-22 13:23:22 | INFO     | veri_cek | add_weather_features:149 | 2 hava durumu kolonu bulundu: ['windspeed_10m_max', 'windgusts_10m_max']...
2025-12-22 13:23:22 | INFO     | veri_cek | add_population_features:190 | 1 nüfus kolonu bulundu: ['Nufus_Sayisi']...
2025-12-22 13:23:22 | INFO     | veri_cek | add_weather_features:149 | 2 hava durumu kolonu bulundu: ['windspeed_10m_max', 'windgusts_10m_max']...
2025-12-22 13:23:22 | INFO     | veri_cek | add_population_features:190 | 1 nüfus kolonu bulundu: ['Nufus_Sayisi']...
2025-12-22 13:23:22 | INFO     | veri_cek | fetch_tables:455 | Tablolar cache'den alındı.
2025-12-22 13:23:22 | INFO     | veri_cek | build_train_test_frames:504 | Merge bitti -> Train: (1886, 31), Test: (1722, 31)
2025-12-22 13:23:23 | INFO     | veri_cek | add_weather_features:149 | 2 hava durumu kolonu bulundu: ['windspeed_10m_max', 'windgusts_10m_max']...
2025-12-22 13:23:23 | INFO     | veri_cek | add_population_features:190 | 1 nüfus kolonu bulundu: ['Nufus_Sayisi']...
2025-12-22 13:23:23 | INFO     | veri_cek | add_weather_features:149 | 2 hava durumu kolonu bulundu: ['windspeed_10m_max', 'windgusts_10m_max']...
2025-12-22 13:23:23 | INFO     | veri_cek | add_population_features:190 | 1 nüfus kolonu bulundu: ['Nufus_Sayisi']...
2025-12-22 13:23:27 | INFO     | redis_manager | get_cache:100 | Cache hit: anomaly:sanayi:CORUM:2023-03-03:2024-03-03:0.1 ✅
2025-12-22 13:23:27 | INFO     | redis_manager | get_cache:100 | Cache hit: anomaly:mesken:CORUM:2023-03-03:2024-03-03:0.1 ✅
2025-12-22 13:23:27 | INFO     | redis_manager | get_cache:100 | Cache hit: anomaly:ticarethane:CORUM:2023-03-03:2024-03-03:0.1 ✅
2025-12-22 13:23:27 | INFO     | redis_manager | get_cache:100 | Cache hit: anomaly:sanayi:CORUM:2023-03-03:2024-03-03:0.1 ✅
2025-12-22 13:23:27 | INFO     | redis_manager | get_cache:100 | Cache hit: anomaly:aydinlatma:CORUM:2023-03-03:2024-03-03:0.1 ✅
2025-12-22 13:23:27 | INFO     | redis_manager | get_cache:100 | Cache hit: anomaly:tarimsal:CORUM:2023-03-03:2024-03-03:0.1 ✅
2025-12-22 13:23:27 | INFO     | redis_manager | get_cache:100 | Cache hit: anomaly:diger:CORUM:2023-03-03:2024-03-03:0.1 ✅
2025-12-22 13:23:27 | INFO     | veri_cek | fetch_tables:455 | Tablolar cache'den alındı.
2025-12-22 13:23:27 | INFO     | veri_cek | build_train_test_frames:504 | Merge bitti -> Train: (1886, 31), Test: (1722, 31)
2025-12-22 13:23:27 | INFO     | veri_cek | add_weather_features:149 | 2 hava durumu kolonu bulundu: ['windspeed_10m_max', 'windgusts_10m_max']...
2025-12-22 13:23:27 | INFO     | veri_cek | add_population_features:190 | 1 nüfus kolonu bulundu: ['Nufus_Sayisi']...
2025-12-22 13:23:28 | INFO     | veri_cek | add_weather_features:149 | 2 hava durumu kolonu bulundu: ['windspeed_10m_max', 'windgusts_10m_max']...
2025-12-22 13:23:28 | INFO     | veri_cek | add_population_features:190 | 1 nüfus kolonu bulundu: ['Nufus_Sayisi']...
2025-12-22 13:23:28 | INFO     | veri_cek | fetch_tables:455 | Tablolar cache'den alındı.
2025-12-22 13:23:28 | INFO     | veri_cek | build_train_test_frames:504 | Merge bitti -> Train: (1886, 31), Test: (1722, 31)
2025-12-22 13:23:28 | INFO     | veri_cek | add_weather_features:149 | 2 hava durumu kolonu bulundu: ['windspeed_10m_max', 'windgusts_10m_max']...
2025-12-22 13:23:28 | INFO     | veri_cek | add_population_features:190 | 1 nüfus kolonu bulundu: ['Nufus_Sayisi']...
2025-12-22 13:23:28 | INFO     | veri_cek | add_weather_features:149 | 2 hava durumu kolonu bulundu: ['windspeed_10m_max', 'windgusts_10m_max']...
2025-12-22 13:23:28 | INFO     | veri_cek | add_population_features:190 | 1 nüfus kolonu bulundu: ['Nufus_Sayisi']...
2025-12-22 13:23:37 | INFO     | redis_manager | get_cache:100 | Cache hit: test_key_router ✅
2025-12-22 13:24:54 | INFO     | redis_manager | get_cache:108 | Cache miss: anomaly:tarimsal:YOZGAT:2022-02-02:2023-02-02:0.1 🚫
2025-12-22 13:24:54 | INFO     | veri_cek | fetch_tables:455 | Tablolar cache'den alındı.
2025-12-22 13:24:54 | INFO     | veri_cek | build_train_test_frames:504 | Merge bitti -> Train: (1886, 31), Test: (1722, 31)
2025-12-22 13:24:54 | INFO     | veri_cek | add_weather_features:149 | 2 hava durumu kolonu bulundu: ['windspeed_10m_max', 'windgusts_10m_max']...
2025-12-22 13:24:54 | INFO     | veri_cek | add_population_features:190 | 1 nüfus kolonu bulundu: ['Nufus_Sayisi']...
2025-12-22 13:24:54 | INFO     | veri_cek | add_weather_features:149 | 2 hava durumu kolonu bulundu: ['windspeed_10m_max', 'windgusts_10m_max']...
2025-12-22 13:24:54 | INFO     | veri_cek | add_population_features:190 | 1 nüfus kolonu bulundu: ['Nufus_Sayisi']...
2025-12-22 13:24:54 | INFO     | veri_cek | fetch_tables:455 | Tablolar cache'den alındı.
2025-12-22 13:24:54 | INFO     | veri_cek | build_train_test_frames:504 | Merge bitti -> Train: (1886, 31), Test: (1722, 31)
2025-12-22 13:24:55 | INFO     | veri_cek | add_weather_features:149 | 2 hava durumu kolonu bulundu: ['windspeed_10m_max', 'windgusts_10m_max']...
2025-12-22 13:24:55 | INFO     | veri_cek | add_population_features:190 | 1 nüfus kolonu bulundu: ['Nufus_Sayisi']...
2025-12-22 13:24:55 | INFO     | veri_cek | add_weather_features:149 | 2 hava durumu kolonu bulundu: ['windspeed_10m_max', 'windgusts_10m_max']...
2025-12-22 13:24:55 | INFO     | veri_cek | add_population_features:190 | 1 nüfus kolonu bulundu: ['Nufus_Sayisi']...
2025-12-22 13:24:55 | INFO     | redis_manager | get_cache:108 | Cache miss: anomaly:mesken:YOZGAT:2022-02-02:2023-02-02:0.1 🚫
2025-12-22 13:24:55 | INFO     | veri_cek | fetch_tables:455 | Tablolar cache'den alındı.
2025-12-22 13:24:55 | INFO     | veri_cek | build_train_test_frames:504 | Merge bitti -> Train: (1886, 31), Test: (1722, 31)
2025-12-22 13:24:55 | INFO     | veri_cek | add_weather_features:149 | 2 hava durumu kolonu bulundu: ['windspeed_10m_max', 'windgusts_10m_max']...
2025-12-22 13:24:55 | INFO     | veri_cek | add_population_features:190 | 1 nüfus kolonu bulundu: ['Nufus_Sayisi']...
2025-12-22 13:24:56 | INFO     | veri_cek | add_weather_features:149 | 2 hava durumu kolonu bulundu: ['windspeed_10m_max', 'windgusts_10m_max']...
2025-12-22 13:24:56 | INFO     | veri_cek | add_population_features:190 | 1 nüfus kolonu bulundu: ['Nufus_Sayisi']...
2025-12-22 13:24:56 | INFO     | veri_cek | fetch_tables:455 | Tablolar cache'den alındı.
2025-12-22 13:24:56 | INFO     | veri_cek | build_train_test_frames:504 | Merge bitti -> Train: (1886, 31), Test: (1722, 31)
2025-12-22 13:24:56 | INFO     | veri_cek | add_weather_features:149 | 2 hava durumu kolonu bulundu: ['windspeed_10m_max', 'windgusts_10m_max']...
2025-12-22 13:24:56 | INFO     | veri_cek | add_population_features:190 | 1 nüfus kolonu bulundu: ['Nufus_Sayisi']...
2025-12-22 13:24:56 | INFO     | veri_cek | add_weather_features:149 | 2 hava durumu kolonu bulundu: ['windspeed_10m_max', 'windgusts_10m_max']...
2025-12-22 13:24:56 | INFO     | veri_cek | add_population_features:190 | 1 nüfus kolonu bulundu: ['Nufus_Sayisi']...
2025-12-22 13:24:57 | INFO     | redis_manager | get_cache:108 | Cache miss: anomaly:ticarethane:YOZGAT:2022-02-02:2023-02-02:0.1 🚫
2025-12-22 13:24:57 | INFO     | veri_cek | fetch_tables:455 | Tablolar cache'den alındı.
2025-12-22 13:24:57 | INFO     | veri_cek | build_train_test_frames:504 | Merge bitti -> Train: (1886, 31), Test: (1722, 31)
2025-12-22 13:24:57 | INFO     | veri_cek | add_weather_features:149 | 2 hava durumu kolonu bulundu: ['windspeed_10m_max', 'windgusts_10m_max']...
2025-12-22 13:24:57 | INFO     | veri_cek | add_population_features:190 | 1 nüfus kolonu bulundu: ['Nufus_Sayisi']...
2025-12-22 13:24:57 | INFO     | veri_cek | add_weather_features:149 | 2 hava durumu kolonu bulundu: ['windspeed_10m_max', 'windgusts_10m_max']...
2025-12-22 13:24:57 | INFO     | veri_cek | add_population_features:190 | 1 nüfus kolonu bulundu: ['Nufus_Sayisi']...
2025-12-22 13:24:57 | INFO     | veri_cek | fetch_tables:455 | Tablolar cache'den alındı.
2025-12-22 13:24:57 | INFO     | veri_cek | build_train_test_frames:504 | Merge bitti -> Train: (1886, 31), Test: (1722, 31)
2025-12-22 13:24:57 | INFO     | veri_cek | add_weather_features:149 | 2 hava durumu kolonu bulundu: ['windspeed_10m_max', 'windgusts_10m_max']...
2025-12-22 13:24:57 | INFO     | veri_cek | add_population_features:190 | 1 nüfus kolonu bulundu: ['Nufus_Sayisi']...
2025-12-22 13:24:58 | INFO     | veri_cek | add_weather_features:149 | 2 hava durumu kolonu bulundu: ['windspeed_10m_max', 'windgusts_10m_max']...
2025-12-22 13:24:58 | INFO     | veri_cek | add_population_features:190 | 1 nüfus kolonu bulundu: ['Nufus_Sayisi']...
2025-12-22 13:24:58 | INFO     | redis_manager | get_cache:108 | Cache miss: anomaly:sanayi:YOZGAT:2022-02-02:2023-02-02:0.1 🚫
2025-12-22 13:24:58 | INFO     | veri_cek | fetch_tables:455 | Tablolar cache'den alındı.
2025-12-22 13:24:58 | INFO     | veri_cek | build_train_test_frames:504 | Merge bitti -> Train: (1886, 31), Test: (1722, 31)
2025-12-22 13:24:58 | INFO     | veri_cek | add_weather_features:149 | 2 hava durumu kolonu bulundu: ['windspeed_10m_max', 'windgusts_10m_max']...
2025-12-22 13:24:58 | INFO     | veri_cek | add_population_features:190 | 1 nüfus kolonu bulundu: ['Nufus_Sayisi']...
2025-12-22 13:24:58 | INFO     | veri_cek | add_weather_features:149 | 2 hava durumu kolonu bulundu: ['windspeed_10m_max', 'windgusts_10m_max']...
2025-12-22 13:24:58 | INFO     | veri_cek | add_population_features:190 | 1 nüfus kolonu bulundu: ['Nufus_Sayisi']...
2025-12-22 13:24:58 | INFO     | veri_cek | fetch_tables:455 | Tablolar cache'den alındı.
2025-12-22 13:24:58 | INFO     | veri_cek | build_train_test_frames:504 | Merge bitti -> Train: (1886, 31), Test: (1722, 31)
2025-12-22 13:24:59 | INFO     | veri_cek | add_weather_features:149 | 2 hava durumu kolonu bulundu: ['windspeed_10m_max', 'windgusts_10m_max']...
2025-12-22 13:24:59 | INFO     | veri_cek | add_population_features:190 | 1 nüfus kolonu bulundu: ['Nufus_Sayisi']...
2025-12-22 13:24:59 | INFO     | veri_cek | add_weather_features:149 | 2 hava durumu kolonu bulundu: ['windspeed_10m_max', 'windgusts_10m_max']...
2025-12-22 13:24:59 | INFO     | veri_cek | add_population_features:190 | 1 nüfus kolonu bulundu: ['Nufus_Sayisi']...
2025-12-22 13:24:59 | INFO     | redis_manager | get_cache:100 | Cache hit: anomaly:tarimsal:YOZGAT:2022-02-02:2023-02-02:0.1 ✅
2025-12-22 13:24:59 | INFO     | veri_cek | fetch_tables:455 | Tablolar cache'den alındı.
2025-12-22 13:24:59 | INFO     | redis_manager | get_cache:108 | Cache miss: anomaly:aydinlatma:YOZGAT:2022-02-02:2023-02-02:0.1 🚫
2025-12-22 13:24:59 | INFO     | veri_cek | fetch_tables:455 | Tablolar cache'den alındı.
2025-12-22 13:24:59 | INFO     | veri_cek | build_train_test_frames:504 | Merge bitti -> Train: (1886, 31), Test: (1722, 31)
2025-12-22 13:24:59 | INFO     | veri_cek | build_train_test_frames:504 | Merge bitti -> Train: (1886, 31), Test: (1722, 31)
2025-12-22 13:25:00 | INFO     | veri_cek | add_weather_features:149 | 2 hava durumu kolonu bulundu: ['windspeed_10m_max', 'windgusts_10m_max']...
2025-12-22 13:25:00 | INFO     | veri_cek | add_weather_features:149 | 2 hava durumu kolonu bulundu: ['windspeed_10m_max', 'windgusts_10m_max']...
2025-12-22 13:25:00 | INFO     | veri_cek | add_population_features:190 | 1 nüfus kolonu bulundu: ['Nufus_Sayisi']...
2025-12-22 13:25:00 | INFO     | veri_cek | add_population_features:190 | 1 nüfus kolonu bulundu: ['Nufus_Sayisi']...
2025-12-22 13:25:00 | INFO     | veri_cek | add_weather_features:149 | 2 hava durumu kolonu bulundu: ['windspeed_10m_max', 'windgusts_10m_max']...
2025-12-22 13:25:00 | INFO     | veri_cek | add_weather_features:149 | 2 hava durumu kolonu bulundu: ['windspeed_10m_max', 'windgusts_10m_max']...
2025-12-22 13:25:01 | INFO     | veri_cek | add_population_features:190 | 1 nüfus kolonu bulundu: ['Nufus_Sayisi']...
2025-12-22 13:25:01 | INFO     | veri_cek | add_population_features:190 | 1 nüfus kolonu bulundu: ['Nufus_Sayisi']...
2025-12-22 13:25:01 | INFO     | veri_cek | fetch_tables:455 | Tablolar cache'den alındı.
2025-12-22 13:25:01 | INFO     | veri_cek | fetch_tables:455 | Tablolar cache'den alındı.
2025-12-22 13:25:01 | INFO     | veri_cek | build_train_test_frames:504 | Merge bitti -> Train: (1886, 31), Test: (1722, 31)
2025-12-22 13:25:01 | INFO     | veri_cek | build_train_test_frames:504 | Merge bitti -> Train: (1886, 31), Test: (1722, 31)
2025-12-22 13:25:01 | INFO     | veri_cek | add_weather_features:149 | 2 hava durumu kolonu bulundu: ['windspeed_10m_max', 'windgusts_10m_max']...
2025-12-22 13:25:01 | INFO     | veri_cek | add_weather_features:149 | 2 hava durumu kolonu bulundu: ['windspeed_10m_max', 'windgusts_10m_max']...
2025-12-22 13:25:01 | INFO     | veri_cek | add_population_features:190 | 1 nüfus kolonu bulundu: ['Nufus_Sayisi']...
2025-12-22 13:25:02 | INFO     | veri_cek | add_population_features:190 | 1 nüfus kolonu bulundu: ['Nufus_Sayisi']...
2025-12-22 13:25:02 | INFO     | veri_cek | add_weather_features:149 | 2 hava durumu kolonu bulundu: ['windspeed_10m_max', 'windgusts_10m_max']...
2025-12-22 13:25:02 | INFO     | veri_cek | add_weather_features:149 | 2 hava durumu kolonu bulundu: ['windspeed_10m_max', 'windgusts_10m_max']...
2025-12-22 13:25:02 | INFO     | veri_cek | add_population_features:190 | 1 nüfus kolonu bulundu: ['Nufus_Sayisi']...
2025-12-22 13:25:02 | INFO     | veri_cek | add_population_features:190 | 1 nüfus kolonu bulundu: ['Nufus_Sayisi']...
2025-12-22 13:25:03 | INFO     | redis_manager | get_cache:108 | Cache miss: anomaly:diger:YOZGAT:2022-02-02:2023-02-02:0.1 🚫
2025-12-22 13:25:03 | INFO     | veri_cek | fetch_tables:455 | Tablolar cache'den alındı.
2025-12-22 13:25:03 | INFO     | veri_cek | build_train_test_frames:504 | Merge bitti -> Train: (1886, 31), Test: (1722, 31)
2025-12-22 13:25:03 | INFO     | veri_cek | add_weather_features:149 | 2 hava durumu kolonu bulundu: ['windspeed_10m_max', 'windgusts_10m_max']...
2025-12-22 13:25:03 | INFO     | veri_cek | add_population_features:190 | 1 nüfus kolonu bulundu: ['Nufus_Sayisi']...
2025-12-22 13:25:03 | INFO     | veri_cek | add_weather_features:149 | 2 hava durumu kolonu bulundu: ['windspeed_10m_max', 'windgusts_10m_max']...
2025-12-22 13:25:03 | INFO     | veri_cek | add_population_features:190 | 1 nüfus kolonu bulundu: ['Nufus_Sayisi']...
2025-12-22 13:25:03 | INFO     | veri_cek | fetch_tables:455 | Tablolar cache'den alındı.
2025-12-22 13:25:04 | INFO     | veri_cek | build_train_test_frames:504 | Merge bitti -> Train: (1886, 31), Test: (1722, 31)
2025-12-22 13:25:04 | INFO     | veri_cek | add_weather_features:149 | 2 hava durumu kolonu bulundu: ['windspeed_10m_max', 'windgusts_10m_max']...
2025-12-22 13:25:04 | INFO     | veri_cek | add_population_features:190 | 1 nüfus kolonu bulundu: ['Nufus_Sayisi']...
2025-12-22 13:25:04 | INFO     | veri_cek | add_weather_features:149 | 2 hava durumu kolonu bulundu: ['windspeed_10m_max', 'windgusts_10m_max']...
2025-12-22 13:25:04 | INFO     | veri_cek | add_population_features:190 | 1 nüfus kolonu bulundu: ['Nufus_Sayisi']...
2025-12-22 13:25:04 | INFO     | redis_manager | get_cache:108 | Cache miss: anomaly:tarimsal:SIVAS:2022-02-02:2023-02-02:0.1 🚫
2025-12-22 13:25:04 | INFO     | veri_cek | fetch_tables:455 | Tablolar cache'den alındı.
2025-12-22 13:25:04 | INFO     | veri_cek | build_train_test_frames:504 | Merge bitti -> Train: (1886, 31), Test: (1722, 31)
2025-12-22 13:25:05 | INFO     | veri_cek | add_weather_features:149 | 2 hava durumu kolonu bulundu: ['windspeed_10m_max', 'windgusts_10m_max']...
2025-12-22 13:25:05 | INFO     | veri_cek | add_population_features:190 | 1 nüfus kolonu bulundu: ['Nufus_Sayisi']...
2025-12-22 13:25:05 | INFO     | veri_cek | add_weather_features:149 | 2 hava durumu kolonu bulundu: ['windspeed_10m_max', 'windgusts_10m_max']...
2025-12-22 13:25:05 | INFO     | veri_cek | add_population_features:190 | 1 nüfus kolonu bulundu: ['Nufus_Sayisi']...
2025-12-22 13:25:05 | INFO     | veri_cek | fetch_tables:455 | Tablolar cache'den alındı.
2025-12-22 13:25:05 | INFO     | veri_cek | build_train_test_frames:504 | Merge bitti -> Train: (1886, 31), Test: (1722, 31)
2025-12-22 13:25:05 | INFO     | veri_cek | add_weather_features:149 | 2 hava durumu kolonu bulundu: ['windspeed_10m_max', 'windgusts_10m_max']...
2025-12-22 13:25:05 | INFO     | veri_cek | add_population_features:190 | 1 nüfus kolonu bulundu: ['Nufus_Sayisi']...
2025-12-22 13:25:06 | INFO     | veri_cek | add_weather_features:149 | 2 hava durumu kolonu bulundu: ['windspeed_10m_max', 'windgusts_10m_max']...
2025-12-22 13:25:06 | INFO     | veri_cek | add_population_features:190 | 1 nüfus kolonu bulundu: ['Nufus_Sayisi']...
2025-12-22 13:25:06 | INFO     | redis_manager | get_cache:108 | Cache miss: anomaly:mesken:SIVAS:2022-02-02:2023-02-02:0.1 🚫
2025-12-22 13:25:06 | INFO     | veri_cek | fetch_tables:455 | Tablolar cache'den alındı.
2025-12-22 13:25:06 | INFO     | veri_cek | build_train_test_frames:504 | Merge bitti -> Train: (1886, 31), Test: (1722, 31)
2025-12-22 13:25:06 | INFO     | veri_cek | add_weather_features:149 | 2 hava durumu kolonu bulundu: ['windspeed_10m_max', 'windgusts_10m_max']...
2025-12-22 13:25:06 | INFO     | veri_cek | add_population_features:190 | 1 nüfus kolonu bulundu: ['Nufus_Sayisi']...
2025-12-22 13:25:06 | INFO     | veri_cek | add_weather_features:149 | 2 hava durumu kolonu bulundu: ['windspeed_10m_max', 'windgusts_10m_max']...
2025-12-22 13:25:07 | INFO     | veri_cek | add_population_features:190 | 1 nüfus kolonu bulundu: ['Nufus_Sayisi']...
2025-12-22 13:25:07 | INFO     | veri_cek | fetch_tables:455 | Tablolar cache'den alındı.
2025-12-22 13:25:07 | INFO     | veri_cek | build_train_test_frames:504 | Merge bitti -> Train: (1886, 31), Test: (1722, 31)
2025-12-22 13:25:07 | INFO     | veri_cek | add_weather_features:149 | 2 hava durumu kolonu bulundu: ['windspeed_10m_max', 'windgusts_10m_max']...
2025-12-22 13:25:07 | INFO     | veri_cek | add_population_features:190 | 1 nüfus kolonu bulundu: ['Nufus_Sayisi']...
2025-12-22 13:25:07 | INFO     | veri_cek | add_weather_features:149 | 2 hava durumu kolonu bulundu: ['windspeed_10m_max', 'windgusts_10m_max']...
2025-12-22 13:25:07 | INFO     | veri_cek | add_population_features:190 | 1 nüfus kolonu bulundu: ['Nufus_Sayisi']...
2025-12-22 13:25:07 | INFO     | redis_manager | get_cache:108 | Cache miss: anomaly:ticarethane:SIVAS:2022-02-02:2023-02-02:0.1 🚫
2025-12-22 13:25:07 | INFO     | veri_cek | fetch_tables:455 | Tablolar cache'den alındı.
2025-12-22 13:25:08 | INFO     | veri_cek | build_train_test_frames:504 | Merge bitti -> Train: (1886, 31), Test: (1722, 31)
2025-12-22 13:25:08 | INFO     | veri_cek | add_weather_features:149 | 2 hava durumu kolonu bulundu: ['windspeed_10m_max', 'windgusts_10m_max']...
2025-12-22 13:25:08 | INFO     | veri_cek | add_population_features:190 | 1 nüfus kolonu bulundu: ['Nufus_Sayisi']...
2025-12-22 13:25:08 | INFO     | veri_cek | add_weather_features:149 | 2 hava durumu kolonu bulundu: ['windspeed_10m_max', 'windgusts_10m_max']...
2025-12-22 13:25:08 | INFO     | veri_cek | add_population_features:190 | 1 nüfus kolonu bulundu: ['Nufus_Sayisi']...
2025-12-22 13:25:08 | INFO     | veri_cek | fetch_tables:455 | Tablolar cache'den alındı.
2025-12-22 13:25:08 | INFO     | veri_cek | build_train_test_frames:504 | Merge bitti -> Train: (1886, 31), Test: (1722, 31)
2025-12-22 13:25:08 | INFO     | veri_cek | add_weather_features:149 | 2 hava durumu kolonu bulundu: ['windspeed_10m_max', 'windgusts_10m_max']...
2025-12-22 13:25:09 | INFO     | veri_cek | add_population_features:190 | 1 nüfus kolonu bulundu: ['Nufus_Sayisi']...
2025-12-22 13:25:09 | INFO     | veri_cek | add_weather_features:149 | 2 hava durumu kolonu bulundu: ['windspeed_10m_max', 'windgusts_10m_max']...
2025-12-22 13:25:09 | INFO     | veri_cek | add_population_features:190 | 1 nüfus kolonu bulundu: ['Nufus_Sayisi']...
2025-12-22 13:25:09 | INFO     | redis_manager | get_cache:108 | Cache miss: anomaly:sanayi:SIVAS:2022-02-02:2023-02-02:0.1 🚫
2025-12-22 13:25:09 | INFO     | veri_cek | fetch_tables:455 | Tablolar cache'den alındı.
2025-12-22 13:25:09 | INFO     | veri_cek | build_train_test_frames:504 | Merge bitti -> Train: (1886, 31), Test: (1722, 31)
2025-12-22 13:25:09 | INFO     | veri_cek | add_weather_features:149 | 2 hava durumu kolonu bulundu: ['windspeed_10m_max', 'windgusts_10m_max']...
2025-12-22 13:25:09 | INFO     | veri_cek | add_population_features:190 | 1 nüfus kolonu bulundu: ['Nufus_Sayisi']...
2025-12-22 13:25:10 | INFO     | veri_cek | add_weather_features:149 | 2 hava durumu kolonu bulundu: ['windspeed_10m_max', 'windgusts_10m_max']...
2025-12-22 13:25:10 | INFO     | veri_cek | add_population_features:190 | 1 nüfus kolonu bulundu: ['Nufus_Sayisi']...
2025-12-22 13:25:10 | INFO     | veri_cek | fetch_tables:455 | Tablolar cache'den alındı.
2025-12-22 13:25:10 | INFO     | veri_cek | build_train_test_frames:504 | Merge bitti -> Train: (1886, 31), Test: (1722, 31)
2025-12-22 13:25:10 | INFO     | veri_cek | add_weather_features:149 | 2 hava durumu kolonu bulundu: ['windspeed_10m_max', 'windgusts_10m_max']...
2025-12-22 13:25:10 | INFO     | veri_cek | add_population_features:190 | 1 nüfus kolonu bulundu: ['Nufus_Sayisi']...
2025-12-22 13:25:10 | INFO     | veri_cek | add_weather_features:149 | 2 hava durumu kolonu bulundu: ['windspeed_10m_max', 'windgusts_10m_max']...
2025-12-22 13:25:10 | INFO     | veri_cek | add_population_features:190 | 1 nüfus kolonu bulundu: ['Nufus_Sayisi']...
2025-12-22 13:25:10 | INFO     | redis_manager | get_cache:108 | Cache miss: anomaly:aydinlatma:SIVAS:2022-02-02:2023-02-02:0.1 🚫
2025-12-22 13:25:10 | INFO     | veri_cek | fetch_tables:455 | Tablolar cache'den alındı.
2025-12-22 13:25:10 | INFO     | veri_cek | build_train_test_frames:504 | Merge bitti -> Train: (1886, 31), Test: (1722, 31)
2025-12-22 13:25:11 | INFO     | veri_cek | add_weather_features:149 | 2 hava durumu kolonu bulundu: ['windspeed_10m_max', 'windgusts_10m_max']...
2025-12-22 13:25:11 | INFO     | veri_cek | add_population_features:190 | 1 nüfus kolonu bulundu: ['Nufus_Sayisi']...
2025-12-22 13:25:11 | INFO     | veri_cek | add_weather_features:149 | 2 hava durumu kolonu bulundu: ['windspeed_10m_max', 'windgusts_10m_max']...
2025-12-22 13:25:11 | INFO     | veri_cek | add_population_features:190 | 1 nüfus kolonu bulundu: ['Nufus_Sayisi']...
2025-12-22 13:25:11 | INFO     | veri_cek | fetch_tables:455 | Tablolar cache'den alındı.
2025-12-22 13:25:11 | INFO     | veri_cek | build_train_test_frames:504 | Merge bitti -> Train: (1886, 31), Test: (1722, 31)
2025-12-22 13:25:11 | INFO     | veri_cek | add_weather_features:149 | 2 hava durumu kolonu bulundu: ['windspeed_10m_max', 'windgusts_10m_max']...
2025-12-22 13:25:11 | INFO     | veri_cek | add_population_features:190 | 1 nüfus kolonu bulundu: ['Nufus_Sayisi']...
2025-12-22 13:25:11 | INFO     | veri_cek | add_weather_features:149 | 2 hava durumu kolonu bulundu: ['windspeed_10m_max', 'windgusts_10m_max']...
2025-12-22 13:25:11 | INFO     | veri_cek | add_population_features:190 | 1 nüfus kolonu bulundu: ['Nufus_Sayisi']...
2025-12-22 13:25:12 | INFO     | veri_cek | fetch_tables:455 | Tablolar cache'den alındı.
2025-12-22 13:25:12 | INFO     | redis_manager | get_cache:108 | Cache miss: anomaly:diger:SIVAS:2022-02-02:2023-02-02:0.1 🚫
2025-12-22 13:25:12 | INFO     | veri_cek | fetch_tables:455 | Tablolar cache'den alındı.
2025-12-22 13:25:12 | INFO     | veri_cek | build_train_test_frames:504 | Merge bitti -> Train: (1886, 31), Test: (1722, 31)
2025-12-22 13:25:12 | INFO     | veri_cek | build_train_test_frames:504 | Merge bitti -> Train: (1886, 31), Test: (1722, 31)
2025-12-22 13:25:12 | INFO     | veri_cek | add_weather_features:149 | 2 hava durumu kolonu bulundu: ['windspeed_10m_max', 'windgusts_10m_max']...
2025-12-22 13:25:12 | INFO     | veri_cek | add_weather_features:149 | 2 hava durumu kolonu bulundu: ['windspeed_10m_max', 'windgusts_10m_max']...
2025-12-22 13:25:12 | INFO     | veri_cek | add_population_features:190 | 1 nüfus kolonu bulundu: ['Nufus_Sayisi']...
2025-12-22 13:25:12 | INFO     | veri_cek | add_population_features:190 | 1 nüfus kolonu bulundu: ['Nufus_Sayisi']...
2025-12-22 13:25:13 | INFO     | veri_cek | add_weather_features:149 | 2 hava durumu kolonu bulundu: ['windspeed_10m_max', 'windgusts_10m_max']...
2025-12-22 13:25:13 | INFO     | veri_cek | add_weather_features:149 | 2 hava durumu kolonu bulundu: ['windspeed_10m_max', 'windgusts_10m_max']...
2025-12-22 13:25:13 | INFO     | veri_cek | add_population_features:190 | 1 nüfus kolonu bulundu: ['Nufus_Sayisi']...
2025-12-22 13:25:13 | INFO     | veri_cek | add_population_features:190 | 1 nüfus kolonu bulundu: ['Nufus_Sayisi']...
2025-12-22 13:25:13 | INFO     | veri_cek | fetch_tables:455 | Tablolar cache'den alındı.
2025-12-22 13:25:13 | INFO     | veri_cek | fetch_tables:455 | Tablolar cache'den alındı.
2025-12-22 13:25:13 | INFO     | veri_cek | build_train_test_frames:504 | Merge bitti -> Train: (1886, 31), Test: (1722, 31)
2025-12-22 13:25:13 | INFO     | veri_cek | build_train_test_frames:504 | Merge bitti -> Train: (1886, 31), Test: (1722, 31)
2025-12-22 13:25:13 | INFO     | veri_cek | add_weather_features:149 | 2 hava durumu kolonu bulundu: ['windspeed_10m_max', 'windgusts_10m_max']...
2025-12-22 13:25:14 | INFO     | veri_cek | add_weather_features:149 | 2 hava durumu kolonu bulundu: ['windspeed_10m_max', 'windgusts_10m_max']...
2025-12-22 13:25:14 | INFO     | veri_cek | add_population_features:190 | 1 nüfus kolonu bulundu: ['Nufus_Sayisi']...
2025-12-22 13:25:14 | INFO     | veri_cek | add_population_features:190 | 1 nüfus kolonu bulundu: ['Nufus_Sayisi']...
2025-12-22 13:25:14 | INFO     | veri_cek | add_weather_features:149 | 2 hava durumu kolonu bulundu: ['windspeed_10m_max', 'windgusts_10m_max']...
2025-12-22 13:25:14 | INFO     | veri_cek | add_weather_features:149 | 2 hava durumu kolonu bulundu: ['windspeed_10m_max', 'windgusts_10m_max']...
2025-12-22 13:25:14 | INFO     | veri_cek | add_population_features:190 | 1 nüfus kolonu bulundu: ['Nufus_Sayisi']...
2025-12-22 13:25:14 | INFO     | veri_cek | add_population_features:190 | 1 nüfus kolonu bulundu: ['Nufus_Sayisi']...
2025-12-22 13:25:14 | INFO     | redis_manager | get_cache:100 | Cache hit: anomaly:tarimsal:SIVAS:2022-02-02:2023-02-02:0.1 ✅
2025-12-22 13:25:14 | INFO     | redis_manager | get_cache:100 | Cache hit: anomaly:tarimsal:YOZGAT:2022-02-02:2023-02-02:0.1 ✅
2025-12-22 13:25:14 | INFO     | redis_manager | get_cache:100 | Cache hit: anomaly:mesken:YOZGAT:2022-02-02:2023-02-02:0.1 ✅
2025-12-22 13:25:14 | INFO     | redis_manager | get_cache:100 | Cache hit: anomaly:ticarethane:YOZGAT:2022-02-02:2023-02-02:0.1 ✅
2025-12-22 13:25:14 | INFO     | redis_manager | get_cache:100 | Cache hit: anomaly:sanayi:YOZGAT:2022-02-02:2023-02-02:0.1 ✅
2025-12-22 13:25:14 | INFO     | redis_manager | get_cache:100 | Cache hit: anomaly:aydinlatma:YOZGAT:2022-02-02:2023-02-02:0.1 ✅
2025-12-22 13:25:14 | INFO     | redis_manager | get_cache:100 | Cache hit: anomaly:diger:YOZGAT:2022-02-02:2023-02-02:0.1 ✅
2025-12-22 13:25:14 | INFO     | redis_manager | get_cache:100 | Cache hit: anomaly:tarimsal:YOZGAT:2022-02-02:2023-02-02:0.1 ✅
2025-12-22 13:25:15 | INFO     | veri_cek | fetch_tables:455 | Tablolar cache'den alındı.
2025-12-22 13:25:15 | INFO     | veri_cek | build_train_test_frames:504 | Merge bitti -> Train: (1886, 31), Test: (1722, 31)
2025-12-22 13:25:15 | INFO     | veri_cek | add_weather_features:149 | 2 hava durumu kolonu bulundu: ['windspeed_10m_max', 'windgusts_10m_max']...
2025-12-22 13:25:15 | INFO     | veri_cek | add_population_features:190 | 1 nüfus kolonu bulundu: ['Nufus_Sayisi']...
2025-12-22 13:25:15 | INFO     | veri_cek | add_weather_features:149 | 2 hava durumu kolonu bulundu: ['windspeed_10m_max', 'windgusts_10m_max']...
2025-12-22 13:25:15 | INFO     | veri_cek | add_population_features:190 | 1 nüfus kolonu bulundu: ['Nufus_Sayisi']...
2025-12-22 13:25:15 | INFO     | veri_cek | fetch_tables:455 | Tablolar cache'den alındı.
2025-12-22 13:25:16 | INFO     | veri_cek | build_train_test_frames:504 | Merge bitti -> Train: (1886, 31), Test: (1722, 31)
2025-12-22 13:25:16 | INFO     | veri_cek | add_weather_features:149 | 2 hava durumu kolonu bulundu: ['windspeed_10m_max', 'windgusts_10m_max']...
2025-12-22 13:25:16 | INFO     | veri_cek | add_population_features:190 | 1 nüfus kolonu bulundu: ['Nufus_Sayisi']...
2025-12-22 13:25:16 | INFO     | veri_cek | add_weather_features:149 | 2 hava durumu kolonu bulundu: ['windspeed_10m_max', 'windgusts_10m_max']...
2025-12-22 13:25:16 | INFO     | veri_cek | add_population_features:190 | 1 nüfus kolonu bulundu: ['Nufus_Sayisi']...
2025-12-22 13:27:40 | INFO     | __main__ | lifespan:38 | ElektrAize API kapatiliyor...
2025-12-22 13:27:57 | INFO     | rate_limiter | <module>:52 | Rate limiter Redis ile başlatıldı: redis://localhost:6379
2025-12-22 13:27:57 | INFO     | rate_limiter | setup_rate_limiter:104 | Rate limiting middleware aktif ✅
2025-12-22 13:27:57 | INFO     | __main__ | lifespan:31 | ElektrAize API baslatiliyor...
2025-12-22 13:27:57 | INFO     | __main__ | lifespan:32 | ============================================================
2025-12-22 13:27:57 | INFO     | __main__ | lifespan:33 | Tum modeller yukleniyor...
2025-12-22 13:27:57 | INFO     | __main__ | lifespan:34 | ============================================================
2025-12-22 13:27:57 | INFO     | veri_cek | _initialize:402 | Supabase bağlantısı başarılı (SupabaseManager).
2025-12-22 13:27:58 | INFO     | veri_cek | fetch_tables:470 | genel_elektrik tablosu yüklendi -> (45, 2)
2025-12-22 13:27:59 | INFO     | veri_cek | fetch_tables:470 | weather tablosu yüklendi -> (2997, 8)
2025-12-22 13:28:00 | INFO     | veri_cek | fetch_tables:470 | nufus tablosu yüklendi -> (3645, 3)
2025-12-22 13:28:00 | INFO     | veri_cek | fetch_tables:470 | hizmet tablosu yüklendi -> (44, 6)
2025-12-22 13:28:01 | INFO     | veri_cek | fetch_tables:470 | train_2022_2023 tablosu yüklendi -> (1886, 19)
2025-12-22 13:28:01 | INFO     | veri_cek | fetch_tables:470 | test_2024_2025 tablosu yüklendi -> (1722, 19)
2025-12-22 13:28:01 | INFO     | veri_cek | build_train_test_frames:504 | Merge bitti -> Train: (1886, 31), Test: (1722, 31)
2025-12-22 13:28:02 | INFO     | veri_cek | add_weather_features:149 | 2 hava durumu kolonu bulundu: ['windspeed_10m_max', 'windgusts_10m_max']...
2025-12-22 13:28:02 | INFO     | veri_cek | add_population_features:190 | 1 nüfus kolonu bulundu: ['Nufus_Sayisi']...
2025-12-22 13:28:02 | INFO     | veri_cek | add_weather_features:149 | 2 hava durumu kolonu bulundu: ['windspeed_10m_max', 'windgusts_10m_max']...
2025-12-22 13:28:02 | INFO     | veri_cek | add_population_features:190 | 1 nüfus kolonu bulundu: ['Nufus_Sayisi']...
2025-12-22 13:28:03 | INFO     | veri_cek | fetch_tables:455 | Tablolar cache'den alındı.
2025-12-22 13:28:03 | INFO     | veri_cek | build_train_test_frames:504 | Merge bitti -> Train: (1886, 31), Test: (1722, 31)
2025-12-22 13:28:03 | INFO     | veri_cek | add_weather_features:149 | 2 hava durumu kolonu bulundu: ['windspeed_10m_max', 'windgusts_10m_max']...
2025-12-22 13:28:03 | INFO     | veri_cek | add_population_features:190 | 1 nüfus kolonu bulundu: ['Nufus_Sayisi']...
2025-12-22 13:28:03 | INFO     | veri_cek | add_weather_features:149 | 2 hava durumu kolonu bulundu: ['windspeed_10m_max', 'windgusts_10m_max']...
2025-12-22 13:28:03 | INFO     | veri_cek | add_population_features:190 | 1 nüfus kolonu bulundu: ['Nufus_Sayisi']...
2025-12-22 13:28:04 | INFO     | veri_cek | fetch_tables:455 | Tablolar cache'den alındı.
2025-12-22 13:28:04 | INFO     | veri_cek | build_train_test_frames:504 | Merge bitti -> Train: (1886, 31), Test: (1722, 31)
2025-12-22 13:28:04 | INFO     | veri_cek | add_weather_features:149 | 2 hava durumu kolonu bulundu: ['windspeed_10m_max', 'windgusts_10m_max']...
2025-12-22 13:28:04 | INFO     | veri_cek | add_population_features:190 | 1 nüfus kolonu bulundu: ['Nufus_Sayisi']...
2025-12-22 13:28:04 | INFO     | veri_cek | add_weather_features:149 | 2 hava durumu kolonu bulundu: ['windspeed_10m_max', 'windgusts_10m_max']...
2025-12-22 13:28:04 | INFO     | veri_cek | add_population_features:190 | 1 nüfus kolonu bulundu: ['Nufus_Sayisi']...
2025-12-22 13:28:05 | INFO     | veri_cek | fetch_tables:455 | Tablolar cache'den alındı.
2025-12-22 13:28:05 | INFO     | veri_cek | build_train_test_frames:504 | Merge bitti -> Train: (1886, 31), Test: (1722, 31)
2025-12-22 13:28:05 | INFO     | veri_cek | add_weather_features:149 | 2 hava durumu kolonu bulundu: ['windspeed_10m_max', 'windgusts_10m_max']...
2025-12-22 13:28:05 | INFO     | veri_cek | add_population_features:190 | 1 nüfus kolonu bulundu: ['Nufus_Sayisi']...
2025-12-22 13:28:05 | INFO     | veri_cek | add_weather_features:149 | 2 hava durumu kolonu bulundu: ['windspeed_10m_max', 'windgusts_10m_max']...
2025-12-22 13:28:05 | INFO     | veri_cek | add_population_features:190 | 1 nüfus kolonu bulundu: ['Nufus_Sayisi']...
2025-12-22 13:28:06 | INFO     | veri_cek | fetch_tables:455 | Tablolar cache'den alındı.
2025-12-22 13:28:06 | INFO     | veri_cek | build_train_test_frames:504 | Merge bitti -> Train: (1886, 31), Test: (1722, 31)
2025-12-22 13:28:06 | INFO     | veri_cek | add_weather_features:149 | 2 hava durumu kolonu bulundu: ['windspeed_10m_max', 'windgusts_10m_max']...
2025-12-22 13:28:06 | INFO     | veri_cek | add_population_features:190 | 1 nüfus kolonu bulundu: ['Nufus_Sayisi']...
2025-12-22 13:28:06 | INFO     | veri_cek | add_weather_features:149 | 2 hava durumu kolonu bulundu: ['windspeed_10m_max', 'windgusts_10m_max']...
2025-12-22 13:28:06 | INFO     | veri_cek | add_population_features:190 | 1 nüfus kolonu bulundu: ['Nufus_Sayisi']...
2025-12-22 13:28:07 | INFO     | veri_cek | fetch_tables:455 | Tablolar cache'den alındı.
2025-12-22 13:28:07 | INFO     | veri_cek | build_train_test_frames:504 | Merge bitti -> Train: (1886, 31), Test: (1722, 31)
2025-12-22 13:28:07 | INFO     | veri_cek | add_weather_features:149 | 2 hava durumu kolonu bulundu: ['windspeed_10m_max', 'windgusts_10m_max']...
2025-12-22 13:28:07 | INFO     | veri_cek | add_population_features:190 | 1 nüfus kolonu bulundu: ['Nufus_Sayisi']...
2025-12-22 13:28:07 | INFO     | veri_cek | add_weather_features:149 | 2 hava durumu kolonu bulundu: ['windspeed_10m_max', 'windgusts_10m_max']...
2025-12-22 13:28:08 | INFO     | veri_cek | add_population_features:190 | 1 nüfus kolonu bulundu: ['Nufus_Sayisi']...
2025-12-22 13:28:08 | INFO     | veri_cek | fetch_tables:455 | Tablolar cache'den alındı.
2025-12-22 13:28:08 | INFO     | veri_cek | build_train_test_frames:504 | Merge bitti -> Train: (1886, 31), Test: (1722, 31)
2025-12-22 13:28:08 | INFO     | veri_cek | add_weather_features:149 | 2 hava durumu kolonu bulundu: ['windspeed_10m_max', 'windgusts_10m_max']...
2025-12-22 13:28:08 | INFO     | veri_cek | add_population_features:190 | 1 nüfus kolonu bulundu: ['Nufus_Sayisi']...
2025-12-22 13:28:09 | INFO     | veri_cek | add_weather_features:149 | 2 hava durumu kolonu bulundu: ['windspeed_10m_max', 'windgusts_10m_max']...
2025-12-22 13:28:09 | INFO     | veri_cek | add_population_features:190 | 1 nüfus kolonu bulundu: ['Nufus_Sayisi']...
2025-12-22 13:28:09 | INFO     | __main__ | lifespan:36 | ElektrAize API hazir!
2025-12-22 13:28:41 | INFO     | redis_manager | get_cache:108 | Cache miss: anomaly:genel:AMASYA:2022-02-02:2023-03-03:0.1 🚫
2025-12-22 13:28:41 | INFO     | veri_cek | fetch_tables:455 | Tablolar cache'den alındı.
2025-12-22 13:28:41 | INFO     | veri_cek | build_train_test_frames:504 | Merge bitti -> Train: (1886, 31), Test: (1722, 31)
2025-12-22 13:28:42 | INFO     | veri_cek | add_weather_features:149 | 2 hava durumu kolonu bulundu: ['windspeed_10m_max', 'windgusts_10m_max']...
2025-12-22 13:28:42 | INFO     | veri_cek | add_population_features:190 | 1 nüfus kolonu bulundu: ['Nufus_Sayisi']...
2025-12-22 13:28:42 | INFO     | veri_cek | add_weather_features:149 | 2 hava durumu kolonu bulundu: ['windspeed_10m_max', 'windgusts_10m_max']...
2025-12-22 13:28:42 | INFO     | veri_cek | add_population_features:190 | 1 nüfus kolonu bulundu: ['Nufus_Sayisi']...
2025-12-22 13:28:42 | INFO     | veri_cek | fetch_tables:455 | Tablolar cache'den alındı.
2025-12-22 13:28:42 | INFO     | veri_cek | build_train_test_frames:504 | Merge bitti -> Train: (1886, 31), Test: (1722, 31)
2025-12-22 13:28:42 | INFO     | veri_cek | add_weather_features:149 | 2 hava durumu kolonu bulundu: ['windspeed_10m_max', 'windgusts_10m_max']...
2025-12-22 13:28:42 | INFO     | veri_cek | add_population_features:190 | 1 nüfus kolonu bulundu: ['Nufus_Sayisi']...
2025-12-22 13:28:43 | INFO     | veri_cek | add_weather_features:149 | 2 hava durumu kolonu bulundu: ['windspeed_10m_max', 'windgusts_10m_max']...
2025-12-22 13:28:43 | INFO     | veri_cek | add_population_features:190 | 1 nüfus kolonu bulundu: ['Nufus_Sayisi']...
2025-12-22 13:28:43 | INFO     | redis_manager | get_cache:108 | Cache miss: anomaly:mesken:AMASYA:2022-02-02:2023-03-03:0.1 🚫
2025-12-22 13:28:43 | INFO     | veri_cek | fetch_tables:455 | Tablolar cache'den alındı.
2025-12-22 13:28:43 | INFO     | veri_cek | build_train_test_frames:504 | Merge bitti -> Train: (1886, 31), Test: (1722, 31)
2025-12-22 13:28:43 | INFO     | veri_cek | add_weather_features:149 | 2 hava durumu kolonu bulundu: ['windspeed_10m_max', 'windgusts_10m_max']...
2025-12-22 13:28:43 | INFO     | veri_cek | add_population_features:190 | 1 nüfus kolonu bulundu: ['Nufus_Sayisi']...
2025-12-22 13:28:43 | INFO     | veri_cek | add_weather_features:149 | 2 hava durumu kolonu bulundu: ['windspeed_10m_max', 'windgusts_10m_max']...
2025-12-22 13:28:43 | INFO     | veri_cek | add_population_features:190 | 1 nüfus kolonu bulundu: ['Nufus_Sayisi']...
2025-12-22 13:28:43 | INFO     | veri_cek | fetch_tables:455 | Tablolar cache'den alındı.
2025-12-22 13:28:43 | INFO     | veri_cek | build_train_test_frames:504 | Merge bitti -> Train: (1886, 31), Test: (1722, 31)
2025-12-22 13:28:43 | INFO     | veri_cek | add_weather_features:149 | 2 hava durumu kolonu bulundu: ['windspeed_10m_max', 'windgusts_10m_max']...
2025-12-22 13:28:43 | INFO     | veri_cek | add_population_features:190 | 1 nüfus kolonu bulundu: ['Nufus_Sayisi']...
2025-12-22 13:28:44 | INFO     | veri_cek | add_weather_features:149 | 2 hava durumu kolonu bulundu: ['windspeed_10m_max', 'windgusts_10m_max']...
2025-12-22 13:28:44 | INFO     | veri_cek | add_population_features:190 | 1 nüfus kolonu bulundu: ['Nufus_Sayisi']...
2025-12-22 13:28:44 | INFO     | redis_manager | get_cache:108 | Cache miss: anomaly:ticarethane:AMASYA:2022-02-02:2023-03-03:0.1 🚫
2025-12-22 13:28:44 | INFO     | veri_cek | fetch_tables:455 | Tablolar cache'den alındı.
2025-12-22 13:28:44 | INFO     | veri_cek | build_train_test_frames:504 | Merge bitti -> Train: (1886, 31), Test: (1722, 31)
2025-12-22 13:28:44 | INFO     | veri_cek | add_weather_features:149 | 2 hava durumu kolonu bulundu: ['windspeed_10m_max', 'windgusts_10m_max']...
2025-12-22 13:28:44 | INFO     | veri_cek | add_population_features:190 | 1 nüfus kolonu bulundu: ['Nufus_Sayisi']...
2025-12-22 13:28:44 | INFO     | veri_cek | add_weather_features:149 | 2 hava durumu kolonu bulundu: ['windspeed_10m_max', 'windgusts_10m_max']...
2025-12-22 13:28:44 | INFO     | veri_cek | add_population_features:190 | 1 nüfus kolonu bulundu: ['Nufus_Sayisi']...
2025-12-22 13:28:44 | INFO     | veri_cek | fetch_tables:455 | Tablolar cache'den alındı.
2025-12-22 13:28:45 | INFO     | veri_cek | build_train_test_frames:504 | Merge bitti -> Train: (1886, 31), Test: (1722, 31)
2025-12-22 13:28:45 | INFO     | veri_cek | add_weather_features:149 | 2 hava durumu kolonu bulundu: ['windspeed_10m_max', 'windgusts_10m_max']...
2025-12-22 13:28:45 | INFO     | veri_cek | add_population_features:190 | 1 nüfus kolonu bulundu: ['Nufus_Sayisi']...
2025-12-22 13:28:45 | INFO     | veri_cek | add_weather_features:149 | 2 hava durumu kolonu bulundu: ['windspeed_10m_max', 'windgusts_10m_max']...
2025-12-22 13:28:45 | INFO     | veri_cek | add_population_features:190 | 1 nüfus kolonu bulundu: ['Nufus_Sayisi']...
2025-12-22 13:28:45 | INFO     | redis_manager | get_cache:108 | Cache miss: anomaly:sanayi:AMASYA:2022-02-02:2023-03-03:0.1 🚫
2025-12-22 13:28:45 | INFO     | veri_cek | fetch_tables:455 | Tablolar cache'den alındı.
2025-12-22 13:28:45 | INFO     | veri_cek | build_train_test_frames:504 | Merge bitti -> Train: (1886, 31), Test: (1722, 31)
2025-12-22 13:28:45 | INFO     | veri_cek | add_weather_features:149 | 2 hava durumu kolonu bulundu: ['windspeed_10m_max', 'windgusts_10m_max']...
2025-12-22 13:28:45 | INFO     | veri_cek | add_population_features:190 | 1 nüfus kolonu bulundu: ['Nufus_Sayisi']...
2025-12-22 13:28:45 | INFO     | veri_cek | add_weather_features:149 | 2 hava durumu kolonu bulundu: ['windspeed_10m_max', 'windgusts_10m_max']...
2025-12-22 13:28:45 | INFO     | veri_cek | add_population_features:190 | 1 nüfus kolonu bulundu: ['Nufus_Sayisi']...
2025-12-22 13:28:46 | INFO     | veri_cek | fetch_tables:455 | Tablolar cache'den alındı.
2025-12-22 13:28:46 | INFO     | veri_cek | build_train_test_frames:504 | Merge bitti -> Train: (1886, 31), Test: (1722, 31)
2025-12-22 13:28:46 | INFO     | veri_cek | add_weather_features:149 | 2 hava durumu kolonu bulundu: ['windspeed_10m_max', 'windgusts_10m_max']...
2025-12-22 13:28:46 | INFO     | veri_cek | add_population_features:190 | 1 nüfus kolonu bulundu: ['Nufus_Sayisi']...
2025-12-22 13:28:46 | INFO     | veri_cek | add_weather_features:149 | 2 hava durumu kolonu bulundu: ['windspeed_10m_max', 'windgusts_10m_max']...
2025-12-22 13:28:46 | INFO     | veri_cek | add_population_features:190 | 1 nüfus kolonu bulundu: ['Nufus_Sayisi']...
2025-12-22 13:28:46 | INFO     | redis_manager | get_cache:108 | Cache miss: anomaly:aydinlatma:AMASYA:2022-02-02:2023-03-03:0.1 🚫
2025-12-22 13:28:46 | INFO     | veri_cek | fetch_tables:455 | Tablolar cache'den alındı.
2025-12-22 13:28:46 | INFO     | veri_cek | build_train_test_frames:504 | Merge bitti -> Train: (1886, 31), Test: (1722, 31)
2025-12-22 13:28:46 | INFO     | veri_cek | add_weather_features:149 | 2 hava durumu kolonu bulundu: ['windspeed_10m_max', 'windgusts_10m_max']...
2025-12-22 13:28:46 | INFO     | veri_cek | add_population_features:190 | 1 nüfus kolonu bulundu: ['Nufus_Sayisi']...
2025-12-22 13:28:47 | INFO     | veri_cek | add_weather_features:149 | 2 hava durumu kolonu bulundu: ['windspeed_10m_max', 'windgusts_10m_max']...
2025-12-22 13:28:47 | INFO     | veri_cek | add_population_features:190 | 1 nüfus kolonu bulundu: ['Nufus_Sayisi']...
2025-12-22 13:28:47 | INFO     | veri_cek | fetch_tables:455 | Tablolar cache'den alındı.
2025-12-22 13:28:47 | INFO     | veri_cek | build_train_test_frames:504 | Merge bitti -> Train: (1886, 31), Test: (1722, 31)
2025-12-22 13:28:47 | INFO     | veri_cek | add_weather_features:149 | 2 hava durumu kolonu bulundu: ['windspeed_10m_max', 'windgusts_10m_max']...
2025-12-22 13:28:47 | INFO     | veri_cek | add_population_features:190 | 1 nüfus kolonu bulundu: ['Nufus_Sayisi']...
2025-12-22 13:28:47 | INFO     | veri_cek | add_weather_features:149 | 2 hava durumu kolonu bulundu: ['windspeed_10m_max', 'windgusts_10m_max']...
2025-12-22 13:28:47 | INFO     | veri_cek | add_population_features:190 | 1 nüfus kolonu bulundu: ['Nufus_Sayisi']...
2025-12-22 13:28:47 | INFO     | redis_manager | get_cache:108 | Cache miss: anomaly:tarimsal:AMASYA:2022-02-02:2023-03-03:0.1 🚫
2025-12-22 13:28:47 | INFO     | veri_cek | fetch_tables:455 | Tablolar cache'den alındı.
2025-12-22 13:28:47 | INFO     | veri_cek | build_train_test_frames:504 | Merge bitti -> Train: (1886, 31), Test: (1722, 31)
2025-12-22 13:28:48 | INFO     | veri_cek | add_weather_features:149 | 2 hava durumu kolonu bulundu: ['windspeed_10m_max', 'windgusts_10m_max']...
2025-12-22 13:28:48 | INFO     | veri_cek | add_population_features:190 | 1 nüfus kolonu bulundu: ['Nufus_Sayisi']...
2025-12-22 13:28:48 | INFO     | veri_cek | add_weather_features:149 | 2 hava durumu kolonu bulundu: ['windspeed_10m_max', 'windgusts_10m_max']...
2025-12-22 13:28:48 | INFO     | veri_cek | add_population_features:190 | 1 nüfus kolonu bulundu: ['Nufus_Sayisi']...
2025-12-22 13:28:48 | INFO     | veri_cek | fetch_tables:455 | Tablolar cache'den alındı.
2025-12-22 13:28:48 | INFO     | veri_cek | build_train_test_frames:504 | Merge bitti -> Train: (1886, 31), Test: (1722, 31)
2025-12-22 13:28:48 | INFO     | veri_cek | add_weather_features:149 | 2 hava durumu kolonu bulundu: ['windspeed_10m_max', 'windgusts_10m_max']...
2025-12-22 13:28:48 | INFO     | veri_cek | add_population_features:190 | 1 nüfus kolonu bulundu: ['Nufus_Sayisi']...
2025-12-22 13:28:48 | INFO     | veri_cek | add_weather_features:149 | 2 hava durumu kolonu bulundu: ['windspeed_10m_max', 'windgusts_10m_max']...
2025-12-22 13:28:48 | INFO     | veri_cek | add_population_features:190 | 1 nüfus kolonu bulundu: ['Nufus_Sayisi']...
2025-12-22 13:28:48 | INFO     | redis_manager | get_cache:108 | Cache miss: anomaly:diger:AMASYA:2022-02-02:2023-03-03:0.1 🚫
2025-12-22 13:28:48 | INFO     | veri_cek | fetch_tables:455 | Tablolar cache'den alındı.
2025-12-22 13:28:48 | INFO     | veri_cek | build_train_test_frames:504 | Merge bitti -> Train: (1886, 31), Test: (1722, 31)
2025-12-22 13:28:49 | INFO     | veri_cek | add_weather_features:149 | 2 hava durumu kolonu bulundu: ['windspeed_10m_max', 'windgusts_10m_max']...
2025-12-22 13:28:49 | INFO     | veri_cek | add_population_features:190 | 1 nüfus kolonu bulundu: ['Nufus_Sayisi']...
2025-12-22 13:28:49 | INFO     | veri_cek | add_weather_features:149 | 2 hava durumu kolonu bulundu: ['windspeed_10m_max', 'windgusts_10m_max']...
2025-12-22 13:28:49 | INFO     | veri_cek | add_population_features:190 | 1 nüfus kolonu bulundu: ['Nufus_Sayisi']...
2025-12-22 13:28:49 | INFO     | veri_cek | fetch_tables:455 | Tablolar cache'den alındı.
2025-12-22 13:28:49 | INFO     | veri_cek | build_train_test_frames:504 | Merge bitti -> Train: (1886, 31), Test: (1722, 31)
2025-12-22 13:28:49 | INFO     | veri_cek | add_weather_features:149 | 2 hava durumu kolonu bulundu: ['windspeed_10m_max', 'windgusts_10m_max']...
2025-12-22 13:28:49 | INFO     | veri_cek | add_population_features:190 | 1 nüfus kolonu bulundu: ['Nufus_Sayisi']...
2025-12-22 13:28:49 | INFO     | veri_cek | add_weather_features:149 | 2 hava durumu kolonu bulundu: ['windspeed_10m_max', 'windgusts_10m_max']...
2025-12-22 13:28:49 | INFO     | veri_cek | add_population_features:190 | 1 nüfus kolonu bulundu: ['Nufus_Sayisi']...
2025-12-22 13:28:50 | INFO     | veri_cek | fetch_tables:455 | Tablolar cache'den alındı.
2025-12-22 13:28:50 | INFO     | veri_cek | build_train_test_frames:504 | Merge bitti -> Train: (1886, 31), Test: (1722, 31)
2025-12-22 13:28:50 | INFO     | veri_cek | add_weather_features:149 | 2 hava durumu kolonu bulundu: ['windspeed_10m_max', 'windgusts_10m_max']...
2025-12-22 13:28:50 | INFO     | veri_cek | add_population_features:190 | 1 nüfus kolonu bulundu: ['Nufus_Sayisi']...
2025-12-22 13:28:50 | INFO     | veri_cek | add_weather_features:149 | 2 hava durumu kolonu bulundu: ['windspeed_10m_max', 'windgusts_10m_max']...
2025-12-22 13:28:50 | INFO     | veri_cek | add_population_features:190 | 1 nüfus kolonu bulundu: ['Nufus_Sayisi']...
2025-12-22 13:28:50 | INFO     | veri_cek | fetch_tables:455 | Tablolar cache'den alındı.
2025-12-22 13:28:50 | INFO     | veri_cek | build_train_test_frames:504 | Merge bitti -> Train: (1886, 31), Test: (1722, 31)
2025-12-22 13:28:50 | INFO     | veri_cek | add_weather_features:149 | 2 hava durumu kolonu bulundu: ['windspeed_10m_max', 'windgusts_10m_max']...
2025-12-22 13:28:50 | INFO     | veri_cek | add_population_features:190 | 1 nüfus kolonu bulundu: ['Nufus_Sayisi']...
2025-12-22 13:28:51 | INFO     | veri_cek | add_weather_features:149 | 2 hava durumu kolonu bulundu: ['windspeed_10m_max', 'windgusts_10m_max']...
2025-12-22 13:28:51 | INFO     | veri_cek | add_population_features:190 | 1 nüfus kolonu bulundu: ['Nufus_Sayisi']...
2025-12-22 13:28:54 | INFO     | redis_manager | get_cache:108 | Cache miss: anomaly:genel:GIRESUN:2022-02-02:2023-03-03:0.1 🚫
2025-12-22 13:28:54 | INFO     | veri_cek | fetch_tables:455 | Tablolar cache'den alındı.
2025-12-22 13:28:54 | INFO     | veri_cek | build_train_test_frames:504 | Merge bitti -> Train: (1886, 31), Test: (1722, 31)
2025-12-22 13:28:54 | INFO     | veri_cek | add_weather_features:149 | 2 hava durumu kolonu bulundu: ['windspeed_10m_max', 'windgusts_10m_max']...
2025-12-22 13:28:54 | INFO     | veri_cek | add_population_features:190 | 1 nüfus kolonu bulundu: ['Nufus_Sayisi']...
2025-12-22 13:28:54 | INFO     | veri_cek | add_weather_features:149 | 2 hava durumu kolonu bulundu: ['windspeed_10m_max', 'windgusts_10m_max']...
2025-12-22 13:28:54 | INFO     | veri_cek | add_population_features:190 | 1 nüfus kolonu bulundu: ['Nufus_Sayisi']...
2025-12-22 13:28:55 | INFO     | veri_cek | fetch_tables:455 | Tablolar cache'den alındı.
2025-12-22 13:28:55 | INFO     | veri_cek | build_train_test_frames:504 | Merge bitti -> Train: (1886, 31), Test: (1722, 31)
2025-12-22 13:28:55 | INFO     | veri_cek | add_weather_features:149 | 2 hava durumu kolonu bulundu: ['windspeed_10m_max', 'windgusts_10m_max']...
2025-12-22 13:28:55 | INFO     | veri_cek | add_population_features:190 | 1 nüfus kolonu bulundu: ['Nufus_Sayisi']...
2025-12-22 13:28:55 | INFO     | veri_cek | add_weather_features:149 | 2 hava durumu kolonu bulundu: ['windspeed_10m_max', 'windgusts_10m_max']...
2025-12-22 13:28:55 | INFO     | veri_cek | add_population_features:190 | 1 nüfus kolonu bulundu: ['Nufus_Sayisi']...
2025-12-22 13:28:55 | INFO     | redis_manager | get_cache:108 | Cache miss: anomaly:mesken:GIRESUN:2022-02-02:2023-03-03:0.1 🚫
2025-12-22 13:28:55 | INFO     | veri_cek | fetch_tables:455 | Tablolar cache'den alındı.
2025-12-22 13:28:56 | INFO     | veri_cek | build_train_test_frames:504 | Merge bitti -> Train: (1886, 31), Test: (1722, 31)
2025-12-22 13:28:56 | INFO     | veri_cek | add_weather_features:149 | 2 hava durumu kolonu bulundu: ['windspeed_10m_max', 'windgusts_10m_max']...
2025-12-22 13:28:56 | INFO     | veri_cek | add_population_features:190 | 1 nüfus kolonu bulundu: ['Nufus_Sayisi']...
2025-12-22 13:28:56 | INFO     | veri_cek | add_weather_features:149 | 2 hava durumu kolonu bulundu: ['windspeed_10m_max', 'windgusts_10m_max']...
2025-12-22 13:28:56 | INFO     | veri_cek | add_population_features:190 | 1 nüfus kolonu bulundu: ['Nufus_Sayisi']...
2025-12-22 13:28:56 | INFO     | veri_cek | fetch_tables:455 | Tablolar cache'den alındı.
2025-12-22 13:28:56 | INFO     | veri_cek | build_train_test_frames:504 | Merge bitti -> Train: (1886, 31), Test: (1722, 31)
2025-12-22 13:28:56 | INFO     | veri_cek | add_weather_features:149 | 2 hava durumu kolonu bulundu: ['windspeed_10m_max', 'windgusts_10m_max']...
2025-12-22 13:28:57 | INFO     | veri_cek | add_population_features:190 | 1 nüfus kolonu bulundu: ['Nufus_Sayisi']...
2025-12-22 13:28:57 | INFO     | veri_cek | add_weather_features:149 | 2 hava durumu kolonu bulundu: ['windspeed_10m_max', 'windgusts_10m_max']...
2025-12-22 13:28:57 | INFO     | veri_cek | add_population_features:190 | 1 nüfus kolonu bulundu: ['Nufus_Sayisi']...
2025-12-22 13:28:57 | INFO     | redis_manager | get_cache:108 | Cache miss: anomaly:ticarethane:GIRESUN:2022-02-02:2023-03-03:0.1 🚫
2025-12-22 13:28:57 | INFO     | veri_cek | fetch_tables:455 | Tablolar cache'den alındı.
2025-12-22 13:28:57 | INFO     | veri_cek | build_train_test_frames:504 | Merge bitti -> Train: (1886, 31), Test: (1722, 31)
2025-12-22 13:28:57 | INFO     | veri_cek | add_weather_features:149 | 2 hava durumu kolonu bulundu: ['windspeed_10m_max', 'windgusts_10m_max']...
2025-12-22 13:28:57 | INFO     | veri_cek | add_population_features:190 | 1 nüfus kolonu bulundu: ['Nufus_Sayisi']...
2025-12-22 13:28:58 | INFO     | veri_cek | add_weather_features:149 | 2 hava durumu kolonu bulundu: ['windspeed_10m_max', 'windgusts_10m_max']...
2025-12-22 13:28:58 | INFO     | veri_cek | add_population_features:190 | 1 nüfus kolonu bulundu: ['Nufus_Sayisi']...
2025-12-22 13:28:58 | INFO     | veri_cek | fetch_tables:455 | Tablolar cache'den alındı.
2025-12-22 13:28:58 | INFO     | veri_cek | build_train_test_frames:504 | Merge bitti -> Train: (1886, 31), Test: (1722, 31)
2025-12-22 13:28:58 | INFO     | veri_cek | add_weather_features:149 | 2 hava durumu kolonu bulundu: ['windspeed_10m_max', 'windgusts_10m_max']...
2025-12-22 13:28:58 | INFO     | veri_cek | add_population_features:190 | 1 nüfus kolonu bulundu: ['Nufus_Sayisi']...
2025-12-22 13:28:58 | INFO     | veri_cek | add_weather_features:149 | 2 hava durumu kolonu bulundu: ['windspeed_10m_max', 'windgusts_10m_max']...
2025-12-22 13:28:58 | INFO     | veri_cek | add_population_features:190 | 1 nüfus kolonu bulundu: ['Nufus_Sayisi']...
2025-12-22 13:28:59 | INFO     | redis_manager | get_cache:108 | Cache miss: anomaly:sanayi:GIRESUN:2022-02-02:2023-03-03:0.1 🚫
2025-12-22 13:28:59 | INFO     | veri_cek | fetch_tables:455 | Tablolar cache'den alındı.
2025-12-22 13:28:59 | INFO     | veri_cek | build_train_test_frames:504 | Merge bitti -> Train: (1886, 31), Test: (1722, 31)
2025-12-22 13:28:59 | INFO     | veri_cek | add_weather_features:149 | 2 hava durumu kolonu bulundu: ['windspeed_10m_max', 'windgusts_10m_max']...
2025-12-22 13:28:59 | INFO     | veri_cek | add_population_features:190 | 1 nüfus kolonu bulundu: ['Nufus_Sayisi']...
2025-12-22 13:28:59 | INFO     | veri_cek | add_weather_features:149 | 2 hava durumu kolonu bulundu: ['windspeed_10m_max', 'windgusts_10m_max']...
2025-12-22 13:28:59 | INFO     | veri_cek | add_population_features:190 | 1 nüfus kolonu bulundu: ['Nufus_Sayisi']...
2025-12-22 13:28:59 | INFO     | veri_cek | fetch_tables:455 | Tablolar cache'den alındı.
2025-12-22 13:28:59 | INFO     | veri_cek | build_train_test_frames:504 | Merge bitti -> Train: (1886, 31), Test: (1722, 31)
2025-12-22 13:29:00 | INFO     | veri_cek | add_weather_features:149 | 2 hava durumu kolonu bulundu: ['windspeed_10m_max', 'windgusts_10m_max']...
2025-12-22 13:29:00 | INFO     | veri_cek | add_population_features:190 | 1 nüfus kolonu bulundu: ['Nufus_Sayisi']...
2025-12-22 13:29:00 | INFO     | veri_cek | add_weather_features:149 | 2 hava durumu kolonu bulundu: ['windspeed_10m_max', 'windgusts_10m_max']...
2025-12-22 13:29:00 | INFO     | veri_cek | add_population_features:190 | 1 nüfus kolonu bulundu: ['Nufus_Sayisi']...
2025-12-22 13:29:00 | INFO     | redis_manager | get_cache:108 | Cache miss: anomaly:aydinlatma:GIRESUN:2022-02-02:2023-03-03:0.1 🚫
2025-12-22 13:29:00 | INFO     | veri_cek | fetch_tables:455 | Tablolar cache'den alındı.
2025-12-22 13:29:00 | INFO     | veri_cek | build_train_test_frames:504 | Merge bitti -> Train: (1886, 31), Test: (1722, 31)
2025-12-22 13:29:00 | INFO     | veri_cek | add_weather_features:149 | 2 hava durumu kolonu bulundu: ['windspeed_10m_max', 'windgusts_10m_max']...
2025-12-22 13:29:00 | INFO     | veri_cek | add_population_features:190 | 1 nüfus kolonu bulundu: ['Nufus_Sayisi']...
2025-12-22 13:29:01 | INFO     | veri_cek | add_weather_features:149 | 2 hava durumu kolonu bulundu: ['windspeed_10m_max', 'windgusts_10m_max']...
2025-12-22 13:29:01 | INFO     | veri_cek | add_population_features:190 | 1 nüfus kolonu bulundu: ['Nufus_Sayisi']...
2025-12-22 13:29:01 | INFO     | veri_cek | fetch_tables:455 | Tablolar cache'den alındı.
2025-12-22 13:29:01 | INFO     | veri_cek | build_train_test_frames:504 | Merge bitti -> Train: (1886, 31), Test: (1722, 31)
2025-12-22 13:29:01 | INFO     | veri_cek | add_weather_features:149 | 2 hava durumu kolonu bulundu: ['windspeed_10m_max', 'windgusts_10m_max']...
2025-12-22 13:29:01 | INFO     | veri_cek | add_population_features:190 | 1 nüfus kolonu bulundu: ['Nufus_Sayisi']...
2025-12-22 13:29:01 | INFO     | veri_cek | add_weather_features:149 | 2 hava durumu kolonu bulundu: ['windspeed_10m_max', 'windgusts_10m_max']...
2025-12-22 13:29:01 | INFO     | veri_cek | add_population_features:190 | 1 nüfus kolonu bulundu: ['Nufus_Sayisi']...
2025-12-22 13:29:01 | INFO     | veri_cek | fetch_tables:455 | Tablolar cache'den alındı.
2025-12-22 13:29:01 | INFO     | redis_manager | get_cache:108 | Cache miss: anomaly:diger:GIRESUN:2022-02-02:2023-03-03:0.1 🚫
2025-12-22 13:29:01 | INFO     | veri_cek | fetch_tables:455 | Tablolar cache'den alındı.
2025-12-22 13:29:02 | INFO     | veri_cek | build_train_test_frames:504 | Merge bitti -> Train: (1886, 31), Test: (1722, 31)
2025-12-22 13:29:02 | INFO     | veri_cek | build_train_test_frames:504 | Merge bitti -> Train: (1886, 31), Test: (1722, 31)
2025-12-22 13:29:02 | INFO     | veri_cek | add_weather_features:149 | 2 hava durumu kolonu bulundu: ['windspeed_10m_max', 'windgusts_10m_max']...
2025-12-22 13:29:02 | INFO     | veri_cek | add_weather_features:149 | 2 hava durumu kolonu bulundu: ['windspeed_10m_max', 'windgusts_10m_max']...
2025-12-22 13:29:02 | INFO     | veri_cek | add_population_features:190 | 1 nüfus kolonu bulundu: ['Nufus_Sayisi']...
2025-12-22 13:29:02 | INFO     | veri_cek | add_population_features:190 | 1 nüfus kolonu bulundu: ['Nufus_Sayisi']...
2025-12-22 13:29:02 | INFO     | veri_cek | add_weather_features:149 | 2 hava durumu kolonu bulundu: ['windspeed_10m_max', 'windgusts_10m_max']...
2025-12-22 13:29:02 | INFO     | veri_cek | add_weather_features:149 | 2 hava durumu kolonu bulundu: ['windspeed_10m_max', 'windgusts_10m_max']...
2025-12-22 13:29:02 | INFO     | veri_cek | add_population_features:190 | 1 nüfus kolonu bulundu: ['Nufus_Sayisi']...
2025-12-22 13:29:02 | INFO     | veri_cek | add_population_features:190 | 1 nüfus kolonu bulundu: ['Nufus_Sayisi']...
2025-12-22 13:29:02 | INFO     | veri_cek | fetch_tables:455 | Tablolar cache'den alındı.
2025-12-22 13:29:02 | INFO     | veri_cek | fetch_tables:455 | Tablolar cache'den alındı.
2025-12-22 13:29:03 | INFO     | veri_cek | build_train_test_frames:504 | Merge bitti -> Train: (1886, 31), Test: (1722, 31)
2025-12-22 13:29:03 | INFO     | veri_cek | build_train_test_frames:504 | Merge bitti -> Train: (1886, 31), Test: (1722, 31)
2025-12-22 13:29:03 | INFO     | veri_cek | add_weather_features:149 | 2 hava durumu kolonu bulundu: ['windspeed_10m_max', 'windgusts_10m_max']...
2025-12-22 13:29:03 | INFO     | veri_cek | add_weather_features:149 | 2 hava durumu kolonu bulundu: ['windspeed_10m_max', 'windgusts_10m_max']...
2025-12-22 13:29:03 | INFO     | veri_cek | add_population_features:190 | 1 nüfus kolonu bulundu: ['Nufus_Sayisi']...
2025-12-22 13:29:03 | INFO     | veri_cek | add_population_features:190 | 1 nüfus kolonu bulundu: ['Nufus_Sayisi']...
2025-12-22 13:29:03 | INFO     | veri_cek | add_weather_features:149 | 2 hava durumu kolonu bulundu: ['windspeed_10m_max', 'windgusts_10m_max']...
2025-12-22 13:29:03 | INFO     | veri_cek | add_weather_features:149 | 2 hava durumu kolonu bulundu: ['windspeed_10m_max', 'windgusts_10m_max']...
2025-12-22 13:29:03 | INFO     | veri_cek | add_population_features:190 | 1 nüfus kolonu bulundu: ['Nufus_Sayisi']...
2025-12-22 13:29:03 | INFO     | veri_cek | add_population_features:190 | 1 nüfus kolonu bulundu: ['Nufus_Sayisi']...
2025-12-22 13:29:04 | INFO     | redis_manager | get_cache:108 | Cache miss: anomaly:tarimsal:GIRESUN:2022-02-02:2023-03-03:0.1 🚫
2025-12-22 13:29:04 | INFO     | veri_cek | fetch_tables:455 | Tablolar cache'den alındı.
2025-12-22 13:29:04 | INFO     | veri_cek | build_train_test_frames:504 | Merge bitti -> Train: (1886, 31), Test: (1722, 31)
2025-12-22 13:29:04 | INFO     | veri_cek | add_weather_features:149 | 2 hava durumu kolonu bulundu: ['windspeed_10m_max', 'windgusts_10m_max']...
2025-12-22 13:29:04 | INFO     | veri_cek | add_population_features:190 | 1 nüfus kolonu bulundu: ['Nufus_Sayisi']...
2025-12-22 13:29:04 | INFO     | veri_cek | add_weather_features:149 | 2 hava durumu kolonu bulundu: ['windspeed_10m_max', 'windgusts_10m_max']...
2025-12-22 13:29:04 | INFO     | veri_cek | add_population_features:190 | 1 nüfus kolonu bulundu: ['Nufus_Sayisi']...
2025-12-22 13:29:04 | INFO     | veri_cek | fetch_tables:455 | Tablolar cache'den alındı.
2025-12-22 13:29:05 | INFO     | veri_cek | build_train_test_frames:504 | Merge bitti -> Train: (1886, 31), Test: (1722, 31)
2025-12-22 13:29:05 | INFO     | veri_cek | add_weather_features:149 | 2 hava durumu kolonu bulundu: ['windspeed_10m_max', 'windgusts_10m_max']...
2025-12-22 13:29:05 | INFO     | veri_cek | add_population_features:190 | 1 nüfus kolonu bulundu: ['Nufus_Sayisi']...
2025-12-22 13:29:05 | INFO     | veri_cek | add_weather_features:149 | 2 hava durumu kolonu bulundu: ['windspeed_10m_max', 'windgusts_10m_max']...
2025-12-22 13:29:05 | INFO     | veri_cek | add_population_features:190 | 1 nüfus kolonu bulundu: ['Nufus_Sayisi']...
2025-12-22 13:29:05 | INFO     | redis_manager | get_cache:100 | Cache hit: anomaly:genel:AMASYA:2022-02-02:2023-03-03:0.1 ✅
2025-12-22 13:29:05 | INFO     | redis_manager | get_cache:100 | Cache hit: anomaly:mesken:AMASYA:2022-02-02:2023-03-03:0.1 ✅
2025-12-22 13:29:05 | INFO     | redis_manager | get_cache:100 | Cache hit: anomaly:ticarethane:AMASYA:2022-02-02:2023-03-03:0.1 ✅
2025-12-22 13:29:05 | INFO     | redis_manager | get_cache:100 | Cache hit: anomaly:sanayi:AMASYA:2022-02-02:2023-03-03:0.1 ✅
2025-12-22 13:29:05 | INFO     | redis_manager | get_cache:100 | Cache hit: anomaly:aydinlatma:AMASYA:2022-02-02:2023-03-03:0.1 ✅
2025-12-22 13:29:05 | INFO     | redis_manager | get_cache:100 | Cache hit: anomaly:tarimsal:AMASYA:2022-02-02:2023-03-03:0.1 ✅
2025-12-22 13:29:05 | INFO     | redis_manager | get_cache:100 | Cache hit: anomaly:diger:AMASYA:2022-02-02:2023-03-03:0.1 ✅
2025-12-22 13:29:05 | INFO     | veri_cek | fetch_tables:455 | Tablolar cache'den alındı.
2025-12-22 13:29:05 | INFO     | veri_cek | build_train_test_frames:504 | Merge bitti -> Train: (1886, 31), Test: (1722, 31)
2025-12-22 13:29:06 | INFO     | veri_cek | add_weather_features:149 | 2 hava durumu kolonu bulundu: ['windspeed_10m_max', 'windgusts_10m_max']...
2025-12-22 13:29:06 | INFO     | veri_cek | add_population_features:190 | 1 nüfus kolonu bulundu: ['Nufus_Sayisi']...
2025-12-22 13:29:06 | INFO     | veri_cek | add_weather_features:149 | 2 hava durumu kolonu bulundu: ['windspeed_10m_max', 'windgusts_10m_max']...
2025-12-22 13:29:06 | INFO     | veri_cek | add_population_features:190 | 1 nüfus kolonu bulundu: ['Nufus_Sayisi']...
2025-12-22 13:29:06 | INFO     | veri_cek | fetch_tables:455 | Tablolar cache'den alındı.
2025-12-22 13:29:06 | INFO     | veri_cek | build_train_test_frames:504 | Merge bitti -> Train: (1886, 31), Test: (1722, 31)
2025-12-22 13:29:06 | INFO     | veri_cek | add_weather_features:149 | 2 hava durumu kolonu bulundu: ['windspeed_10m_max', 'windgusts_10m_max']...
2025-12-22 13:29:06 | INFO     | veri_cek | add_population_features:190 | 1 nüfus kolonu bulundu: ['Nufus_Sayisi']...
2025-12-22 13:29:07 | INFO     | veri_cek | add_weather_features:149 | 2 hava durumu kolonu bulundu: ['windspeed_10m_max', 'windgusts_10m_max']...
2025-12-22 13:29:07 | INFO     | veri_cek | add_population_features:190 | 1 nüfus kolonu bulundu: ['Nufus_Sayisi']...
